[
  {
    "frame": 9851,
    "type": "server_correction",
    "id": "lOEIPf3VyNam75HkAAAL",
    "delta": 0.09881944444446193,
    "meta": {
      "action": "ignore_micro",
      "serverPos": {
        "x": 137.65115406319447,
        "y": 1,
        "z": -107.90099255055958
      },
      "replayPos": {
        "x": 137.65115406319447,
        "y": 1,
        "z": -107.90099255055958
      },
      "renderPos": {
        "x": 137.56622406756335,
        "y": 1,
        "z": -107.85047346067851
      },
      "pendingInputs": 5,
      "firstPendingFrame": 6182,
      "lastProcessedFrame": 6181
    },
    "timestamp": 274567.3999999985
  },
  {
    "frame": 9854,
    "type": "server_correction",
    "id": "lOEIPf3VyNam75HkAAAL",
    "delta": 0.09881944444446193,
    "meta": {
      "action": "ignore_micro",
      "serverPos": {
        "x": 137.65115406319447,
        "y": 1,
        "z": -107.90099255055958
      },
      "replayPos": {
        "x": 137.65115406319447,
        "y": 1,
        "z": -107.90099255055958
      },
      "renderPos": {
        "x": 137.56622406756335,
        "y": 1,
        "z": -107.85047346067851
      },
      "pendingInputs": 6,
      "firstPendingFrame": 6184,
      "lastProcessedFrame": 6183
    },
    "timestamp": 274690.09999999776
  },
  {
    "frame": 9857,
    "type": "server_correction",
    "id": "lOEIPf3VyNam75HkAAAL",
    "delta": 0.09881944444446193,
    "meta": {
      "action": "ignore_micro",
      "serverPos": {
        "x": 137.65115406319447,
        "y": 1,
        "z": -107.90099255055958
      },
      "replayPos": {
        "x": 137.65115406319447,
        "y": 1,
        "z": -107.90099255055958
      },
      "renderPos": {
        "x": 137.56622406756335,
        "y": 1,
        "z": -107.85047346067851
      },
      "pendingInputs": 5,
      "firstPendingFrame": 6186,
      "lastProcessedFrame": 6185
    },
    "timestamp": 274712.59999999776
  },
  {
    "frame": 9860,
    "type": "server_correction",
    "id": "lOEIPf3VyNam75HkAAAL",
    "delta": 0.09881944444446193,
    "meta": {
      "action": "ignore_micro",
      "serverPos": {
        "x": 137.65115406319447,
        "y": 1,
        "z": -107.90099255055958
      },
      "replayPos": {
        "x": 137.65115406319447,
        "y": 1,
        "z": -107.90099255055958
      },
      "renderPos": {
        "x": 137.56622406756335,
        "y": 1,
        "z": -107.85047346067851
      },
      "pendingInputs": 6,
      "firstPendingFrame": 6188,
      "lastProcessedFrame": 6187
    },
    "timestamp": 274846.69999999925
  },
  {
    "frame": 9863,
    "type": "server_correction",
    "id": "lOEIPf3VyNam75HkAAAL",
    "delta": 0.09881944444446193,
    "meta": {
      "action": "ignore_micro",
      "serverPos": {
        "x": 137.65115406319447,
        "y": 1,
        "z": -107.90099255055958
      },
      "replayPos": {
        "x": 137.65115406319447,
        "y": 1,
        "z": -107.90099255055958
      },
      "renderPos": {
        "x": 137.56622406756335,
        "y": 1,
        "z": -107.85047346067851
      },
      "pendingInputs": 5,
      "firstPendingFrame": 6189,
      "lastProcessedFrame": 6188
    },
    "timestamp": 274846.8999999985
  },
  {
    "frame": 9866,
    "type": "server_correction",
    "id": "lOEIPf3VyNam75HkAAAL",
    "delta": 0.09881944444446193,
    "meta": {
      "action": "ignore_micro",
      "serverPos": {
        "x": 137.65115406319447,
        "y": 1,
        "z": -107.90099255055958
      },
      "replayPos": {
        "x": 137.65115406319447,
        "y": 1,
        "z": -107.90099255055958
      },
      "renderPos": {
        "x": 137.56622406756335,
        "y": 1,
        "z": -107.85047346067851
      },
      "pendingInputs": 5,
      "firstPendingFrame": 6192,
      "lastProcessedFrame": 6191
    },
    "timestamp": 275003.799999997
  },
  {
    "frame": 9872,
    "type": "server_correction",
    "id": "lOEIPf3VyNam75HkAAAL",
    "delta": 0.09881944444446193,
    "meta": {
      "action": "ignore_micro",
      "serverPos": {
        "x": 137.65115406319447,
        "y": 1,
        "z": -107.90099255055958
      },
      "replayPos": {
        "x": 137.65115406319447,
        "y": 1,
        "z": -107.90099255055958
      },
      "renderPos": {
        "x": 137.56622406756335,
        "y": 1,
        "z": -107.85047346067851
      },
      "pendingInputs": 5,
      "firstPendingFrame": 6194,
      "lastProcessedFrame": 6193
    },
    "timestamp": 275078
  },
  {
    "frame": 9874,
    "type": "server_correction",
    "id": "lOEIPf3VyNam75HkAAAL",
    "delta": 0.09881944444446193,
    "meta": {
      "action": "ignore_micro",
      "serverPos": {
        "x": 137.65115406319447,
        "y": 1,
        "z": -107.90099255055958
      },
      "replayPos": {
        "x": 137.65115406319447,
        "y": 1,
        "z": -107.90099255055958
      },
      "renderPos": {
        "x": 137.56622406756335,
        "y": 1,
        "z": -107.85047346067851
      },
      "pendingInputs": 4,
      "firstPendingFrame": 6195,
      "lastProcessedFrame": 6194
    },
    "timestamp": 275078
  },
  {
    "frame": 9877,
    "type": "server_correction",
    "id": "lOEIPf3VyNam75HkAAAL",
    "delta": 0.09881944444446193,
    "meta": {
      "action": "ignore_micro",
      "serverPos": {
        "x": 137.65115406319447,
        "y": 1,
        "z": -107.90099255055958
      },
      "replayPos": {
        "x": 137.65115406319447,
        "y": 1,
        "z": -107.90099255055958
      },
      "renderPos": {
        "x": 137.56622406756335,
        "y": 1,
        "z": -107.85047346067851
      },
      "pendingInputs": 3,
      "firstPendingFrame": 6197,
      "lastProcessedFrame": 6196
    },
    "timestamp": 275171.3999999985
  },
  {
    "frame": 9880,
    "type": "server_correction",
    "id": "lOEIPf3VyNam75HkAAAL",
    "delta": 0.09881944444446193,
    "meta": {
      "action": "ignore_micro",
      "serverPos": {
        "x": 137.65115406319447,
        "y": 1,
        "z": -107.90099255055958
      },
      "replayPos": {
        "x": 137.65115406319447,
        "y": 1,
        "z": -107.90099255055958
      },
      "renderPos": {
        "x": 137.56622406756335,
        "y": 1,
        "z": -107.85047346067851
      },
      "pendingInputs": 4,
      "firstPendingFrame": 6198,
      "lastProcessedFrame": 6197
    },
    "timestamp": 275290.799999997
  },
  {
    "frame": 9883,
    "type": "server_correction",
    "id": "lOEIPf3VyNam75HkAAAL",
    "delta": 0.09881944444446193,
    "meta": {
      "action": "ignore_micro",
      "serverPos": {
        "x": 137.65115406319447,
        "y": 1,
        "z": -107.90099255055958
      },
      "replayPos": {
        "x": 137.65115406319447,
        "y": 1,
        "z": -107.90099255055958
      },
      "renderPos": {
        "x": 137.56622406756335,
        "y": 1,
        "z": -107.85047346067851
      },
      "pendingInputs": 4,
      "firstPendingFrame": 6199,
      "lastProcessedFrame": 6198
    },
    "timestamp": 275314.59999999776
  },
  {
    "frame": 9886,
    "type": "server_correction",
    "id": "lOEIPf3VyNam75HkAAAL",
    "delta": 0.09881944444446193,
    "meta": {
      "action": "ignore_micro",
      "serverPos": {
        "x": 137.65115406319447,
        "y": 1,
        "z": -107.90099255055958
      },
      "replayPos": {
        "x": 137.65115406319447,
        "y": 1,
        "z": -107.90099255055958
      },
      "renderPos": {
        "x": 137.56622406756335,
        "y": 1,
        "z": -107.85047346067851
      },
      "pendingInputs": 3,
      "firstPendingFrame": 6201,
      "lastProcessedFrame": 6200
    },
    "timestamp": 275350.69999999925
  },
  {
    "frame": 9892,
    "type": "server_correction",
    "id": "lOEIPf3VyNam75HkAAAL",
    "delta": 0.09881944444446193,
    "meta": {
      "action": "ignore_micro",
      "serverPos": {
        "x": 137.65115406319447,
        "y": 1,
        "z": -107.90099255055958
      },
      "replayPos": {
        "x": 137.65115406319447,
        "y": 1,
        "z": -107.90099255055958
      },
      "renderPos": {
        "x": 137.56622406756335,
        "y": 1,
        "z": -107.85047346067851
      },
      "pendingInputs": 4,
      "firstPendingFrame": 6202,
      "lastProcessedFrame": 6201
    },
    "timestamp": 275549.09999999776
  },
  {
    "frame": 9895,
    "type": "server_correction",
    "id": "lOEIPf3VyNam75HkAAAL",
    "delta": 0.09881944444446193,
    "meta": {
      "action": "ignore_micro",
      "serverPos": {
        "x": 137.65115406319447,
        "y": 1,
        "z": -107.90099255055958
      },
      "replayPos": {
        "x": 137.65115406319447,
        "y": 1,
        "z": -107.90099255055958
      },
      "renderPos": {
        "x": 137.56622406756335,
        "y": 1,
        "z": -107.85047346067851
      },
      "pendingInputs": 2,
      "firstPendingFrame": 6204,
      "lastProcessedFrame": 6203
    },
    "timestamp": 275549.799999997
  },
  {
    "frame": 9901,
    "type": "server_correction",
    "id": "lOEIPf3VyNam75HkAAAL",
    "delta": 0.09881944444446193,
    "meta": {
      "action": "ignore_micro",
      "serverPos": {
        "x": 137.65115406319447,
        "y": 1,
        "z": -107.90099255055958
      },
      "replayPos": {
        "x": 137.65115406319447,
        "y": 1,
        "z": -107.90099255055958
      },
      "renderPos": {
        "x": 137.56622406756335,
        "y": 1,
        "z": -107.85047346067851
      },
      "pendingInputs": 3,
      "firstPendingFrame": 6205,
      "lastProcessedFrame": 6204
    },
    "timestamp": 275689.799999997
  },
  {
    "frame": 9904,
    "type": "server_correction",
    "id": "lOEIPf3VyNam75HkAAAL",
    "delta": 0.09881944444446193,
    "meta": {
      "action": "ignore_micro",
      "serverPos": {
        "x": 137.65115406319447,
        "y": 1,
        "z": -107.90099255055958
      },
      "replayPos": {
        "x": 137.65115406319447,
        "y": 1,
        "z": -107.90099255055958
      },
      "renderPos": {
        "x": 137.56622406756335,
        "y": 1,
        "z": -107.85047346067851
      },
      "pendingInputs": 3,
      "firstPendingFrame": 6206,
      "lastProcessedFrame": 6205
    },
    "timestamp": 275710.5
  },
  {
    "frame": 9910,
    "type": "server_correction",
    "id": "lOEIPf3VyNam75HkAAAL",
    "delta": 0.09881944444446193,
    "meta": {
      "action": "ignore_micro",
      "serverPos": {
        "x": 137.65115406319447,
        "y": 1,
        "z": -107.90099255055958
      },
      "replayPos": {
        "x": 137.65115406319447,
        "y": 1,
        "z": -107.90099255055958
      },
      "renderPos": {
        "x": 137.56622406756335,
        "y": 1,
        "z": -107.85047346067851
      },
      "pendingInputs": 3,
      "firstPendingFrame": 6207,
      "lastProcessedFrame": 6206
    },
    "timestamp": 275820.799999997
  },
  {
    "frame": 9913,
    "type": "server_correction",
    "id": "lOEIPf3VyNam75HkAAAL",
    "delta": 0.09881944444446193,
    "meta": {
      "action": "ignore_micro",
      "serverPos": {
        "x": 137.65115406319447,
        "y": 1,
        "z": -107.90099255055958
      },
      "replayPos": {
        "x": 137.65115406319447,
        "y": 1,
        "z": -107.90099255055958
      },
      "renderPos": {
        "x": 137.56622406756335,
        "y": 1,
        "z": -107.85047346067851
      },
      "pendingInputs": 3,
      "firstPendingFrame": 6209,
      "lastProcessedFrame": 6208
    },
    "timestamp": 275929.59999999776
  },
  {
    "frame": 9919,
    "type": "server_correction",
    "id": "lOEIPf3VyNam75HkAAAL",
    "delta": 0.09881944444446193,
    "meta": {
      "action": "ignore_micro",
      "serverPos": {
        "x": 137.65115406319447,
        "y": 1,
        "z": -107.90099255055958
      },
      "replayPos": {
        "x": 137.65115406319447,
        "y": 1,
        "z": -107.90099255055958
      },
      "renderPos": {
        "x": 137.56622406756335,
        "y": 1,
        "z": -107.85047346067851
      },
      "pendingInputs": 5,
      "firstPendingFrame": 6210,
      "lastProcessedFrame": 6209
    },
    "timestamp": 276113.3999999985
  },
  {
    "frame": 9921,
    "type": "server_correction",
    "id": "lOEIPf3VyNam75HkAAAL",
    "delta": 0.09881944444446193,
    "meta": {
      "action": "ignore_micro",
      "serverPos": {
        "x": 137.65115406319447,
        "y": 1,
        "z": -107.90099255055958
      },
      "replayPos": {
        "x": 137.65115406319447,
        "y": 1,
        "z": -107.90099255055958
      },
      "renderPos": {
        "x": 137.56622406756335,
        "y": 1,
        "z": -107.85047346067851
      },
      "pendingInputs": 5,
      "firstPendingFrame": 6211,
      "lastProcessedFrame": 6210
    },
    "timestamp": 276129.3999999985
  },
  {
    "frame": 9924,
    "type": "server_correction",
    "id": "lOEIPf3VyNam75HkAAAL",
    "delta": 0.09881944444446193,
    "meta": {
      "action": "ignore_micro",
      "serverPos": {
        "x": 137.65115406319447,
        "y": 1,
        "z": -107.90099255055958
      },
      "replayPos": {
        "x": 137.65115406319447,
        "y": 1,
        "z": -107.90099255055958
      },
      "renderPos": {
        "x": 137.56622406756335,
        "y": 1,
        "z": -107.85047346067851
      },
      "pendingInputs": 4,
      "firstPendingFrame": 6212,
      "lastProcessedFrame": 6211
    },
    "timestamp": 276129.799999997
  }
]