[
  {
    "frame": 58768,
    "type": "server_correction",
    "id": "cZlXqWye06cOMXfwAAAD",
    "delta": 0.04160186767578268,
    "meta": {
      "action": "ignore_micro",
      "serverPos": {
        "x": 76.92120285210022,
        "y": 1,
        "z": -150.59812649962868
      },
      "replayPos": {
        "x": 76.92120285210022,
        "y": 1,
        "z": -150.59812649962868
      },
      "renderPos": {
        "x": 76.92954919854076,
        "y": 1,
        "z": -150.5573704706856
      },
      "pendingInputs": 4,
      "firstPendingFrame": 5112,
      "lastProcessedFrame": 5111
    },
    "timestamp": 1558441
  },
  {
    "frame": 58771,
    "type": "server_correction",
    "id": "cZlXqWye06cOMXfwAAAD",
    "delta": 0.04160186767578268,
    "meta": {
      "action": "ignore_micro",
      "serverPos": {
        "x": 76.92120285210022,
        "y": 1,
        "z": -150.59812649962868
      },
      "replayPos": {
        "x": 76.92120285210022,
        "y": 1,
        "z": -150.59812649962868
      },
      "renderPos": {
        "x": 76.92954919854076,
        "y": 1,
        "z": -150.5573704706856
      },
      "pendingInputs": 4,
      "firstPendingFrame": 5114,
      "lastProcessedFrame": 5113
    },
    "timestamp": 1558513.5999999978
  },
  {
    "frame": 58773,
    "type": "server_correction",
    "id": "cZlXqWye06cOMXfwAAAD",
    "delta": 0.04160186767578268,
    "meta": {
      "action": "ignore_micro",
      "serverPos": {
        "x": 76.92120285210022,
        "y": 1,
        "z": -150.59812649962868
      },
      "replayPos": {
        "x": 76.92120285210022,
        "y": 1,
        "z": -150.59812649962868
      },
      "renderPos": {
        "x": 76.92954919854076,
        "y": 1,
        "z": -150.5573704706856
      },
      "pendingInputs": 5,
      "firstPendingFrame": 5115,
      "lastProcessedFrame": 5114
    },
    "timestamp": 1558574.5
  },
  {
    "frame": 58776,
    "type": "server_correction",
    "id": "cZlXqWye06cOMXfwAAAD",
    "delta": 0.04160186767578268,
    "meta": {
      "action": "ignore_micro",
      "serverPos": {
        "x": 76.92120285210022,
        "y": 1,
        "z": -150.59812649962868
      },
      "replayPos": {
        "x": 76.92120285210022,
        "y": 1,
        "z": -150.59812649962868
      },
      "renderPos": {
        "x": 76.92954919854076,
        "y": 1,
        "z": -150.5573704706856
      },
      "pendingInputs": 4,
      "firstPendingFrame": 5118,
      "lastProcessedFrame": 5117
    },
    "timestamp": 1558637.5999999978
  },
  {
    "frame": 58779,
    "type": "server_correction",
    "id": "cZlXqWye06cOMXfwAAAD",
    "delta": 0.04160186767578268,
    "meta": {
      "action": "ignore_micro",
      "serverPos": {
        "x": 76.92120285210022,
        "y": 1,
        "z": -150.59812649962868
      },
      "replayPos": {
        "x": 76.92120285210022,
        "y": 1,
        "z": -150.59812649962868
      },
      "renderPos": {
        "x": 76.92954919854076,
        "y": 1,
        "z": -150.5573704706856
      },
      "pendingInputs": 5,
      "firstPendingFrame": 5120,
      "lastProcessedFrame": 5119
    },
    "timestamp": 1558713.5
  },
  {
    "frame": 58781,
    "type": "server_correction",
    "id": "cZlXqWye06cOMXfwAAAD",
    "delta": 0.04160186767578268,
    "meta": {
      "action": "ignore_micro",
      "serverPos": {
        "x": 76.92120285210022,
        "y": 1,
        "z": -150.59812649962868
      },
      "replayPos": {
        "x": 76.92120285210022,
        "y": 1,
        "z": -150.59812649962868
      },
      "renderPos": {
        "x": 76.92954919854076,
        "y": 1,
        "z": -150.5573704706856
      },
      "pendingInputs": 4,
      "firstPendingFrame": 5122,
      "lastProcessedFrame": 5121
    },
    "timestamp": 1558776.1999999993
  },
  {
    "frame": 58784,
    "type": "server_correction",
    "id": "cZlXqWye06cOMXfwAAAD",
    "delta": 0.04160186767578268,
    "meta": {
      "action": "ignore_micro",
      "serverPos": {
        "x": 76.92120285210022,
        "y": 1,
        "z": -150.59812649962868
      },
      "replayPos": {
        "x": 76.92120285210022,
        "y": 1,
        "z": -150.59812649962868
      },
      "renderPos": {
        "x": 76.92954919854076,
        "y": 1,
        "z": -150.5573704706856
      },
      "pendingInputs": 5,
      "firstPendingFrame": 5124,
      "lastProcessedFrame": 5123
    },
    "timestamp": 1558839.1999999993
  },
  {
    "frame": 58787,
    "type": "server_correction",
    "id": "cZlXqWye06cOMXfwAAAD",
    "delta": 0.04160186767578268,
    "meta": {
      "action": "ignore_micro",
      "serverPos": {
        "x": 76.92120285210022,
        "y": 1,
        "z": -150.59812649962868
      },
      "replayPos": {
        "x": 76.92120285210022,
        "y": 1,
        "z": -150.59812649962868
      },
      "renderPos": {
        "x": 76.92954919854076,
        "y": 1,
        "z": -150.5573704706856
      },
      "pendingInputs": 5,
      "firstPendingFrame": 5126,
      "lastProcessedFrame": 5125
    },
    "timestamp": 1558900.6999999993
  },
  {
    "frame": 58790,
    "type": "server_correction",
    "id": "cZlXqWye06cOMXfwAAAD",
    "delta": 0.04160186767578268,
    "meta": {
      "action": "ignore_micro",
      "serverPos": {
        "x": 76.92120285210022,
        "y": 1,
        "z": -150.59812649962868
      },
      "replayPos": {
        "x": 76.92120285210022,
        "y": 1,
        "z": -150.59812649962868
      },
      "renderPos": {
        "x": 76.92954919854076,
        "y": 1,
        "z": -150.5573704706856
      },
      "pendingInputs": 4,
      "firstPendingFrame": 5129,
      "lastProcessedFrame": 5128
    },
    "timestamp": 1558964.3999999985
  },
  {
    "frame": 58793,
    "type": "server_correction",
    "id": "cZlXqWye06cOMXfwAAAD",
    "delta": 0.04160186767578268,
    "meta": {
      "action": "ignore_micro",
      "serverPos": {
        "x": 76.92120285210022,
        "y": 1,
        "z": -150.59812649962868
      },
      "replayPos": {
        "x": 76.92120285210022,
        "y": 1,
        "z": -150.59812649962868
      },
      "renderPos": {
        "x": 76.92954919854076,
        "y": 1,
        "z": -150.5573704706856
      },
      "pendingInputs": 4,
      "firstPendingFrame": 5131,
      "lastProcessedFrame": 5130
    },
    "timestamp": 1559024.5
  },
  {
    "frame": 58796,
    "type": "server_correction",
    "id": "cZlXqWye06cOMXfwAAAD",
    "delta": 0.04160186767578268,
    "meta": {
      "action": "ignore_micro",
      "serverPos": {
        "x": 76.92120285210022,
        "y": 1,
        "z": -150.59812649962868
      },
      "replayPos": {
        "x": 76.92120285210022,
        "y": 1,
        "z": -150.59812649962868
      },
      "renderPos": {
        "x": 76.92954919854076,
        "y": 1,
        "z": -150.5573704706856
      },
      "pendingInputs": 4,
      "firstPendingFrame": 5133,
      "lastProcessedFrame": 5132
    },
    "timestamp": 1559095.0999999978
  },
  {
    "frame": 58799,
    "type": "server_correction",
    "id": "cZlXqWye06cOMXfwAAAD",
    "delta": 0.04160186767578268,
    "meta": {
      "action": "ignore_micro",
      "serverPos": {
        "x": 76.92120285210022,
        "y": 1,
        "z": -150.59812649962868
      },
      "replayPos": {
        "x": 76.92120285210022,
        "y": 1,
        "z": -150.59812649962868
      },
      "renderPos": {
        "x": 76.92954919854076,
        "y": 1,
        "z": -150.5573704706856
      },
      "pendingInputs": 5,
      "firstPendingFrame": 5135,
      "lastProcessedFrame": 5134
    },
    "timestamp": 1559160.5
  },
  {
    "frame": 58802,
    "type": "server_correction",
    "id": "cZlXqWye06cOMXfwAAAD",
    "delta": 0.04160186767578268,
    "meta": {
      "action": "ignore_micro",
      "serverPos": {
        "x": 76.92120285210022,
        "y": 1,
        "z": -150.59812649962868
      },
      "replayPos": {
        "x": 76.92120285210022,
        "y": 1,
        "z": -150.59812649962868
      },
      "renderPos": {
        "x": 76.92954919854076,
        "y": 1,
        "z": -150.5573704706856
      },
      "pendingInputs": 5,
      "firstPendingFrame": 5137,
      "lastProcessedFrame": 5136
    },
    "timestamp": 1559226.5
  },
  {
    "frame": 58805,
    "type": "server_correction",
    "id": "cZlXqWye06cOMXfwAAAD",
    "delta": 0.04160186767578268,
    "meta": {
      "action": "ignore_micro",
      "serverPos": {
        "x": 76.92120285210022,
        "y": 1,
        "z": -150.59812649962868
      },
      "replayPos": {
        "x": 76.92120285210022,
        "y": 1,
        "z": -150.59812649962868
      },
      "renderPos": {
        "x": 76.92954919854076,
        "y": 1,
        "z": -150.5573704706856
      },
      "pendingInputs": 4,
      "firstPendingFrame": 5140,
      "lastProcessedFrame": 5139
    },
    "timestamp": 1559288.5
  },
  {
    "frame": 58808,
    "type": "server_correction",
    "id": "cZlXqWye06cOMXfwAAAD",
    "delta": 0.04160186767578268,
    "meta": {
      "action": "ignore_micro",
      "serverPos": {
        "x": 76.92120285210022,
        "y": 1,
        "z": -150.59812649962868
      },
      "replayPos": {
        "x": 76.92120285210022,
        "y": 1,
        "z": -150.59812649962868
      },
      "renderPos": {
        "x": 76.92954919854076,
        "y": 1,
        "z": -150.5573704706856
      },
      "pendingInputs": 4,
      "firstPendingFrame": 5141,
      "lastProcessedFrame": 5140
    },
    "timestamp": 1559401.3999999985
  },
  {
    "frame": 58811,
    "type": "server_correction",
    "id": "cZlXqWye06cOMXfwAAAD",
    "delta": 0.04160186767578268,
    "meta": {
      "action": "ignore_micro",
      "serverPos": {
        "x": 76.92120285210022,
        "y": 1,
        "z": -150.59812649962868
      },
      "replayPos": {
        "x": 76.87104677193595,
        "y": 1,
        "z": -150.84304356237146
      },
      "renderPos": {
        "x": 76.87939311837648,
        "y": 1,
        "z": -150.8022875334284
      },
      "pendingInputs": 3,
      "firstPendingFrame": 5143,
      "lastProcessedFrame": 5142
    },
    "timestamp": 1559421.5999999978
  },
  {
    "frame": 58814,
    "type": "server_correction",
    "id": "cZlXqWye06cOMXfwAAAD",
    "delta": 0.04160186767578268,
    "meta": {
      "action": "ignore_micro",
      "serverPos": {
        "x": 76.92120285210022,
        "y": 1,
        "z": -150.59812649962868
      },
      "replayPos": {
        "x": 76.41964205045751,
        "y": 1,
        "z": -153.04729712705654
      },
      "renderPos": {
        "x": 76.42798839689804,
        "y": 1,
        "z": -153.00654109811347
      },
      "pendingInputs": 4,
      "firstPendingFrame": 5145,
      "lastProcessedFrame": 5144
    },
    "timestamp": 1559482.3000000007
  },
  {
    "frame": 58817,
    "type": "server_correction",
    "id": "cZlXqWye06cOMXfwAAAD",
    "delta": 1.243120354546392,
    "meta": {
      "action": "smooth",
      "serverPos": {
        "x": 76.91980962765122,
        "y": 1,
        "z": -150.60492975137154
      },
      "replayPos": {
        "x": 76.1256716917169,
        "y": 1,
        "z": -154.48278324479904
      },
      "oldRenderPos": {
        "x": 75.87627151509106,
        "y": 1,
        "z": -155.70062878828415
      },
      "newRenderPos": {
        "x": 76.00097160340398,
        "y": 1,
        "z": -155.0917060165416
      },
      "pendingInputs": 5,
      "firstPendingFrame": 5146,
      "lastProcessedFrame": 5145
    },
    "timestamp": 1559537.0999999978
  },
  {
    "frame": 58820,
    "type": "server_correction",
    "id": "cZlXqWye06cOMXfwAAAD",
    "delta": 4.482671288384281,
    "meta": {
      "action": "hard_snap",
      "serverPos": {
        "x": 76.90030448536511,
        "y": 1,
        "z": -150.7001752757715
      },
      "replayPos": {
        "x": 76.23155674984152,
        "y": 1,
        "z": -153.96573611234206
      },
      "renderPos": {
        "x": 75.33222386788036,
        "y": 1,
        "z": -158.3572668531121
      },
      "pendingInputs": 4,
      "firstPendingFrame": 5149,
      "lastProcessedFrame": 5148
    },
    "timestamp": 1559614.1999999993
  },
  {
    "frame": 58823,
    "type": "server_correction",
    "id": "cZlXqWye06cOMXfwAAAD",
    "delta": 3.6666666666667145,
    "meta": {
      "action": "hard_snap",
      "serverPos": {
        "x": 76.85850775189489,
        "y": 1,
        "z": -150.90427282805717
      },
      "replayPos": {
        "x": 76.33186891017004,
        "y": 1,
        "z": -153.47590198685643
      },
      "renderPos": {
        "x": 75.59624640109409,
        "y": 1,
        "z": -157.06801890708405
      },
      "pendingInputs": 3,
      "firstPendingFrame": 5152,
      "lastProcessedFrame": 5151
    },
    "timestamp": 1559684.6999999993
  },
  {
    "frame": 58826,
    "type": "server_correction",
    "id": "cZlXqWye06cOMXfwAAAD",
    "delta": 0.8958333333333565,
    "meta": {
      "action": "smooth",
      "serverPos": {
        "x": 76.81253134507764,
        "y": 1,
        "z": -151.1287801355714
      },
      "replayPos": {
        "x": 75.90972190212076,
        "y": 1,
        "z": -155.53728726494157
      },
      "oldRenderPos": {
        "x": 75.72999594819879,
        "y": 1,
        "z": -156.41490673976992
      },
      "newRenderPos": {
        "x": 75.81985892515978,
        "y": 1,
        "z": -155.97609700235574
      },
      "pendingInputs": 4,
      "firstPendingFrame": 5153,
      "lastProcessedFrame": 5152
    },
    "timestamp": 1559738.3000000007
  },
  {
    "frame": 58829,
    "type": "server_correction",
    "id": "cZlXqWye06cOMXfwAAAD",
    "delta": 3.0312500000000004,
    "meta": {
      "action": "hard_snap",
      "serverPos": {
        "x": 76.75401591821932,
        "y": 1,
        "z": -151.41451670877132
      },
      "replayPos": {
        "x": 76.1431148618185,
        "y": 1,
        "z": -154.39760653297847
      },
      "renderPos": {
        "x": 75.53497238982672,
        "y": 1,
        "z": -157.3672259187348
      },
      "pendingInputs": 3,
      "firstPendingFrame": 5155,
      "lastProcessedFrame": 5154
    },
    "timestamp": 1559825.3999999985
  },
  {
    "frame": 58832,
    "type": "server_correction",
    "id": "cZlXqWye06cOMXfwAAAD",
    "delta": 2.770833333333308,
    "meta": {
      "action": "hard_snap",
      "serverPos": {
        "x": 76.68296147131994,
        "y": 1,
        "z": -151.76148254765693
      },
      "replayPos": {
        "x": 76.32785642375691,
        "y": 1,
        "z": -153.4954953518759
      },
      "renderPos": {
        "x": 75.7719598686029,
        "y": 1,
        "z": -156.2099927972751
      },
      "pendingInputs": 3,
      "firstPendingFrame": 5157,
      "lastProcessedFrame": 5156
    },
    "timestamp": 1559878.8999999985
  },
  {
    "frame": 58834,
    "type": "server_correction",
    "id": "cZlXqWye06cOMXfwAAAD",
    "delta": 0.025000000000009723,
    "meta": {
      "action": "ignore_micro",
      "serverPos": {
        "x": 76.63046477408135,
        "y": 1,
        "z": -152.01782907332773
      },
      "replayPos": {
        "x": 76.16635384562797,
        "y": 1,
        "z": -154.28412829390768
      },
      "renderPos": {
        "x": 76.17136945364439,
        "y": 1,
        "z": -154.2596365876334
      },
      "pendingInputs": 4,
      "firstPendingFrame": 5158,
      "lastProcessedFrame": 5157
    },
    "timestamp": 1559934.5
  },
  {
    "frame": 58836,
    "type": "server_correction",
    "id": "cZlXqWye06cOMXfwAAAD",
    "delta": 0.06277777777777782,
    "meta": {
      "action": "ignore_micro",
      "serverPos": {
        "x": 76.57975140413748,
        "y": 1,
        "z": -152.26546743676766
      },
      "replayPos": {
        "x": 76.06648751712311,
        "y": 1,
        "z": -154.77178537883555
      },
      "renderPos": {
        "x": 76.07908226614212,
        "y": 1,
        "z": -154.71028398308013
      },
      "pendingInputs": 5,
      "firstPendingFrame": 5159,
      "lastProcessedFrame": 5158
    },
    "timestamp": 1559988.6999999993
  },
  {
    "frame": 58839,
    "type": "server_correction",
    "id": "cZlXqWye06cOMXfwAAAD",
    "delta": 0.19638888888892758,
    "meta": {
      "action": "smooth",
      "serverPos": {
        "x": 76.50702508789931,
        "y": 1,
        "z": -152.62059717774468
      },
      "replayPos": {
        "x": 76.09641397828781,
        "y": 1,
        "z": -154.62565153139897
      },
      "oldRenderPos": {
        "x": 76.05701359086984,
        "y": 1,
        "z": -154.81804749068695
      },
      "newRenderPos": {
        "x": 76.07671378457883,
        "y": 1,
        "z": -154.72184951104296
      },
      "pendingInputs": 4,
      "firstPendingFrame": 5161,
      "lastProcessedFrame": 5160
    },
    "timestamp": 1560052.5999999978
  },
  {
    "frame": 58842,
    "type": "server_correction",
    "id": "cZlXqWye06cOMXfwAAAD",
    "delta": 0.3390277777777807,
    "meta": {
      "action": "smooth",
      "serverPos": {
        "x": 76.43831125807425,
        "y": 1,
        "z": -152.9561335537023
      },
      "replayPos": {
        "x": 76.0052970993227,
        "y": 1,
        "z": -155.0705841953817
      },
      "oldRenderPos": {
        "x": 75.93727988172216,
        "y": 1,
        "z": -155.4027189454679
      },
      "newRenderPos": {
        "x": 75.97128849052243,
        "y": 1,
        "z": -155.2366515704248
      },
      "pendingInputs": 5,
      "firstPendingFrame": 5163,
      "lastProcessedFrame": 5162
    },
    "timestamp": 1560113.6999999993
  },
  {
    "frame": 58845,
    "type": "server_correction",
    "id": "cZlXqWye06cOMXfwAAAD",
    "delta": 0.3503472222222167,
    "meta": {
      "action": "smooth",
      "serverPos": {
        "x": 76.37360991466232,
        "y": 1,
        "z": -153.2720765646405
      },
      "replayPos": {
        "x": 75.98072062004222,
        "y": 1,
        "z": -155.1905935561257
      },
      "oldRenderPos": {
        "x": 75.91043244658978,
        "y": 1,
        "z": -155.53381760655273
      },
      "newRenderPos": {
        "x": 75.945576533316,
        "y": 1,
        "z": -155.3622055813392
      },
      "pendingInputs": 5,
      "firstPendingFrame": 5165,
      "lastProcessedFrame": 5164
    },
    "timestamp": 1560197
  },
  {
    "frame": 58848,
    "type": "server_correction",
    "id": "cZlXqWye06cOMXfwAAAD",
    "delta": 0.26628472222216903,
    "meta": {
      "action": "smooth",
      "serverPos": {
        "x": 76.29358310231132,
        "y": 1,
        "z": -153.66285534475014
      },
      "replayPos": {
        "x": 75.95419362653308,
        "y": 1,
        "z": -155.32012746930968
      },
      "oldRenderPos": {
        "x": 75.90077043503591,
        "y": 1,
        "z": -155.58099815738942
      },
      "newRenderPos": {
        "x": 75.92748203078449,
        "y": 1,
        "z": -155.45056281334956
      },
      "pendingInputs": 5,
      "firstPendingFrame": 5168,
      "lastProcessedFrame": 5167
    },
    "timestamp": 1560253.8000000007
  },
  {
    "frame": 58850,
    "type": "server_correction",
    "id": "cZlXqWye06cOMXfwAAAD",
    "delta": 0.12536458333334174,
    "meta": {
      "action": "smooth",
      "serverPos": {
        "x": 76.25624468707791,
        "y": 1,
        "z": -153.84518249145864
      },
      "replayPos": {
        "x": 75.92922704440687,
        "y": 1,
        "z": -155.4420417405416
      },
      "oldRenderPos": {
        "x": 75.90407586004117,
        "y": 1,
        "z": -155.56485744262952
      },
      "newRenderPos": {
        "x": 75.91665145222402,
        "y": 1,
        "z": -155.50344959158556
      },
      "pendingInputs": 6,
      "firstPendingFrame": 5169,
      "lastProcessedFrame": 5168
    },
    "timestamp": 1560308.0999999978
  },
  {
    "frame": 58853,
    "type": "server_correction",
    "id": "cZlXqWye06cOMXfwAAAD",
    "delta": 0.15379340277777762,
    "meta": {
      "action": "smooth",
      "serverPos": {
        "x": 76.18691783849529,
        "y": 1,
        "z": -154.1837122981831
      },
      "replayPos": {
        "x": 75.94750614917784,
        "y": 1,
        "z": -155.35278307767535
      },
      "oldRenderPos": {
        "x": 75.91665145222402,
        "y": 1,
        "z": -155.50344959158556
      },
      "newRenderPos": {
        "x": 75.93207880070094,
        "y": 1,
        "z": -155.42811633463046
      },
      "pendingInputs": 4,
      "firstPendingFrame": 5173,
      "lastProcessedFrame": 5172
    },
    "timestamp": 1560407.1999999993
  },
  {
    "frame": 58856,
    "type": "server_correction",
    "id": "cZlXqWye06cOMXfwAAAD",
    "delta": 0.09939670138888022,
    "meta": {
      "action": "ignore_micro",
      "serverPos": {
        "x": 76.139603936207,
        "y": 1,
        "z": -154.4147507273705
      },
      "replayPos": {
        "x": 75.93229213819467,
        "y": 1,
        "z": -155.42707458670733
      },
      "renderPos": {
        "x": 75.912350742503,
        "y": 1,
        "z": -155.5244503793093
      },
      "pendingInputs": 4,
      "firstPendingFrame": 5174,
      "lastProcessedFrame": 5173
    },
    "timestamp": 1560439.8000000007
  },
  {
    "frame": 58859,
    "type": "server_correction",
    "id": "cZlXqWye06cOMXfwAAAD",
    "delta": 0.04273003472217238,
    "meta": {
      "action": "ignore_micro",
      "serverPos": {
        "x": 76.0827603786875,
        "y": 1,
        "z": -154.692323398479
      },
      "replayPos": {
        "x": 75.9172453141454,
        "y": 1,
        "z": -155.5005497055302
      },
      "renderPos": {
        "x": 75.90867262995762,
        "y": 1,
        "z": -155.5424109639104
      },
      "pendingInputs": 5,
      "firstPendingFrame": 5176,
      "lastProcessedFrame": 5175
    },
    "timestamp": 1560500.8000000007
  },
  {
    "frame": 58862,
    "type": "server_correction",
    "id": "cZlXqWye06cOMXfwAAAD",
    "delta": 0.018563368055519232,
    "meta": {
      "action": "ignore_micro",
      "serverPos": {
        "x": 76.04480894469654,
        "y": 1,
        "z": -154.87764397595436
      },
      "replayPos": {
        "x": 75.91239689306286,
        "y": 1,
        "z": -155.52422502159533
      },
      "renderPos": {
        "x": 75.90867262995762,
        "y": 1,
        "z": -155.5424109639104
      },
      "pendingInputs": 6,
      "firstPendingFrame": 5178,
      "lastProcessedFrame": 5177
    },
    "timestamp": 1560578.5999999978
  },
  {
    "frame": 58865,
    "type": "server_correction",
    "id": "cZlXqWye06cOMXfwAAAD",
    "delta": 0.00726996527778853,
    "meta": {
      "action": "ignore_micro",
      "serverPos": {
        "x": 75.99047319118527,
        "y": 1,
        "z": -155.1429707939257
      },
      "replayPos": {
        "x": 75.90721409811258,
        "y": 1,
        "z": -155.54953311807873
      },
      "renderPos": {
        "x": 75.90867262995762,
        "y": 1,
        "z": -155.5424109639104
      },
      "pendingInputs": 4,
      "firstPendingFrame": 5182,
      "lastProcessedFrame": 5181
    },
    "timestamp": 1560648.8999999985
  },
  {
    "frame": 58868,
    "type": "server_correction",
    "id": "cZlXqWye06cOMXfwAAAD",
    "delta": 0.023103298611145805,
    "meta": {
      "action": "ignore_micro",
      "serverPos": {
        "x": 75.9632217209627,
        "y": 1,
        "z": -155.276042398016
      },
      "replayPos": {
        "x": 75.90403754636887,
        "y": 1,
        "z": -155.56504453205247
      },
      "renderPos": {
        "x": 75.90867262995762,
        "y": 1,
        "z": -155.5424109639104
      },
      "pendingInputs": 3,
      "firstPendingFrame": 5184,
      "lastProcessedFrame": 5183
    },
    "timestamp": 1560704.6999999993
  },
  {
    "frame": 58871,
    "type": "server_correction",
    "id": "cZlXqWye06cOMXfwAAAD",
    "delta": 0.04060329861114696,
    "meta": {
      "action": "ignore_micro",
      "serverPos": {
        "x": 75.93998273715323,
        "y": 1,
        "z": -155.3895206370868
      },
      "replayPos": {
        "x": 75.90052662075733,
        "y": 1,
        "z": -155.58218872644446
      },
      "renderPos": {
        "x": 75.90867262995762,
        "y": 1,
        "z": -155.5424109639104
      },
      "pendingInputs": 4,
      "firstPendingFrame": 5185,
      "lastProcessedFrame": 5184
    },
    "timestamp": 1560766.1999999993
  },
  {
    "frame": 58874,
    "type": "server_correction",
    "id": "cZlXqWye06cOMXfwAAAD",
    "delta": 0.05643663194445425,
    "meta": {
      "action": "ignore_micro",
      "serverPos": {
        "x": 75.92075623975691,
        "y": 1,
        "z": -155.4834055111382
      },
      "replayPos": {
        "x": 75.8973500690136,
        "y": 1,
        "z": -155.59770014041814
      },
      "renderPos": {
        "x": 75.90867262995762,
        "y": 1,
        "z": -155.5424109639104
      },
      "pendingInputs": 5,
      "firstPendingFrame": 5187,
      "lastProcessedFrame": 5186
    },
    "timestamp": 1560842.8999999985
  },
  {
    "frame": 58877,
    "type": "server_correction",
    "id": "cZlXqWye06cOMXfwAAAD",
    "delta": 0.0739366319444804,
    "meta": {
      "action": "ignore_micro",
      "serverPos": {
        "x": 75.90554222877374,
        "y": 1,
        "z": -155.55769702017017
      },
      "replayPos": {
        "x": 75.89383914340208,
        "y": 1,
        "z": -155.61484433481016
      },
      "renderPos": {
        "x": 75.90867262995762,
        "y": 1,
        "z": -155.5424109639104
      },
      "pendingInputs": 5,
      "firstPendingFrame": 5189,
      "lastProcessedFrame": 5188
    },
    "timestamp": 1560905.1999999993
  },
  {
    "frame": 58880,
    "type": "server_correction",
    "id": "cZlXqWye06cOMXfwAAAD",
    "delta": 0.08976996527781553,
    "meta": {
      "action": "ignore_micro",
      "serverPos": {
        "x": 75.89434070420371,
        "y": 1,
        "z": -155.61239516418274
      },
      "replayPos": {
        "x": 75.89066259165834,
        "y": 1,
        "z": -155.63035574878387
      },
      "renderPos": {
        "x": 75.90867262995762,
        "y": 1,
        "z": -155.5424109639104
      },
      "pendingInputs": 4,
      "firstPendingFrame": 5191,
      "lastProcessedFrame": 5190
    },
    "timestamp": 1560968.5999999978
  },
  {
    "frame": 58882,
    "type": "server_correction",
    "id": "cZlXqWye06cOMXfwAAAD",
    "delta": 0.09754774305562935,
    "meta": {
      "action": "ignore_micro",
      "serverPos": {
        "x": 75.88910218027544,
        "y": 1,
        "z": -155.6379753907359
      },
      "replayPos": {
        "x": 75.88910218027544,
        "y": 1,
        "z": -155.6379753907359
      },
      "renderPos": {
        "x": 75.90867262995762,
        "y": 1,
        "z": -155.5424109639104
      },
      "pendingInputs": 4,
      "firstPendingFrame": 5193,
      "lastProcessedFrame": 5192
    },
    "timestamp": 1561024.5999999978
  },
  {
    "frame": 58885,
    "type": "server_correction",
    "id": "cZlXqWye06cOMXfwAAAD",
    "delta": 0.1200477430555972,
    "meta": {
      "action": "smooth",
      "serverPos": {
        "x": 75.88458813306066,
        "y": 1,
        "z": -155.66001792638272
      },
      "replayPos": {
        "x": 75.88458813306066,
        "y": 1,
        "z": -155.66001792638272
      },
      "oldRenderPos": {
        "x": 75.90867262995762,
        "y": 1,
        "z": -155.5424109639104
      },
      "newRenderPos": {
        "x": 75.89663038150914,
        "y": 1,
        "z": -155.60121444514658
      },
      "pendingInputs": 5,
      "firstPendingFrame": 5195,
      "lastProcessedFrame": 5194
    },
    "timestamp": 1561079.5
  },
  {
    "frame": 58887,
    "type": "server_correction",
    "id": "cZlXqWye06cOMXfwAAAD",
    "delta": 0.06391276041666233,
    "meta": {
      "action": "ignore_micro",
      "serverPos": {
        "x": 75.88380792736922,
        "y": 1,
        "z": -155.6638277473587
      },
      "replayPos": {
        "x": 75.88380792736922,
        "y": 1,
        "z": -155.6638277473587
      },
      "renderPos": {
        "x": 75.89663038150914,
        "y": 1,
        "z": -155.60121444514658
      },
      "pendingInputs": 5,
      "firstPendingFrame": 5196,
      "lastProcessedFrame": 5195
    },
    "timestamp": 1561136.3999999985
  },
  {
    "frame": 58890,
    "type": "server_correction",
    "id": "cZlXqWye06cOMXfwAAAD",
    "delta": 0.06391276041666233,
    "meta": {
      "action": "ignore_micro",
      "serverPos": {
        "x": 75.88380792736922,
        "y": 1,
        "z": -155.6638277473587
      },
      "replayPos": {
        "x": 75.88380792736922,
        "y": 1,
        "z": -155.6638277473587
      },
      "renderPos": {
        "x": 75.89663038150914,
        "y": 1,
        "z": -155.60121444514658
      },
      "pendingInputs": 4,
      "firstPendingFrame": 5200,
      "lastProcessedFrame": 5199
    },
    "timestamp": 1561205.8999999985
  },
  {
    "frame": 58892,
    "type": "server_correction",
    "id": "cZlXqWye06cOMXfwAAAD",
    "delta": 0.06391276041666233,
    "meta": {
      "action": "ignore_micro",
      "serverPos": {
        "x": 75.88380792736922,
        "y": 1,
        "z": -155.6638277473587
      },
      "replayPos": {
        "x": 75.88380792736922,
        "y": 1,
        "z": -155.6638277473587
      },
      "renderPos": {
        "x": 75.89663038150914,
        "y": 1,
        "z": -155.60121444514658
      },
      "pendingInputs": 5,
      "firstPendingFrame": 5201,
      "lastProcessedFrame": 5200
    },
    "timestamp": 1561263.0999999978
  },
  {
    "frame": 58895,
    "type": "server_correction",
    "id": "cZlXqWye06cOMXfwAAAD",
    "delta": 0.06391276041666233,
    "meta": {
      "action": "ignore_micro",
      "serverPos": {
        "x": 75.88380792736922,
        "y": 1,
        "z": -155.6638277473587
      },
      "replayPos": {
        "x": 75.88380792736922,
        "y": 1,
        "z": -155.6638277473587
      },
      "renderPos": {
        "x": 75.89663038150914,
        "y": 1,
        "z": -155.60121444514658
      },
      "pendingInputs": 5,
      "firstPendingFrame": 5203,
      "lastProcessedFrame": 5202
    },
    "timestamp": 1561316.8999999985
  },
  {
    "frame": 58898,
    "type": "server_correction",
    "id": "cZlXqWye06cOMXfwAAAD",
    "delta": 0.06391276041666233,
    "meta": {
      "action": "ignore_micro",
      "serverPos": {
        "x": 75.88380792736922,
        "y": 1,
        "z": -155.6638277473587
      },
      "replayPos": {
        "x": 75.88380792736922,
        "y": 1,
        "z": -155.6638277473587
      },
      "renderPos": {
        "x": 75.89663038150914,
        "y": 1,
        "z": -155.60121444514658
      },
      "pendingInputs": 5,
      "firstPendingFrame": 5205,
      "lastProcessedFrame": 5204
    },
    "timestamp": 1561378.5999999978
  },
  {
    "frame": 58901,
    "type": "server_correction",
    "id": "cZlXqWye06cOMXfwAAAD",
    "delta": 0.06391276041666233,
    "meta": {
      "action": "ignore_micro",
      "serverPos": {
        "x": 75.88380792736922,
        "y": 1,
        "z": -155.6638277473587
      },
      "replayPos": {
        "x": 75.88380792736922,
        "y": 1,
        "z": -155.6638277473587
      },
      "renderPos": {
        "x": 75.89663038150914,
        "y": 1,
        "z": -155.60121444514658
      },
      "pendingInputs": 5,
      "firstPendingFrame": 5207,
      "lastProcessedFrame": 5206
    },
    "timestamp": 1561448.6999999993
  },
  {
    "frame": 58904,
    "type": "server_correction",
    "id": "cZlXqWye06cOMXfwAAAD",
    "delta": 0.06391276041666233,
    "meta": {
      "action": "ignore_micro",
      "serverPos": {
        "x": 75.88380792736922,
        "y": 1,
        "z": -155.6638277473587
      },
      "replayPos": {
        "x": 75.88380792736922,
        "y": 1,
        "z": -155.6638277473587
      },
      "renderPos": {
        "x": 75.89663038150914,
        "y": 1,
        "z": -155.60121444514658
      },
      "pendingInputs": 4,
      "firstPendingFrame": 5210,
      "lastProcessedFrame": 5209
    },
    "timestamp": 1561516.5
  },
  {
    "frame": 58907,
    "type": "server_correction",
    "id": "cZlXqWye06cOMXfwAAAD",
    "delta": 0.06391276041666233,
    "meta": {
      "action": "ignore_micro",
      "serverPos": {
        "x": 75.88380792736922,
        "y": 1,
        "z": -155.6638277473587
      },
      "replayPos": {
        "x": 75.88380792736922,
        "y": 1,
        "z": -155.6638277473587
      },
      "renderPos": {
        "x": 75.89663038150914,
        "y": 1,
        "z": -155.60121444514658
      },
      "pendingInputs": 5,
      "firstPendingFrame": 5211,
      "lastProcessedFrame": 5210
    },
    "timestamp": 1561614.1999999993
  },
  {
    "frame": 58910,
    "type": "server_correction",
    "id": "cZlXqWye06cOMXfwAAAD",
    "delta": 0.06391276041666233,
    "meta": {
      "action": "ignore_micro",
      "serverPos": {
        "x": 75.88380792736922,
        "y": 1,
        "z": -155.6638277473587
      },
      "replayPos": {
        "x": 75.88380792736922,
        "y": 1,
        "z": -155.6638277473587
      },
      "renderPos": {
        "x": 75.89663038150914,
        "y": 1,
        "z": -155.60121444514658
      },
      "pendingInputs": 4,
      "firstPendingFrame": 5214,
      "lastProcessedFrame": 5213
    },
    "timestamp": 1561649.5999999978
  },
  {
    "frame": 58913,
    "type": "server_correction",
    "id": "cZlXqWye06cOMXfwAAAD",
    "delta": 0.06391276041666233,
    "meta": {
      "action": "ignore_micro",
      "serverPos": {
        "x": 75.88380792736922,
        "y": 1,
        "z": -155.6638277473587
      },
      "replayPos": {
        "x": 75.88380792736922,
        "y": 1,
        "z": -155.6638277473587
      },
      "renderPos": {
        "x": 75.89663038150914,
        "y": 1,
        "z": -155.60121444514658
      },
      "pendingInputs": 3,
      "firstPendingFrame": 5216,
      "lastProcessedFrame": 5215
    },
    "timestamp": 1561711.8000000007
  },
  {
    "frame": 58916,
    "type": "server_correction",
    "id": "cZlXqWye06cOMXfwAAAD",
    "delta": 0.06391276041666233,
    "meta": {
      "action": "ignore_micro",
      "serverPos": {
        "x": 75.88380792736922,
        "y": 1,
        "z": -155.6638277473587
      },
      "replayPos": {
        "x": 75.88380792736922,
        "y": 1,
        "z": -155.6638277473587
      },
      "renderPos": {
        "x": 75.89663038150914,
        "y": 1,
        "z": -155.60121444514658
      },
      "pendingInputs": 4,
      "firstPendingFrame": 5217,
      "lastProcessedFrame": 5216
    },
    "timestamp": 1561767.8999999985
  },
  {
    "frame": 58919,
    "type": "server_correction",
    "id": "cZlXqWye06cOMXfwAAAD",
    "delta": 0.06391276041666233,
    "meta": {
      "action": "ignore_micro",
      "serverPos": {
        "x": 75.88380792736922,
        "y": 1,
        "z": -155.6638277473587
      },
      "replayPos": {
        "x": 75.88380792736922,
        "y": 1,
        "z": -155.6638277473587
      },
      "renderPos": {
        "x": 75.89663038150914,
        "y": 1,
        "z": -155.60121444514658
      },
      "pendingInputs": 4,
      "firstPendingFrame": 5219,
      "lastProcessedFrame": 5218
    },
    "timestamp": 1561832.6999999993
  },
  {
    "frame": 58922,
    "type": "server_correction",
    "id": "cZlXqWye06cOMXfwAAAD",
    "delta": 0.06391276041666233,
    "meta": {
      "action": "ignore_micro",
      "serverPos": {
        "x": 75.88380792736922,
        "y": 1,
        "z": -155.6638277473587
      },
      "replayPos": {
        "x": 75.88380792736922,
        "y": 1,
        "z": -155.6638277473587
      },
      "renderPos": {
        "x": 75.89663038150914,
        "y": 1,
        "z": -155.60121444514658
      },
      "pendingInputs": 4,
      "firstPendingFrame": 5221,
      "lastProcessedFrame": 5220
    },
    "timestamp": 1561884.6999999993
  },
  {
    "frame": 58925,
    "type": "server_correction",
    "id": "cZlXqWye06cOMXfwAAAD",
    "delta": 0.06391276041666233,
    "meta": {
      "action": "ignore_micro",
      "serverPos": {
        "x": 75.88380792736922,
        "y": 1,
        "z": -155.6638277473587
      },
      "replayPos": {
        "x": 75.88380792736922,
        "y": 1,
        "z": -155.6638277473587
      },
      "renderPos": {
        "x": 75.89663038150914,
        "y": 1,
        "z": -155.60121444514658
      },
      "pendingInputs": 5,
      "firstPendingFrame": 5223,
      "lastProcessedFrame": 5222
    },
    "timestamp": 1561951.6999999993
  }
]