[
  {
    "frame": 188,
    "type": "server_correction",
    "id": "o1EM7j8Ve2GP45IgAAAJ",
    "delta": 0,
    "meta": {
      "action": "ignore_micro",
      "serverPos": {
        "x": 6,
        "y": 1,
        "z": -245
      },
      "replayPos": {
        "x": 6,
        "y": 1,
        "z": -245
      },
      "renderPos": {
        "x": 6,
        "y": 1,
        "z": -245
      },
      "pendingInputs": 4,
      "firstPendingFrame": 3,
      "lastProcessedFrame": 2
    },
    "timestamp": 24487.89999999851
  },
  {
    "frame": 191,
    "type": "server_correction",
    "id": "o1EM7j8Ve2GP45IgAAAJ",
    "delta": 0,
    "meta": {
      "action": "ignore_micro",
      "serverPos": {
        "x": 6,
        "y": 1,
        "z": -245
      },
      "replayPos": {
        "x": 6,
        "y": 1,
        "z": -245
      },
      "renderPos": {
        "x": 6,
        "y": 1,
        "z": -245
      },
      "pendingInputs": 5,
      "firstPendingFrame": 5,
      "lastProcessedFrame": 4
    },
    "timestamp": 24550.10000000149
  },
  {
    "frame": 193,
    "type": "server_correction",
    "id": "o1EM7j8Ve2GP45IgAAAJ",
    "delta": 0.3535533905932738,
    "meta": {
      "action": "smooth",
      "serverPos": {
        "x": 6,
        "y": 1,
        "z": -245
      },
      "replayPos": {
        "x": 5.75,
        "y": 1,
        "z": -245
      },
      "oldRenderPos": {
        "x": 6,
        "y": 1,
        "z": -244.75
      },
      "newRenderPos": {
        "x": 5.875,
        "y": 1,
        "z": -244.875
      },
      "pendingInputs": 4,
      "firstPendingFrame": 7,
      "lastProcessedFrame": 6
    },
    "timestamp": 24620.300000000745
  },
  {
    "frame": 196,
    "type": "server_correction",
    "id": "o1EM7j8Ve2GP45IgAAAJ",
    "delta": 1.1220700997674136,
    "meta": {
      "action": "smooth",
      "serverPos": {
        "x": 6,
        "y": 1,
        "z": -245
      },
      "replayPos": {
        "x": 4.5,
        "y": 1,
        "z": -245
      },
      "oldRenderPos": {
        "x": 4.991116523516816,
        "y": 1,
        "z": -243.9911165235168
      },
      "newRenderPos": {
        "x": 4.745558261758408,
        "y": 1,
        "z": -244.4955582617584
      },
      "pendingInputs": 5,
      "firstPendingFrame": 8,
      "lastProcessedFrame": 7
    },
    "timestamp": 24656.89999999851
  },
  {
    "frame": 199,
    "type": "server_correction",
    "id": "o1EM7j8Ve2GP45IgAAAJ",
    "delta": 1.4276837308269752,
    "meta": {
      "action": "smooth",
      "serverPos": {
        "x": 6,
        "y": 1,
        "z": -245
      },
      "replayPos": {
        "x": 2.25,
        "y": 1,
        "z": -245
      },
      "oldRenderPos": {
        "x": 2.6668293136080123,
        "y": 1,
        "z": -243.63452053893693
      },
      "newRenderPos": {
        "x": 2.458414656804006,
        "y": 1,
        "z": -244.31726026946848
      },
      "pendingInputs": 5,
      "firstPendingFrame": 10,
      "lastProcessedFrame": 9
    },
    "timestamp": 24720.10000000149
  },
  {
    "frame": 202,
    "type": "server_correction",
    "id": "o1EM7j8Ve2GP45IgAAAJ",
    "delta": 4.188229332647217,
    "meta": {
      "action": "hard_snap",
      "serverPos": {
        "x": 5.930555555555555,
        "y": 1,
        "z": -245
      },
      "replayPos": {
        "x": 1.3472222222222205,
        "y": 1,
        "z": -245
      },
      "renderPos": {
        "x": -2.4945510092323078,
        "y": 1,
        "z": -243.33205414328702
      },
      "pendingInputs": 5,
      "firstPendingFrame": 13,
      "lastProcessedFrame": 12
    },
    "timestamp": 24788.60000000149
  },
  {
    "frame": 205,
    "type": "server_correction",
    "id": "o1EM7j8Ve2GP45IgAAAJ",
    "delta": 2.716666666666667,
    "meta": {
      "action": "hard_snap",
      "serverPos": {
        "x": 5.805555555555555,
        "y": 1,
        "z": -245
      },
      "replayPos": {
        "x": 0.5972222222222208,
        "y": 1,
        "z": -245
      },
      "renderPos": {
        "x": -2.1194444444444462,
        "y": 1,
        "z": -245
      },
      "pendingInputs": 5,
      "firstPendingFrame": 15,
      "lastProcessedFrame": 14
    },
    "timestamp": 24844.5
  },
  {
    "frame": 208,
    "type": "server_correction",
    "id": "o1EM7j8Ve2GP45IgAAAJ",
    "delta": 2.779166666666667,
    "meta": {
      "action": "hard_snap",
      "serverPos": {
        "x": 5.618055555555555,
        "y": 1,
        "z": -245
      },
      "replayPos": {
        "x": -0.2152777777777788,
        "y": 1,
        "z": -245
      },
      "renderPos": {
        "x": -2.994444444444446,
        "y": 1,
        "z": -245
      },
      "pendingInputs": 5,
      "firstPendingFrame": 17,
      "lastProcessedFrame": 16
    },
    "timestamp": 24904.10000000149
  },
  {
    "frame": 211,
    "type": "server_correction",
    "id": "o1EM7j8Ve2GP45IgAAAJ",
    "delta": 2.7166666666666663,
    "meta": {
      "action": "hard_snap",
      "serverPos": {
        "x": 5.368055555555555,
        "y": 1,
        "z": -245
      },
      "replayPos": {
        "x": 0.7013888888888875,
        "y": 1,
        "z": -245
      },
      "renderPos": {
        "x": -2.015277777777779,
        "y": 1,
        "z": -245
      },
      "pendingInputs": 4,
      "firstPendingFrame": 19,
      "lastProcessedFrame": 18
    },
    "timestamp": 24965.199999999255
  },
  {
    "frame": 214,
    "type": "server_correction",
    "id": "o1EM7j8Ve2GP45IgAAAJ",
    "delta": 2.779166666666667,
    "meta": {
      "action": "hard_snap",
      "serverPos": {
        "x": 5.055555555555555,
        "y": 1,
        "z": -245
      },
      "replayPos": {
        "x": -0.11111111111111249,
        "y": 1,
        "z": -245
      },
      "renderPos": {
        "x": -2.8902777777777793,
        "y": 1,
        "z": -245
      },
      "pendingInputs": 4,
      "firstPendingFrame": 21,
      "lastProcessedFrame": 20
    },
    "timestamp": 25021.800000000745
  },
  {
    "frame": 217,
    "type": "server_correction",
    "id": "o1EM7j8Ve2GP45IgAAAJ",
    "delta": 2.7250000000000005,
    "meta": {
      "action": "hard_snap",
      "serverPos": {
        "x": 4.680555555555555,
        "y": 1,
        "z": -245
      },
      "replayPos": {
        "x": -2.7861111111111123,
        "y": 1,
        "z": -245
      },
      "renderPos": {
        "x": -5.511111111111113,
        "y": 1,
        "z": -245
      },
      "pendingInputs": 5,
      "firstPendingFrame": 23,
      "lastProcessedFrame": 22
    },
    "timestamp": 25088.199999999255
  },
  {
    "frame": 220,
    "type": "server_correction",
    "id": "o1EM7j8Ve2GP45IgAAAJ",
    "delta": 2.7791666666666663,
    "meta": {
      "action": "hard_snap",
      "serverPos": {
        "x": 4.243055555555555,
        "y": 1,
        "z": -245
      },
      "replayPos": {
        "x": -3.6069444444444456,
        "y": 1,
        "z": -245
      },
      "renderPos": {
        "x": -6.386111111111112,
        "y": 1,
        "z": -245
      },
      "pendingInputs": 5,
      "firstPendingFrame": 25,
      "lastProcessedFrame": 24
    },
    "timestamp": 25152.39999999851
  },
  {
    "frame": 223,
    "type": "server_correction",
    "id": "o1EM7j8Ve2GP45IgAAAJ",
    "delta": 2.7250000000000005,
    "meta": {
      "action": "hard_snap",
      "serverPos": {
        "x": 3.7430555555555554,
        "y": 1,
        "z": -245
      },
      "replayPos": {
        "x": -4.481944444444445,
        "y": 1,
        "z": -245
      },
      "renderPos": {
        "x": -7.206944444444446,
        "y": 1,
        "z": -245
      },
      "pendingInputs": 5,
      "firstPendingFrame": 27,
      "lastProcessedFrame": 26
    },
    "timestamp": 25210.199999999255
  },
  {
    "frame": 226,
    "type": "server_correction",
    "id": "o1EM7j8Ve2GP45IgAAAJ",
    "delta": 4.579166666666668,
    "meta": {
      "action": "hard_snap",
      "serverPos": {
        "x": 3.180555555555556,
        "y": 1,
        "z": -245
      },
      "replayPos": {
        "x": -3.5027777777777773,
        "y": 1,
        "z": -245
      },
      "renderPos": {
        "x": -8.081944444444446,
        "y": 1,
        "z": -245
      },
      "pendingInputs": 4,
      "firstPendingFrame": 30,
      "lastProcessedFrame": 29
    },
    "timestamp": 25259.10000000149
  },
  {
    "frame": 229,
    "type": "server_correction",
    "id": "o1EM7j8Ve2GP45IgAAAJ",
    "delta": 0.9250000000000007,
    "meta": {
      "action": "smooth",
      "serverPos": {
        "x": 2.5555555555555562,
        "y": 1,
        "z": -245
      },
      "replayPos": {
        "x": -6.177777777777776,
        "y": 1,
        "z": -245
      },
      "oldRenderPos": {
        "x": -7.102777777777777,
        "y": 1,
        "z": -245
      },
      "newRenderPos": {
        "x": -6.640277777777777,
        "y": 1,
        "z": -245
      },
      "pendingInputs": 5,
      "firstPendingFrame": 31,
      "lastProcessedFrame": 30
    },
    "timestamp": 25329.300000000745
  },
  {
    "frame": 232,
    "type": "server_correction",
    "id": "o1EM7j8Ve2GP45IgAAAJ",
    "delta": 4.7569444444444455,
    "meta": {
      "action": "hard_snap",
      "serverPos": {
        "x": 1.625000000000001,
        "y": 1,
        "z": -245
      },
      "replayPos": {
        "x": -5.483333333333332,
        "y": 1,
        "z": -245
      },
      "renderPos": {
        "x": -10.240277777777777,
        "y": 1,
        "z": -245
      },
      "pendingInputs": 4,
      "firstPendingFrame": 34,
      "lastProcessedFrame": 33
    },
    "timestamp": 25392.5
  },
  {
    "frame": 234,
    "type": "server_correction",
    "id": "o1EM7j8Ve2GP45IgAAAJ",
    "delta": 1.209722222222223,
    "meta": {
      "action": "smooth",
      "serverPos": {
        "x": 1.1180555555555571,
        "y": 1,
        "z": -245
      },
      "replayPos": {
        "x": -6.073611111111108,
        "y": 1,
        "z": -245
      },
      "oldRenderPos": {
        "x": -7.283333333333331,
        "y": 1,
        "z": -245
      },
      "newRenderPos": {
        "x": -6.67847222222222,
        "y": 1,
        "z": -245
      },
      "pendingInputs": 4,
      "firstPendingFrame": 35,
      "lastProcessedFrame": 34
    },
    "timestamp": 25444.199999999255
  },
  {
    "frame": 237,
    "type": "server_correction",
    "id": "o1EM7j8Ve2GP45IgAAAJ",
    "delta": 3.3840277777777796,
    "meta": {
      "action": "hard_snap",
      "serverPos": {
        "x": 0.3055555555555576,
        "y": 1,
        "z": -245
      },
      "replayPos": {
        "x": -6.894444444444442,
        "y": 1,
        "z": -245
      },
      "renderPos": {
        "x": -10.278472222222222,
        "y": 1,
        "z": -245
      },
      "pendingInputs": 4,
      "firstPendingFrame": 37,
      "lastProcessedFrame": 36
    },
    "timestamp": 25513.300000000745
  },
  {
    "frame": 240,
    "type": "server_correction",
    "id": "o1EM7j8Ve2GP45IgAAAJ",
    "delta": 2.7250000000000014,
    "meta": {
      "action": "hard_snap",
      "serverPos": {
        "x": -0.5694444444444422,
        "y": 1,
        "z": -245
      },
      "replayPos": {
        "x": -7.769444444444442,
        "y": 1,
        "z": -245
      },
      "renderPos": {
        "x": -10.494444444444444,
        "y": 1,
        "z": -245
      },
      "pendingInputs": 4,
      "firstPendingFrame": 39,
      "lastProcessedFrame": 38
    },
    "timestamp": 25569.39999999851
  },
  {
    "frame": 243,
    "type": "server_correction",
    "id": "o1EM7j8Ve2GP45IgAAAJ",
    "delta": 2.700000000000001,
    "meta": {
      "action": "hard_snap",
      "serverPos": {
        "x": -1.4694444444444423,
        "y": 1,
        "z": -245
      },
      "replayPos": {
        "x": -8.669444444444443,
        "y": 1,
        "z": -245
      },
      "renderPos": {
        "x": -11.369444444444444,
        "y": 1,
        "z": -245
      },
      "pendingInputs": 4,
      "firstPendingFrame": 41,
      "lastProcessedFrame": 40
    },
    "timestamp": 25630.89999999851
  },
  {
    "frame": 246,
    "type": "server_correction",
    "id": "o1EM7j8Ve2GP45IgAAAJ",
    "delta": 2.700000000000001,
    "meta": {
      "action": "hard_snap",
      "serverPos": {
        "x": -2.3694444444444422,
        "y": 1,
        "z": -245
      },
      "replayPos": {
        "x": -9.569444444444443,
        "y": 1,
        "z": -245
      },
      "renderPos": {
        "x": -12.269444444444444,
        "y": 1,
        "z": -245
      },
      "pendingInputs": 4,
      "firstPendingFrame": 43,
      "lastProcessedFrame": 42
    },
    "timestamp": 25707.10000000149
  },
  {
    "frame": 249,
    "type": "server_correction",
    "id": "o1EM7j8Ve2GP45IgAAAJ",
    "delta": 2.700000000000001,
    "meta": {
      "action": "hard_snap",
      "serverPos": {
        "x": -3.2694444444444417,
        "y": 1,
        "z": -245
      },
      "replayPos": {
        "x": -10.469444444444443,
        "y": 1,
        "z": -245
      },
      "renderPos": {
        "x": -13.169444444444444,
        "y": 1,
        "z": -245
      },
      "pendingInputs": 4,
      "firstPendingFrame": 45,
      "lastProcessedFrame": 44
    },
    "timestamp": 25768.199999999255
  },
  {
    "frame": 252,
    "type": "server_correction",
    "id": "o1EM7j8Ve2GP45IgAAAJ",
    "delta": 2.700000000000003,
    "meta": {
      "action": "hard_snap",
      "serverPos": {
        "x": -4.169444444444442,
        "y": 1,
        "z": -245
      },
      "replayPos": {
        "x": -11.369444444444442,
        "y": 1,
        "z": -245
      },
      "renderPos": {
        "x": -14.069444444444445,
        "y": 1,
        "z": -245
      },
      "pendingInputs": 4,
      "firstPendingFrame": 47,
      "lastProcessedFrame": 46
    },
    "timestamp": 25829.199999999255
  },
  {
    "frame": 255,
    "type": "server_correction",
    "id": "o1EM7j8Ve2GP45IgAAAJ",
    "delta": 2.4000000000000004,
    "meta": {
      "action": "hard_snap",
      "serverPos": {
        "x": -5.369444444444441,
        "y": 1,
        "z": -245
      },
      "replayPos": {
        "x": -12.569444444444443,
        "y": 1,
        "z": -245
      },
      "renderPos": {
        "x": -14.969444444444443,
        "y": 1,
        "z": -245
      },
      "pendingInputs": 4,
      "firstPendingFrame": 49,
      "lastProcessedFrame": 48
    },
    "timestamp": 25892.10000000149
  },
  {
    "frame": 258,
    "type": "server_correction",
    "id": "o1EM7j8Ve2GP45IgAAAJ",
    "delta": 0.9000000000000004,
    "meta": {
      "action": "smooth",
      "serverPos": {
        "x": -6.26944444444444,
        "y": 1,
        "z": -245
      },
      "replayPos": {
        "x": -13.469444444444443,
        "y": 1,
        "z": -245
      },
      "oldRenderPos": {
        "x": -14.369444444444444,
        "y": 1,
        "z": -245
      },
      "newRenderPos": {
        "x": -13.919444444444444,
        "y": 1,
        "z": -245
      },
      "pendingInputs": 4,
      "firstPendingFrame": 50,
      "lastProcessedFrame": 49
    },
    "timestamp": 25946
  },
  {
    "frame": 261,
    "type": "server_correction",
    "id": "o1EM7j8Ve2GP45IgAAAJ",
    "delta": 3.150000000000004,
    "meta": {
      "action": "hard_snap",
      "serverPos": {
        "x": -7.16944444444444,
        "y": 1,
        "z": -245
      },
      "replayPos": {
        "x": -14.369444444444442,
        "y": 1,
        "z": -245
      },
      "renderPos": {
        "x": -17.519444444444446,
        "y": 1,
        "z": -245
      },
      "pendingInputs": 4,
      "firstPendingFrame": 52,
      "lastProcessedFrame": 51
    },
    "timestamp": 26001.60000000149
  },
  {
    "frame": 264,
    "type": "server_correction",
    "id": "o1EM7j8Ve2GP45IgAAAJ",
    "delta": 2.6999999999999993,
    "meta": {
      "action": "hard_snap",
      "serverPos": {
        "x": -8.06944444444444,
        "y": 1,
        "z": -245
      },
      "replayPos": {
        "x": -15.269444444444442,
        "y": 1,
        "z": -245
      },
      "renderPos": {
        "x": -17.96944444444444,
        "y": 1,
        "z": -245
      },
      "pendingInputs": 4,
      "firstPendingFrame": 54,
      "lastProcessedFrame": 53
    },
    "timestamp": 26069.300000000745
  },
  {
    "frame": 267,
    "type": "server_correction",
    "id": "o1EM7j8Ve2GP45IgAAAJ",
    "delta": 0.8999999999999986,
    "meta": {
      "action": "smooth",
      "serverPos": {
        "x": -8.969444444444441,
        "y": 1,
        "z": -245
      },
      "replayPos": {
        "x": -17.969444444444445,
        "y": 1,
        "z": -245
      },
      "oldRenderPos": {
        "x": -18.869444444444444,
        "y": 1,
        "z": -245
      },
      "newRenderPos": {
        "x": -18.419444444444444,
        "y": 1,
        "z": -245
      },
      "pendingInputs": 5,
      "firstPendingFrame": 55,
      "lastProcessedFrame": 54
    },
    "timestamp": 26130.199999999255
  },
  {
    "frame": 270,
    "type": "server_correction",
    "id": "o1EM7j8Ve2GP45IgAAAJ",
    "delta": 2.849999999999998,
    "meta": {
      "action": "hard_snap",
      "serverPos": {
        "x": -10.169444444444444,
        "y": 1,
        "z": -245
      },
      "replayPos": {
        "x": -19.169444444444448,
        "y": 1,
        "z": -245
      },
      "renderPos": {
        "x": -22.019444444444446,
        "y": 1,
        "z": -245
      },
      "pendingInputs": 5,
      "firstPendingFrame": 57,
      "lastProcessedFrame": 56
    },
    "timestamp": 26242.39999999851
  },
  {
    "frame": 272,
    "type": "server_correction",
    "id": "o1EM7j8Ve2GP45IgAAAJ",
    "delta": 3,
    "meta": {
      "action": "hard_snap",
      "serverPos": {
        "x": -10.769444444444446,
        "y": 1,
        "z": -245
      },
      "replayPos": {
        "x": -17.889444444444447,
        "y": 1,
        "z": -245
      },
      "renderPos": {
        "x": -20.889444444444447,
        "y": 1,
        "z": -245
      },
      "pendingInputs": 4,
      "firstPendingFrame": 59,
      "lastProcessedFrame": 58
    },
    "timestamp": 26255
  },
  {
    "frame": 275,
    "type": "server_correction",
    "id": "o1EM7j8Ve2GP45IgAAAJ",
    "delta": 0.8999999999999986,
    "meta": {
      "action": "smooth",
      "serverPos": {
        "x": -11.669444444444448,
        "y": 1,
        "z": -245
      },
      "replayPos": {
        "x": -18.62944444444445,
        "y": 1,
        "z": -245
      },
      "oldRenderPos": {
        "x": -19.529444444444447,
        "y": 1,
        "z": -245
      },
      "newRenderPos": {
        "x": -19.079444444444448,
        "y": 1,
        "z": -245
      },
      "pendingInputs": 4,
      "firstPendingFrame": 60,
      "lastProcessedFrame": 59
    },
    "timestamp": 26297
  },
  {
    "frame": 278,
    "type": "server_correction",
    "id": "o1EM7j8Ve2GP45IgAAAJ",
    "delta": 2.849999999999998,
    "meta": {
      "action": "hard_snap",
      "serverPos": {
        "x": -12.86944444444445,
        "y": 1,
        "z": -245
      },
      "replayPos": {
        "x": -21.989444444444448,
        "y": 1,
        "z": -245
      },
      "renderPos": {
        "x": -24.839444444444446,
        "y": 1,
        "z": -245
      },
      "pendingInputs": 6,
      "firstPendingFrame": 62,
      "lastProcessedFrame": 61
    },
    "timestamp": 26374.39999999851
  },
  {
    "frame": 281,
    "type": "server_correction",
    "id": "o1EM7j8Ve2GP45IgAAAJ",
    "delta": 1.5422222222222182,
    "meta": {
      "action": "smooth",
      "serverPos": {
        "x": -14.047222222222228,
        "y": 1,
        "z": -245
      },
      "replayPos": {
        "x": -22.84722222222223,
        "y": 1,
        "z": -245
      },
      "oldRenderPos": {
        "x": -24.389444444444447,
        "y": 1,
        "z": -245
      },
      "newRenderPos": {
        "x": -23.61833333333334,
        "y": 1,
        "z": -245
      },
      "pendingInputs": 6,
      "firstPendingFrame": 64,
      "lastProcessedFrame": 63
    },
    "timestamp": 26436.10000000149
  },
  {
    "frame": 284,
    "type": "server_correction",
    "id": "o1EM7j8Ve2GP45IgAAAJ",
    "delta": 4.748888888888885,
    "meta": {
      "action": "hard_snap",
      "serverPos": {
        "x": -15.189444444444451,
        "y": 1,
        "z": -245
      },
      "replayPos": {
        "x": -21.162777777777787,
        "y": 1,
        "z": -245
      },
      "renderPos": {
        "x": -25.911666666666672,
        "y": 1,
        "z": -245
      },
      "pendingInputs": 4,
      "firstPendingFrame": 68,
      "lastProcessedFrame": 67
    },
    "timestamp": 26503.300000000745
  },
  {
    "frame": 287,
    "type": "server_correction",
    "id": "o1EM7j8Ve2GP45IgAAAJ",
    "delta": 1.8333333333333393,
    "meta": {
      "action": "smooth",
      "serverPos": {
        "x": -16.022777777777783,
        "y": 1,
        "z": -245
      },
      "replayPos": {
        "x": -21.836111111111116,
        "y": 1,
        "z": -245
      },
      "oldRenderPos": {
        "x": -23.669444444444455,
        "y": 1,
        "z": -245
      },
      "newRenderPos": {
        "x": -22.752777777777787,
        "y": 1,
        "z": -245
      },
      "pendingInputs": 4,
      "firstPendingFrame": 70,
      "lastProcessedFrame": 69
    },
    "timestamp": 26563.5
  },
  {
    "frame": 290,
    "type": "server_correction",
    "id": "o1EM7j8Ve2GP45IgAAAJ",
    "delta": 2.6900000000000013,
    "meta": {
      "action": "hard_snap",
      "serverPos": {
        "x": -16.836111111111116,
        "y": 1,
        "z": -245
      },
      "replayPos": {
        "x": -22.48944444444445,
        "y": 1,
        "z": -245
      },
      "renderPos": {
        "x": -25.179444444444453,
        "y": 1,
        "z": -245
      },
      "pendingInputs": 4,
      "firstPendingFrame": 72,
      "lastProcessedFrame": 71
    },
    "timestamp": 26634.300000000745
  },
  {
    "frame": 293,
    "type": "server_correction",
    "id": "o1EM7j8Ve2GP45IgAAAJ",
    "delta": 0.5400000000000027,
    "meta": {
      "action": "smooth",
      "serverPos": {
        "x": -17.629444444444445,
        "y": 1,
        "z": -245
      },
      "replayPos": {
        "x": -24.296111111111117,
        "y": 1,
        "z": -245
      },
      "oldRenderPos": {
        "x": -24.83611111111112,
        "y": 1,
        "z": -245
      },
      "newRenderPos": {
        "x": -24.56611111111112,
        "y": 1,
        "z": -245
      },
      "pendingInputs": 5,
      "firstPendingFrame": 73,
      "lastProcessedFrame": 72
    },
    "timestamp": 26697.199999999255
  },
  {
    "frame": 296,
    "type": "server_correction",
    "id": "o1EM7j8Ve2GP45IgAAAJ",
    "delta": 2.936666666666671,
    "meta": {
      "action": "hard_snap",
      "serverPos": {
        "x": -18.402777777777782,
        "y": 1,
        "z": -245
      },
      "replayPos": {
        "x": -23.736111111111118,
        "y": 1,
        "z": -245
      },
      "renderPos": {
        "x": -26.67277777777779,
        "y": 1,
        "z": -245
      },
      "pendingInputs": 4,
      "firstPendingFrame": 76,
      "lastProcessedFrame": 75
    },
    "timestamp": 26775.5
  },
  {
    "frame": 299,
    "type": "server_correction",
    "id": "o1EM7j8Ve2GP45IgAAAJ",
    "delta": 1.5933333333333302,
    "meta": {
      "action": "smooth",
      "serverPos": {
        "x": -19.156111111111116,
        "y": 1,
        "z": -245
      },
      "replayPos": {
        "x": -24.329444444444455,
        "y": 1,
        "z": -245
      },
      "oldRenderPos": {
        "x": -25.922777777777785,
        "y": 1,
        "z": -245
      },
      "newRenderPos": {
        "x": -25.126111111111122,
        "y": 1,
        "z": -245
      },
      "pendingInputs": 4,
      "firstPendingFrame": 78,
      "lastProcessedFrame": 77
    },
    "timestamp": 26841.800000000745
  },
  {
    "frame": 302,
    "type": "server_correction",
    "id": "o1EM7j8Ve2GP45IgAAAJ",
    "delta": 2.330000000000009,
    "meta": {
      "action": "hard_snap",
      "serverPos": {
        "x": -19.889444444444447,
        "y": 1,
        "z": -245
      },
      "replayPos": {
        "x": -24.902777777777782,
        "y": 1,
        "z": -245
      },
      "renderPos": {
        "x": -27.23277777777779,
        "y": 1,
        "z": -245
      },
      "pendingInputs": 4,
      "firstPendingFrame": 80,
      "lastProcessedFrame": 79
    },
    "timestamp": 26912.199999999255
  },
  {
    "frame": 305,
    "type": "server_correction",
    "id": "o1EM7j8Ve2GP45IgAAAJ",
    "delta": 1.4733333333333292,
    "meta": {
      "action": "smooth",
      "serverPos": {
        "x": -20.60277777777778,
        "y": 1,
        "z": -245
      },
      "replayPos": {
        "x": -25.45611111111112,
        "y": 1,
        "z": -245
      },
      "oldRenderPos": {
        "x": -26.92944444444445,
        "y": 1,
        "z": -245
      },
      "newRenderPos": {
        "x": -26.192777777777785,
        "y": 1,
        "z": -245
      },
      "pendingInputs": 4,
      "firstPendingFrame": 82,
      "lastProcessedFrame": 81
    },
    "timestamp": 26991.5
  },
  {
    "frame": 308,
    "type": "server_correction",
    "id": "o1EM7j8Ve2GP45IgAAAJ",
    "delta": 2.149999999999995,
    "meta": {
      "action": "hard_snap",
      "serverPos": {
        "x": -21.296111111111117,
        "y": 1,
        "z": -245
      },
      "replayPos": {
        "x": -25.98944444444446,
        "y": 1,
        "z": -245
      },
      "renderPos": {
        "x": -28.139444444444454,
        "y": 1,
        "z": -245
      },
      "pendingInputs": 4,
      "firstPendingFrame": 84,
      "lastProcessedFrame": 83
    },
    "timestamp": 27050.5
  },
  {
    "frame": 311,
    "type": "server_correction",
    "id": "o1EM7j8Ve2GP45IgAAAJ",
    "delta": 1.233333333333345,
    "meta": {
      "action": "smooth",
      "serverPos": {
        "x": -21.96944444444445,
        "y": 1,
        "z": -245
      },
      "replayPos": {
        "x": -27.43611111111112,
        "y": 1,
        "z": -245
      },
      "oldRenderPos": {
        "x": -28.669444444444466,
        "y": 1,
        "z": -245
      },
      "newRenderPos": {
        "x": -28.05277777777779,
        "y": 1,
        "z": -245
      },
      "pendingInputs": 5,
      "firstPendingFrame": 86,
      "lastProcessedFrame": 85
    },
    "timestamp": 27114.39999999851
  },
  {
    "frame": 314,
    "type": "server_correction",
    "id": "o1EM7j8Ve2GP45IgAAAJ",
    "delta": 1.7900000000000027,
    "meta": {
      "action": "smooth",
      "serverPos": {
        "x": -22.62277777777778,
        "y": 1,
        "z": -245
      },
      "replayPos": {
        "x": -27.889444444444457,
        "y": 1,
        "z": -245
      },
      "oldRenderPos": {
        "x": -29.67944444444446,
        "y": 1,
        "z": -245
      },
      "newRenderPos": {
        "x": -28.78444444444446,
        "y": 1,
        "z": -245
      },
      "pendingInputs": 5,
      "firstPendingFrame": 88,
      "lastProcessedFrame": 87
    },
    "timestamp": 27169.10000000149
  },
  {
    "frame": 317,
    "type": "server_correction",
    "id": "o1EM7j8Ve2GP45IgAAAJ",
    "delta": 2.00833333333334,
    "meta": {
      "action": "hard_snap",
      "serverPos": {
        "x": -23.256111111111117,
        "y": 1,
        "z": -245
      },
      "replayPos": {
        "x": -28.32277777777779,
        "y": 1,
        "z": -245
      },
      "renderPos": {
        "x": -30.33111111111113,
        "y": 1,
        "z": -245
      },
      "pendingInputs": 5,
      "firstPendingFrame": 90,
      "lastProcessedFrame": 89
    },
    "timestamp": 27233.5
  },
  {
    "frame": 320,
    "type": "server_correction",
    "id": "o1EM7j8Ve2GP45IgAAAJ",
    "delta": 1.173333333333332,
    "meta": {
      "action": "smooth",
      "serverPos": {
        "x": -23.86944444444445,
        "y": 1,
        "z": -245
      },
      "replayPos": {
        "x": -27.922777777777792,
        "y": 1,
        "z": -245
      },
      "oldRenderPos": {
        "x": -29.096111111111124,
        "y": 1,
        "z": -245
      },
      "newRenderPos": {
        "x": -28.50944444444446,
        "y": 1,
        "z": -245
      },
      "pendingInputs": 4,
      "firstPendingFrame": 92,
      "lastProcessedFrame": 91
    },
    "timestamp": 27292.699999999255
  },
  {
    "frame": 323,
    "type": "server_correction",
    "id": "o1EM7j8Ve2GP45IgAAAJ",
    "delta": 1.7000000000000064,
    "meta": {
      "action": "smooth",
      "serverPos": {
        "x": -24.46277777777778,
        "y": 1,
        "z": -245
      },
      "replayPos": {
        "x": -28.356111111111122,
        "y": 1,
        "z": -245
      },
      "oldRenderPos": {
        "x": -30.05611111111113,
        "y": 1,
        "z": -245
      },
      "newRenderPos": {
        "x": -29.206111111111127,
        "y": 1,
        "z": -245
      },
      "pendingInputs": 4,
      "firstPendingFrame": 94,
      "lastProcessedFrame": 93
    },
    "timestamp": 27350.39999999851
  },
  {
    "frame": 326,
    "type": "server_correction",
    "id": "o1EM7j8Ve2GP45IgAAAJ",
    "delta": 1.9033333333333395,
    "meta": {
      "action": "smooth",
      "serverPos": {
        "x": -25.03611111111112,
        "y": 1,
        "z": -245
      },
      "replayPos": {
        "x": -28.76944444444446,
        "y": 1,
        "z": -245
      },
      "oldRenderPos": {
        "x": -30.6727777777778,
        "y": 1,
        "z": -245
      },
      "newRenderPos": {
        "x": -29.721111111111128,
        "y": 1,
        "z": -245
      },
      "pendingInputs": 4,
      "firstPendingFrame": 96,
      "lastProcessedFrame": 95
    },
    "timestamp": 27410.60000000149
  },
  {
    "frame": 329,
    "type": "server_correction",
    "id": "o1EM7j8Ve2GP45IgAAAJ",
    "delta": 1.9450000000000003,
    "meta": {
      "action": "smooth",
      "serverPos": {
        "x": -25.589444444444453,
        "y": 1,
        "z": -245
      },
      "replayPos": {
        "x": -29.162777777777798,
        "y": 1,
        "z": -245
      },
      "oldRenderPos": {
        "x": -31.107777777777798,
        "y": 1,
        "z": -245
      },
      "newRenderPos": {
        "x": -30.135277777777798,
        "y": 1,
        "z": -245
      },
      "pendingInputs": 4,
      "firstPendingFrame": 98,
      "lastProcessedFrame": 97
    },
    "timestamp": 27467.5
  },
  {
    "frame": 332,
    "type": "server_correction",
    "id": "o1EM7j8Ve2GP45IgAAAJ",
    "delta": 1.2125000000000092,
    "meta": {
      "action": "smooth",
      "serverPos": {
        "x": -26.122777777777785,
        "y": 1,
        "z": -245
      },
      "replayPos": {
        "x": -30.762777777777796,
        "y": 1,
        "z": -245
      },
      "oldRenderPos": {
        "x": -31.975277777777805,
        "y": 1,
        "z": -245
      },
      "newRenderPos": {
        "x": -31.369027777777802,
        "y": 1,
        "z": -245
      },
      "pendingInputs": 6,
      "firstPendingFrame": 99,
      "lastProcessedFrame": 98
    },
    "timestamp": 27531.699999999255
  },
  {
    "frame": 335,
    "type": "server_correction",
    "id": "o1EM7j8Ve2GP45IgAAAJ",
    "delta": 1.7729166666666742,
    "meta": {
      "action": "smooth",
      "serverPos": {
        "x": -26.63611111111112,
        "y": 1,
        "z": -245
      },
      "replayPos": {
        "x": -30.5027777777778,
        "y": 1,
        "z": -245
      },
      "oldRenderPos": {
        "x": -32.275694444444476,
        "y": 1,
        "z": -245
      },
      "newRenderPos": {
        "x": -31.38923611111114,
        "y": 1,
        "z": -245
      },
      "pendingInputs": 5,
      "firstPendingFrame": 102,
      "lastProcessedFrame": 101
    },
    "timestamp": 27599.199999999255
  },
  {
    "frame": 338,
    "type": "server_correction",
    "id": "o1EM7j8Ve2GP45IgAAAJ",
    "delta": 1.6997916666666733,
    "meta": {
      "action": "smooth",
      "serverPos": {
        "x": -27.129444444444456,
        "y": 1,
        "z": -245
      },
      "replayPos": {
        "x": -30.2227777777778,
        "y": 1,
        "z": -245
      },
      "oldRenderPos": {
        "x": -31.922569444444473,
        "y": 1,
        "z": -245
      },
      "newRenderPos": {
        "x": -31.072673611111135,
        "y": 1,
        "z": -245
      },
      "pendingInputs": 4,
      "firstPendingFrame": 104,
      "lastProcessedFrame": 103
    },
    "timestamp": 27655.199999999255
  },
  {
    "frame": 342,
    "type": "server_correction",
    "id": "o1EM7j8Ve2GP45IgAAAJ",
    "delta": 1.503229166666678,
    "meta": {
      "action": "smooth",
      "serverPos": {
        "x": -27.75611111111112,
        "y": 1,
        "z": -245
      },
      "replayPos": {
        "x": -30.636111111111134,
        "y": 1,
        "z": -245
      },
      "oldRenderPos": {
        "x": -32.13934027777781,
        "y": 1,
        "z": -245
      },
      "newRenderPos": {
        "x": -31.387725694444473,
        "y": 1,
        "z": -245
      },
      "pendingInputs": 4,
      "firstPendingFrame": 106,
      "lastProcessedFrame": 105
    },
    "timestamp": 27721.10000000149
  },
  {
    "frame": 345,
    "type": "server_correction",
    "id": "o1EM7j8Ve2GP45IgAAAJ",
    "delta": 1.4249479166666745,
    "meta": {
      "action": "smooth",
      "serverPos": {
        "x": -28.20277777777779,
        "y": 1,
        "z": -245
      },
      "replayPos": {
        "x": -30.922777777777803,
        "y": 1,
        "z": -245
      },
      "oldRenderPos": {
        "x": -32.34772569444448,
        "y": 1,
        "z": -245
      },
      "newRenderPos": {
        "x": -31.63525173611114,
        "y": 1,
        "z": -245
      },
      "pendingInputs": 4,
      "firstPendingFrame": 108,
      "lastProcessedFrame": 107
    },
    "timestamp": 27796.39999999851
  },
  {
    "frame": 347,
    "type": "server_correction",
    "id": "o1EM7j8Ve2GP45IgAAAJ",
    "delta": 1.4124739583333437,
    "meta": {
      "action": "smooth",
      "serverPos": {
        "x": -28.48944444444446,
        "y": 1,
        "z": -245
      },
      "replayPos": {
        "x": -31.102777777777803,
        "y": 1,
        "z": -245
      },
      "oldRenderPos": {
        "x": -32.515251736111146,
        "y": 1,
        "z": -245
      },
      "newRenderPos": {
        "x": -31.809014756944475,
        "y": 1,
        "z": -245
      },
      "pendingInputs": 4,
      "firstPendingFrame": 110,
      "lastProcessedFrame": 109
    },
    "timestamp": 27858.300000000745
  },
  {
    "frame": 349,
    "type": "server_correction",
    "id": "o1EM7j8Ve2GP45IgAAAJ",
    "delta": 1.3617925347222268,
    "meta": {
      "action": "smooth",
      "serverPos": {
        "x": -28.767222222222237,
        "y": 1,
        "z": -245
      },
      "replayPos": {
        "x": -31.27388888888892,
        "y": 1,
        "z": -245
      },
      "oldRenderPos": {
        "x": -32.635681423611146,
        "y": 1,
        "z": -245
      },
      "newRenderPos": {
        "x": -31.954785156250033,
        "y": 1,
        "z": -245
      },
      "pendingInputs": 4,
      "firstPendingFrame": 112,
      "lastProcessedFrame": 111
    },
    "timestamp": 27918.300000000745
  },
  {
    "frame": 352,
    "type": "server_correction",
    "id": "o1EM7j8Ve2GP45IgAAAJ",
    "delta": 1.214229600694459,
    "meta": {
      "action": "smooth",
      "serverPos": {
        "x": -29.167222222222236,
        "y": 1,
        "z": -245
      },
      "replayPos": {
        "x": -31.513888888888914,
        "y": 1,
        "z": -245
      },
      "oldRenderPos": {
        "x": -32.72811848958337,
        "y": 1,
        "z": -245
      },
      "newRenderPos": {
        "x": -32.12100368923615,
        "y": 1,
        "z": -245
      },
      "pendingInputs": 4,
      "firstPendingFrame": 114,
      "lastProcessedFrame": 113
    },
    "timestamp": 27990
  },
  {
    "frame": 355,
    "type": "server_correction",
    "id": "o1EM7j8Ve2GP45IgAAAJ",
    "delta": 1.0804481336805694,
    "meta": {
      "action": "smooth",
      "serverPos": {
        "x": -29.54722222222224,
        "y": 1,
        "z": -245
      },
      "replayPos": {
        "x": -31.73388888888892,
        "y": 1,
        "z": -245
      },
      "oldRenderPos": {
        "x": -32.81433702256949,
        "y": 1,
        "z": -245
      },
      "newRenderPos": {
        "x": -32.27411295572921,
        "y": 1,
        "z": -245
      },
      "pendingInputs": 4,
      "firstPendingFrame": 116,
      "lastProcessedFrame": 115
    },
    "timestamp": 28048.300000000745
  },
  {
    "frame": 358,
    "type": "server_correction",
    "id": "o1EM7j8Ve2GP45IgAAAJ",
    "delta": 0.9535574001736329,
    "meta": {
      "action": "smooth",
      "serverPos": {
        "x": -29.90722222222224,
        "y": 1,
        "z": -245
      },
      "replayPos": {
        "x": -31.93388888888892,
        "y": 1,
        "z": -245
      },
      "oldRenderPos": {
        "x": -32.88744628906255,
        "y": 1,
        "z": -245
      },
      "newRenderPos": {
        "x": -32.410667588975734,
        "y": 1,
        "z": -245
      },
      "pendingInputs": 4,
      "firstPendingFrame": 118,
      "lastProcessedFrame": 117
    },
    "timestamp": 28106.699999999255
  },
  {
    "frame": 360,
    "type": "server_correction",
    "id": "o1EM7j8Ve2GP45IgAAAJ",
    "delta": 0.661223144531256,
    "meta": {
      "action": "smooth",
      "serverPos": {
        "x": -30.13611111111113,
        "y": 1,
        "z": -245
      },
      "replayPos": {
        "x": -32.05611111111115,
        "y": 1,
        "z": -245
      },
      "oldRenderPos": {
        "x": -32.717334255642406,
        "y": 1,
        "z": -245
      },
      "newRenderPos": {
        "x": -32.386722683376775,
        "y": 1,
        "z": -245
      },
      "pendingInputs": 4,
      "firstPendingFrame": 119,
      "lastProcessedFrame": 118
    },
    "timestamp": 28166.39999999851
  },
  {
    "frame": 363,
    "type": "server_correction",
    "id": "o1EM7j8Ve2GP45IgAAAJ",
    "delta": 0.6439449055989712,
    "meta": {
      "action": "smooth",
      "serverPos": {
        "x": -30.462777777777795,
        "y": 1,
        "z": -245
      },
      "replayPos": {
        "x": -32.22277777777781,
        "y": 1,
        "z": -245
      },
      "oldRenderPos": {
        "x": -32.86672268337678,
        "y": 1,
        "z": -245
      },
      "newRenderPos": {
        "x": -32.54475023057729,
        "y": 1,
        "z": -245
      },
      "pendingInputs": 4,
      "firstPendingFrame": 121,
      "lastProcessedFrame": 120
    },
    "timestamp": 28223.39999999851
  },
  {
    "frame": 366,
    "type": "server_correction",
    "id": "o1EM7j8Ve2GP45IgAAAJ",
    "delta": 0.575305786132823,
    "meta": {
      "action": "smooth",
      "serverPos": {
        "x": -30.769444444444467,
        "y": 1,
        "z": -245
      },
      "replayPos": {
        "x": -32.369444444444476,
        "y": 1,
        "z": -245
      },
      "oldRenderPos": {
        "x": -32.9447502305773,
        "y": 1,
        "z": -245
      },
      "newRenderPos": {
        "x": -32.65709733751089,
        "y": 1,
        "z": -245
      },
      "pendingInputs": 4,
      "firstPendingFrame": 123,
      "lastProcessedFrame": 122
    },
    "timestamp": 28285.199999999255
  },
  {
    "frame": 369,
    "type": "server_correction",
    "id": "o1EM7j8Ve2GP45IgAAAJ",
    "delta": 0.4809862263997502,
    "meta": {
      "action": "smooth",
      "serverPos": {
        "x": -31.056111111111136,
        "y": 1,
        "z": -245
      },
      "replayPos": {
        "x": -32.49611111111115,
        "y": 1,
        "z": -245
      },
      "oldRenderPos": {
        "x": -32.9770973375109,
        "y": 1,
        "z": -245
      },
      "newRenderPos": {
        "x": -32.73660422431102,
        "y": 1,
        "z": -245
      },
      "pendingInputs": 4,
      "firstPendingFrame": 125,
      "lastProcessedFrame": 124
    },
    "timestamp": 28348.199999999255
  },
  {
    "frame": 372,
    "type": "server_correction",
    "id": "o1EM7j8Ve2GP45IgAAAJ",
    "delta": 0.2538264465332176,
    "meta": {
      "action": "smooth",
      "serverPos": {
        "x": -31.3227777777778,
        "y": 1,
        "z": -245
      },
      "replayPos": {
        "x": -32.722777777777814,
        "y": 1,
        "z": -245
      },
      "oldRenderPos": {
        "x": -32.97660422431103,
        "y": 1,
        "z": -245
      },
      "newRenderPos": {
        "x": -32.84969100104442,
        "y": 1,
        "z": -245
      },
      "pendingInputs": 5,
      "firstPendingFrame": 126,
      "lastProcessedFrame": 125
    },
    "timestamp": 28413.39999999851
  },
  {
    "frame": 375,
    "type": "server_correction",
    "id": "o1EM7j8Ve2GP45IgAAAJ",
    "delta": 0.20024655659994295,
    "meta": {
      "action": "smooth",
      "serverPos": {
        "x": -31.56944444444447,
        "y": 1,
        "z": -245
      },
      "replayPos": {
        "x": -32.68944444444448,
        "y": 1,
        "z": -245
      },
      "oldRenderPos": {
        "x": -32.889691001044426,
        "y": 1,
        "z": -245
      },
      "newRenderPos": {
        "x": -32.78956772274445,
        "y": 1,
        "z": -245
      },
      "pendingInputs": 4,
      "firstPendingFrame": 129,
      "lastProcessedFrame": 128
    },
    "timestamp": 28475.89999999851
  },
  {
    "frame": 378,
    "type": "server_correction",
    "id": "o1EM7j8Ve2GP45IgAAAJ",
    "delta": 0.07345661163330419,
    "meta": {
      "action": "ignore_micro",
      "serverPos": {
        "x": -31.79611111111114,
        "y": 1,
        "z": -245
      },
      "replayPos": {
        "x": -32.79611111111115,
        "y": 1,
        "z": -245
      },
      "renderPos": {
        "x": -32.869567722744456,
        "y": 1,
        "z": -245
      },
      "pendingInputs": 5,
      "firstPendingFrame": 130,
      "lastProcessedFrame": 129
    },
    "timestamp": 28537.699999999255
  },
  {
    "frame": 381,
    "type": "server_correction",
    "id": "o1EM7j8Ve2GP45IgAAAJ",
    "delta": 0.06678994496663648,
    "meta": {
      "action": "ignore_micro",
      "serverPos": {
        "x": -32.00277777777781,
        "y": 1,
        "z": -245
      },
      "replayPos": {
        "x": -32.80277777777782,
        "y": 1,
        "z": -245
      },
      "renderPos": {
        "x": -32.869567722744456,
        "y": 1,
        "z": -245
      },
      "pendingInputs": 5,
      "firstPendingFrame": 132,
      "lastProcessedFrame": 131
    },
    "timestamp": 28609.39999999851
  },
  {
    "frame": 384,
    "type": "server_correction",
    "id": "o1EM7j8Ve2GP45IgAAAJ",
    "delta": 0.04012327829996565,
    "meta": {
      "action": "ignore_micro",
      "serverPos": {
        "x": -32.18944444444448,
        "y": 1,
        "z": -245
      },
      "replayPos": {
        "x": -32.82944444444449,
        "y": 1,
        "z": -245
      },
      "renderPos": {
        "x": -32.869567722744456,
        "y": 1,
        "z": -245
      },
      "pendingInputs": 5,
      "firstPendingFrame": 134,
      "lastProcessedFrame": 133
    },
    "timestamp": 28661.300000000745
  },
  {
    "frame": 387,
    "type": "server_correction",
    "id": "o1EM7j8Ve2GP45IgAAAJ",
    "delta": 0.033456611633290834,
    "meta": {
      "action": "ignore_micro",
      "serverPos": {
        "x": -32.356111111111154,
        "y": 1,
        "z": -245
      },
      "replayPos": {
        "x": -32.836111111111165,
        "y": 1,
        "z": -245
      },
      "renderPos": {
        "x": -32.869567722744456,
        "y": 1,
        "z": -245
      },
      "pendingInputs": 4,
      "firstPendingFrame": 137,
      "lastProcessedFrame": 136
    },
    "timestamp": 28723.39999999851
  },
  {
    "frame": 390,
    "type": "server_correction",
    "id": "o1EM7j8Ve2GP45IgAAAJ",
    "delta": 0.006789944966627104,
    "meta": {
      "action": "ignore_micro",
      "serverPos": {
        "x": -32.50277777777782,
        "y": 1,
        "z": -245
      },
      "replayPos": {
        "x": -32.86277777777783,
        "y": 1,
        "z": -245
      },
      "renderPos": {
        "x": -32.869567722744456,
        "y": 1,
        "z": -245
      },
      "pendingInputs": 4,
      "firstPendingFrame": 138,
      "lastProcessedFrame": 137
    },
    "timestamp": 28787.5
  },
  {
    "frame": 393,
    "type": "server_correction",
    "id": "o1EM7j8Ve2GP45IgAAAJ",
    "delta": 0.0001232782999593951,
    "meta": {
      "action": "ignore_micro",
      "serverPos": {
        "x": -32.62944444444449,
        "y": 1,
        "z": -245
      },
      "replayPos": {
        "x": -32.8694444444445,
        "y": 1,
        "z": -245
      },
      "renderPos": {
        "x": -32.869567722744456,
        "y": 1,
        "z": -245
      },
      "pendingInputs": 4,
      "firstPendingFrame": 140,
      "lastProcessedFrame": 139
    },
    "timestamp": 28852.39999999851
  },
  {
    "frame": 396,
    "type": "server_correction",
    "id": "o1EM7j8Ve2GP45IgAAAJ",
    "delta": 0.02654338836669723,
    "meta": {
      "action": "ignore_micro",
      "serverPos": {
        "x": -32.73611111111115,
        "y": 1,
        "z": -245
      },
      "replayPos": {
        "x": -32.89611111111115,
        "y": 1,
        "z": -245
      },
      "renderPos": {
        "x": -32.869567722744456,
        "y": 1,
        "z": -245
      },
      "pendingInputs": 4,
      "firstPendingFrame": 142,
      "lastProcessedFrame": 141
    },
    "timestamp": 28910.60000000149
  },
  {
    "frame": 399,
    "type": "server_correction",
    "id": "o1EM7j8Ve2GP45IgAAAJ",
    "delta": 0.03321005503335783,
    "meta": {
      "action": "ignore_micro",
      "serverPos": {
        "x": -32.82277777777781,
        "y": 1,
        "z": -245
      },
      "replayPos": {
        "x": -32.902777777777814,
        "y": 1,
        "z": -245
      },
      "renderPos": {
        "x": -32.869567722744456,
        "y": 1,
        "z": -245
      },
      "pendingInputs": 3,
      "firstPendingFrame": 144,
      "lastProcessedFrame": 143
    },
    "timestamp": 28964.5
  },
  {
    "frame": 402,
    "type": "server_correction",
    "id": "o1EM7j8Ve2GP45IgAAAJ",
    "delta": 0.05987672170002867,
    "meta": {
      "action": "ignore_micro",
      "serverPos": {
        "x": -32.889444444444486,
        "y": 1,
        "z": -245
      },
      "replayPos": {
        "x": -32.929444444444485,
        "y": 1,
        "z": -245
      },
      "renderPos": {
        "x": -32.869567722744456,
        "y": 1,
        "z": -245
      },
      "pendingInputs": 4,
      "firstPendingFrame": 146,
      "lastProcessedFrame": 145
    },
    "timestamp": 29031.39999999851
  },
  {
    "frame": 405,
    "type": "server_correction",
    "id": "o1EM7j8Ve2GP45IgAAAJ",
    "delta": 0.06654338836670348,
    "meta": {
      "action": "ignore_micro",
      "serverPos": {
        "x": -32.93611111111116,
        "y": 1,
        "z": -245
      },
      "replayPos": {
        "x": -32.93611111111116,
        "y": 1,
        "z": -245
      },
      "renderPos": {
        "x": -32.869567722744456,
        "y": 1,
        "z": -245
      },
      "pendingInputs": 6,
      "firstPendingFrame": 147,
      "lastProcessedFrame": 146
    },
    "timestamp": 29085.89999999851
  },
  {
    "frame": 408,
    "type": "server_correction",
    "id": "o1EM7j8Ve2GP45IgAAAJ",
    "delta": 0.09321005503337432,
    "meta": {
      "action": "ignore_micro",
      "serverPos": {
        "x": -32.96277777777783,
        "y": 1,
        "z": -245
      },
      "replayPos": {
        "x": -32.96277777777783,
        "y": 1,
        "z": -245
      },
      "renderPos": {
        "x": -32.869567722744456,
        "y": 1,
        "z": -245
      },
      "pendingInputs": 6,
      "firstPendingFrame": 149,
      "lastProcessedFrame": 148
    },
    "timestamp": 29154.39999999851
  },
  {
    "frame": 411,
    "type": "server_correction",
    "id": "o1EM7j8Ve2GP45IgAAAJ",
    "delta": 0.09987672170004203,
    "meta": {
      "action": "ignore_micro",
      "serverPos": {
        "x": -32.9694444444445,
        "y": 1,
        "z": -245
      },
      "replayPos": {
        "x": -32.9694444444445,
        "y": 1,
        "z": -245
      },
      "renderPos": {
        "x": -32.869567722744456,
        "y": 1,
        "z": -245
      },
      "pendingInputs": 5,
      "firstPendingFrame": 152,
      "lastProcessedFrame": 151
    },
    "timestamp": 29216.39999999851
  },
  {
    "frame": 414,
    "type": "server_correction",
    "id": "o1EM7j8Ve2GP45IgAAAJ",
    "delta": 0.09987672170004203,
    "meta": {
      "action": "ignore_micro",
      "serverPos": {
        "x": -32.9694444444445,
        "y": 1,
        "z": -245
      },
      "replayPos": {
        "x": -32.9694444444445,
        "y": 1,
        "z": -245
      },
      "renderPos": {
        "x": -32.869567722744456,
        "y": 1,
        "z": -245
      },
      "pendingInputs": 4,
      "firstPendingFrame": 155,
      "lastProcessedFrame": 154
    },
    "timestamp": 29285.199999999255
  },
  {
    "frame": 417,
    "type": "server_correction",
    "id": "o1EM7j8Ve2GP45IgAAAJ",
    "delta": 0.09987672170004203,
    "meta": {
      "action": "ignore_micro",
      "serverPos": {
        "x": -32.9694444444445,
        "y": 1,
        "z": -245
      },
      "replayPos": {
        "x": -32.9694444444445,
        "y": 1,
        "z": -245
      },
      "renderPos": {
        "x": -32.869567722744456,
        "y": 1,
        "z": -245
      },
      "pendingInputs": 4,
      "firstPendingFrame": 157,
      "lastProcessedFrame": 156
    },
    "timestamp": 29336.199999999255
  },
  {
    "frame": 420,
    "type": "server_correction",
    "id": "o1EM7j8Ve2GP45IgAAAJ",
    "delta": 0.09987672170004203,
    "meta": {
      "action": "ignore_micro",
      "serverPos": {
        "x": -32.9694444444445,
        "y": 1,
        "z": -245
      },
      "replayPos": {
        "x": -32.9694444444445,
        "y": 1,
        "z": -245
      },
      "renderPos": {
        "x": -32.869567722744456,
        "y": 1,
        "z": -245
      },
      "pendingInputs": 6,
      "firstPendingFrame": 158,
      "lastProcessedFrame": 157
    },
    "timestamp": 29403.60000000149
  },
  {
    "frame": 423,
    "type": "server_correction",
    "id": "o1EM7j8Ve2GP45IgAAAJ",
    "delta": 0.09987672170004203,
    "meta": {
      "action": "ignore_micro",
      "serverPos": {
        "x": -32.9694444444445,
        "y": 1,
        "z": -245
      },
      "replayPos": {
        "x": -32.9694444444445,
        "y": 1,
        "z": -245
      },
      "renderPos": {
        "x": -32.869567722744456,
        "y": 1,
        "z": -245
      },
      "pendingInputs": 5,
      "firstPendingFrame": 161,
      "lastProcessedFrame": 160
    },
    "timestamp": 29460.300000000745
  },
  {
    "frame": 426,
    "type": "server_correction",
    "id": "o1EM7j8Ve2GP45IgAAAJ",
    "delta": 0.09987672170004203,
    "meta": {
      "action": "ignore_micro",
      "serverPos": {
        "x": -32.9694444444445,
        "y": 1,
        "z": -245
      },
      "replayPos": {
        "x": -32.9694444444445,
        "y": 1,
        "z": -245
      },
      "renderPos": {
        "x": -32.869567722744456,
        "y": 1,
        "z": -245
      },
      "pendingInputs": 6,
      "firstPendingFrame": 162,
      "lastProcessedFrame": 161
    },
    "timestamp": 29521.699999999255
  },
  {
    "frame": 429,
    "type": "server_correction",
    "id": "o1EM7j8Ve2GP45IgAAAJ",
    "delta": 0.09987672170004203,
    "meta": {
      "action": "ignore_micro",
      "serverPos": {
        "x": -32.9694444444445,
        "y": 1,
        "z": -245
      },
      "replayPos": {
        "x": -32.9694444444445,
        "y": 1,
        "z": -245
      },
      "renderPos": {
        "x": -32.869567722744456,
        "y": 1,
        "z": -245
      },
      "pendingInputs": 4,
      "firstPendingFrame": 165,
      "lastProcessedFrame": 164
    },
    "timestamp": 29577.800000000745
  },
  {
    "frame": 432,
    "type": "server_correction",
    "id": "o1EM7j8Ve2GP45IgAAAJ",
    "delta": 0.09987672170004203,
    "meta": {
      "action": "ignore_micro",
      "serverPos": {
        "x": -32.9694444444445,
        "y": 1,
        "z": -245
      },
      "replayPos": {
        "x": -32.9694444444445,
        "y": 1,
        "z": -245
      },
      "renderPos": {
        "x": -32.869567722744456,
        "y": 1,
        "z": -245
      },
      "pendingInputs": 4,
      "firstPendingFrame": 167,
      "lastProcessedFrame": 166
    },
    "timestamp": 29633.5
  },
  {
    "frame": 435,
    "type": "server_correction",
    "id": "o1EM7j8Ve2GP45IgAAAJ",
    "delta": 0.09987672170004203,
    "meta": {
      "action": "ignore_micro",
      "serverPos": {
        "x": -32.9694444444445,
        "y": 1,
        "z": -245
      },
      "replayPos": {
        "x": -32.9694444444445,
        "y": 1,
        "z": -245
      },
      "renderPos": {
        "x": -32.869567722744456,
        "y": 1,
        "z": -245
      },
      "pendingInputs": 4,
      "firstPendingFrame": 169,
      "lastProcessedFrame": 168
    },
    "timestamp": 29695.39999999851
  },
  {
    "frame": 438,
    "type": "server_correction",
    "id": "o1EM7j8Ve2GP45IgAAAJ",
    "delta": 0.09987672170004203,
    "meta": {
      "action": "ignore_micro",
      "serverPos": {
        "x": -32.9694444444445,
        "y": 1,
        "z": -245
      },
      "replayPos": {
        "x": -32.9694444444445,
        "y": 1,
        "z": -245
      },
      "renderPos": {
        "x": -32.869567722744456,
        "y": 1,
        "z": -245
      },
      "pendingInputs": 5,
      "firstPendingFrame": 170,
      "lastProcessedFrame": 169
    },
    "timestamp": 29758.39999999851
  },
  {
    "frame": 441,
    "type": "server_correction",
    "id": "o1EM7j8Ve2GP45IgAAAJ",
    "delta": 0.09987672170004203,
    "meta": {
      "action": "ignore_micro",
      "serverPos": {
        "x": -32.9694444444445,
        "y": 1,
        "z": -245
      },
      "replayPos": {
        "x": -32.9694444444445,
        "y": 1,
        "z": -245
      },
      "renderPos": {
        "x": -32.869567722744456,
        "y": 1,
        "z": -245
      },
      "pendingInputs": 4,
      "firstPendingFrame": 172,
      "lastProcessedFrame": 171
    },
    "timestamp": 29807.699999999255
  },
  {
    "frame": 444,
    "type": "server_correction",
    "id": "o1EM7j8Ve2GP45IgAAAJ",
    "delta": 0.09987672170004203,
    "meta": {
      "action": "ignore_micro",
      "serverPos": {
        "x": -32.9694444444445,
        "y": 1,
        "z": -245
      },
      "replayPos": {
        "x": -32.9694444444445,
        "y": 1,
        "z": -245
      },
      "renderPos": {
        "x": -32.869567722744456,
        "y": 1,
        "z": -245
      },
      "pendingInputs": 4,
      "firstPendingFrame": 174,
      "lastProcessedFrame": 173
    },
    "timestamp": 29866.199999999255
  },
  {
    "frame": 447,
    "type": "server_correction",
    "id": "o1EM7j8Ve2GP45IgAAAJ",
    "delta": 0.09987672170004203,
    "meta": {
      "action": "ignore_micro",
      "serverPos": {
        "x": -32.9694444444445,
        "y": 1,
        "z": -245
      },
      "replayPos": {
        "x": -32.9694444444445,
        "y": 1,
        "z": -245
      },
      "renderPos": {
        "x": -32.869567722744456,
        "y": 1,
        "z": -245
      },
      "pendingInputs": 4,
      "firstPendingFrame": 176,
      "lastProcessedFrame": 175
    },
    "timestamp": 29931.5
  },
  {
    "frame": 449,
    "type": "server_correction",
    "id": "o1EM7j8Ve2GP45IgAAAJ",
    "delta": 0.09987672170004203,
    "meta": {
      "action": "ignore_micro",
      "serverPos": {
        "x": -32.9694444444445,
        "y": 1,
        "z": -245
      },
      "replayPos": {
        "x": -32.9694444444445,
        "y": 1,
        "z": -245
      },
      "renderPos": {
        "x": -32.869567722744456,
        "y": 1,
        "z": -245
      },
      "pendingInputs": 4,
      "firstPendingFrame": 177,
      "lastProcessedFrame": 176
    },
    "timestamp": 29978.800000000745
  },
  {
    "frame": 452,
    "type": "server_correction",
    "id": "o1EM7j8Ve2GP45IgAAAJ",
    "delta": 0.09987672170004203,
    "meta": {
      "action": "ignore_micro",
      "serverPos": {
        "x": -32.9694444444445,
        "y": 1,
        "z": -245
      },
      "replayPos": {
        "x": -32.9694444444445,
        "y": 1,
        "z": -245
      },
      "renderPos": {
        "x": -32.869567722744456,
        "y": 1,
        "z": -245
      },
      "pendingInputs": 4,
      "firstPendingFrame": 179,
      "lastProcessedFrame": 178
    },
    "timestamp": 30036.10000000149
  },
  {
    "frame": 455,
    "type": "server_correction",
    "id": "o1EM7j8Ve2GP45IgAAAJ",
    "delta": 0.09987672170004203,
    "meta": {
      "action": "ignore_micro",
      "serverPos": {
        "x": -32.9694444444445,
        "y": 1,
        "z": -245
      },
      "replayPos": {
        "x": -33.2194444444445,
        "y": 1,
        "z": -245
      },
      "renderPos": {
        "x": -33.119567722744456,
        "y": 1,
        "z": -245
      },
      "pendingInputs": 4,
      "firstPendingFrame": 181,
      "lastProcessedFrame": 180
    },
    "timestamp": 30142.300000000745
  },
  {
    "frame": 458,
    "type": "server_correction",
    "id": "o1EM7j8Ve2GP45IgAAAJ",
    "delta": 0.09987672170004203,
    "meta": {
      "action": "ignore_micro",
      "serverPos": {
        "x": -32.9694444444445,
        "y": 1,
        "z": -245
      },
      "replayPos": {
        "x": -34.39116797646642,
        "y": 1,
        "z": -244.59518873830027
      },
      "renderPos": {
        "x": -34.29129125476638,
        "y": 1,
        "z": -244.59518873830027
      },
      "pendingInputs": 4,
      "firstPendingFrame": 183,
      "lastProcessedFrame": 182
    },
    "timestamp": 30221.10000000149
  },
  {
    "frame": 461,
    "type": "server_correction",
    "id": "o1EM7j8Ve2GP45IgAAAJ",
    "delta": 0.09987672170004203,
    "meta": {
      "action": "ignore_micro",
      "serverPos": {
        "x": -32.9694444444445,
        "y": 1,
        "z": -245
      },
      "replayPos": {
        "x": -34.39116797646642,
        "y": 1,
        "z": -244.59518873830027
      },
      "renderPos": {
        "x": -34.29129125476638,
        "y": 1,
        "z": -244.59518873830027
      },
      "pendingInputs": 3,
      "firstPendingFrame": 184,
      "lastProcessedFrame": 183
    },
    "timestamp": 30231.5
  },
  {
    "frame": 464,
    "type": "server_correction",
    "id": "o1EM7j8Ve2GP45IgAAAJ",
    "delta": 0.918797790275611,
    "meta": {
      "action": "smooth",
      "serverPos": {
        "x": -32.97638888888894,
        "y": 1,
        "z": -245
      },
      "replayPos": {
        "x": -35.08446357668273,
        "y": 1,
        "z": -243.56018427371168
      },
      "oldRenderPos": {
        "x": -35.52174122767215,
        "y": 1,
        "z": -242.75211395786008
      },
      "newRenderPos": {
        "x": -35.303102402177444,
        "y": 1,
        "z": -243.15614911578587
      },
      "pendingInputs": 4,
      "firstPendingFrame": 185,
      "lastProcessedFrame": 184
    },
    "timestamp": 30289
  },
  {
    "frame": 467,
    "type": "server_correction",
    "id": "o1EM7j8Ve2GP45IgAAAJ",
    "delta": 1.327485239696559,
    "meta": {
      "action": "smooth",
      "serverPos": {
        "x": -33.038887576099214,
        "y": 1,
        "z": -244.99972994252602
      },
      "replayPos": {
        "x": -35.56057785296984,
        "y": 1,
        "z": -241.66916302527818
      },
      "oldRenderPos": {
        "x": -35.308883633791346,
        "y": 1,
        "z": -240.36575707100133
      },
      "newRenderPos": {
        "x": -35.4347307433806,
        "y": 1,
        "z": -241.01746004813975
      },
      "pendingInputs": 5,
      "firstPendingFrame": 186,
      "lastProcessedFrame": 185
    },
    "timestamp": 30348.699999999255
  },
  {
    "frame": 470,
    "type": "server_correction",
    "id": "o1EM7j8Ve2GP45IgAAAJ",
    "delta": 4.73795546259531,
    "meta": {
      "action": "hard_snap",
      "serverPos": {
        "x": -33.16378210026223,
        "y": 1,
        "z": -244.99485358817333
      },
      "replayPos": {
        "x": -35.49178751699251,
        "y": 1,
        "z": -242.46169785730973
      },
      "renderPos": {
        "x": -33.70915575377191,
        "y": 1,
        "z": -238.0718862483345
      },
      "pendingInputs": 4,
      "firstPendingFrame": 189,
      "lastProcessedFrame": 188
    },
    "timestamp": 30418.300000000745
  },
  {
    "frame": 473,
    "type": "server_correction",
    "id": "o1EM7j8Ve2GP45IgAAAJ",
    "delta": 1.0093681383089281,
    "meta": {
      "action": "smooth",
      "serverPos": {
        "x": -33.35036196696757,
        "y": 1,
        "z": -244.97663953789544
      },
      "replayPos": {
        "x": -35.32493217962646,
        "y": 1,
        "z": -240.14237655931217
      },
      "oldRenderPos": {
        "x": -34.87954912414346,
        "y": 1,
        "z": -239.23658520777371
      },
      "newRenderPos": {
        "x": -35.102240651884955,
        "y": 1,
        "z": -239.68948088354296
      },
      "pendingInputs": 5,
      "firstPendingFrame": 190,
      "lastProcessedFrame": 189
    },
    "timestamp": 30468.199999999255
  },
  {
    "frame": 476,
    "type": "server_correction",
    "id": "o1EM7j8Ve2GP45IgAAAJ",
    "delta": 4.899265368567932,
    "meta": {
      "action": "hard_snap",
      "serverPos": {
        "x": -33.59635852848087,
        "y": 1,
        "z": -244.93251118300776
      },
      "replayPos": {
        "x": -34.99072782903912,
        "y": 1,
        "z": -239.35172195231075
      },
      "renderPos": {
        "x": -30.8846053078485,
        "y": 1,
        "z": -236.6791653125704
      },
      "pendingInputs": 5,
      "firstPendingFrame": 193,
      "lastProcessedFrame": 192
    },
    "timestamp": 30543.199999999255
  },
  {
    "frame": 479,
    "type": "server_correction",
    "id": "o1EM7j8Ve2GP45IgAAAJ",
    "delta": 2.8219757733566504,
    "meta": {
      "action": "hard_snap",
      "serverPos": {
        "x": -33.89658370487198,
        "y": 1,
        "z": -244.8463205047592
      },
      "replayPos": {
        "x": -34.603604377770054,
        "y": 1,
        "z": -238.68634072230046
      },
      "renderPos": {
        "x": -32.35596856782129,
        "y": 1,
        "z": -236.97997601003996
      },
      "pendingInputs": 5,
      "firstPendingFrame": 195,
      "lastProcessedFrame": 194
    },
    "timestamp": 30605.89999999851
  },
  {
    "frame": 482,
    "type": "server_correction",
    "id": "o1EM7j8Ve2GP45IgAAAJ",
    "delta": 2.762944868005729,
    "meta": {
      "action": "hard_snap",
      "serverPos": {
        "x": -34.24123356357629,
        "y": 1,
        "z": -244.69917372849224
      },
      "replayPos": {
        "x": -34.06903429059903,
        "y": 1,
        "z": -238.0570540516042
      },
      "renderPos": {
        "x": -31.63791773633784,
        "y": 1,
        "z": -236.74421870654513
      },
      "pendingInputs": 5,
      "firstPendingFrame": 197,
      "lastProcessedFrame": 196
    },
    "timestamp": 30667.800000000745
  },
  {
    "frame": 485,
    "type": "server_correction",
    "id": "o1EM7j8Ve2GP45IgAAAJ",
    "delta": 4.304237079269687,
    "meta": {
      "action": "hard_snap",
      "serverPos": {
        "x": -34.740569144808134,
        "y": 1,
        "z": -244.37349583032125
      },
      "replayPos": {
        "x": -34.626961661385096,
        "y": 1,
        "z": -238.64304029833818
      },
      "renderPos": {
        "x": -30.831210397032738,
        "y": 1,
        "z": -236.61357505504685
      },
      "pendingInputs": 4,
      "firstPendingFrame": 200,
      "lastProcessedFrame": 199
    },
    "timestamp": 30735.39999999851
  },
  {
    "frame": 488,
    "type": "server_correction",
    "id": "o1EM7j8Ve2GP45IgAAAJ",
    "delta": 2.7321432337776925,
    "meta": {
      "action": "hard_snap",
      "serverPos": {
        "x": -35.11243370238374,
        "y": 1,
        "z": -244.00966906408163
      },
      "replayPos": {
        "x": -34.027252246986244,
        "y": 1,
        "z": -238.05869541155508
      },
      "renderPos": {
        "x": -31.62407454116971,
        "y": 1,
        "z": -236.75894791140607
      },
      "pendingInputs": 4,
      "firstPendingFrame": 202,
      "lastProcessedFrame": 201
    },
    "timestamp": 30800.39999999851
  },
  {
    "frame": 490,
    "type": "server_correction",
    "id": "o1EM7j8Ve2GP45IgAAAJ",
    "delta": 1.2488485838989478,
    "meta": {
      "action": "smooth",
      "serverPos": {
        "x": -35.343943463927786,
        "y": 1,
        "z": -243.70608914952822
      },
      "replayPos": {
        "x": -31.96374738273673,
        "y": 1,
        "z": -236.9858788311738
      },
      "oldRenderPos": {
        "x": -30.74219378983132,
        "y": 1,
        "z": -236.7262067202988
      },
      "newRenderPos": {
        "x": -31.352970586284023,
        "y": 1,
        "z": -236.85604277573628
      },
      "pendingInputs": 5,
      "firstPendingFrame": 203,
      "lastProcessedFrame": 202
    },
    "timestamp": 30853.300000000745
  },
  {
    "frame": 493,
    "type": "server_correction",
    "id": "o1EM7j8Ve2GP45IgAAAJ",
    "delta": 4.7447291265476315,
    "meta": {
      "action": "hard_snap",
      "serverPos": {
        "x": -35.730327632088674,
        "y": 1,
        "z": -242.95412585398768
      },
      "replayPos": {
        "x": -32.614056330127475,
        "y": 1,
        "z": -237.27993646228975
      },
      "renderPos": {
        "x": -27.877211216257678,
        "y": 1,
        "z": -237.55334613936296
      },
      "pendingInputs": 4,
      "firstPendingFrame": 206,
      "lastProcessedFrame": 205
    },
    "timestamp": 30911.10000000149
  },
  {
    "frame": 496,
    "type": "server_correction",
    "id": "o1EM7j8Ve2GP45IgAAAJ",
    "delta": 1.0128935356025885,
    "meta": {
      "action": "smooth",
      "serverPos": {
        "x": -35.92023124078702,
        "y": 1,
        "z": -242.2725569606492
      },
      "replayPos": {
        "x": -31.846753659660603,
        "y": 1,
        "z": -237.10374525134029
      },
      "oldRenderPos": {
        "x": -30.853729360129762,
        "y": 1,
        "z": -236.90410543815966
      },
      "newRenderPos": {
        "x": -31.350241509895184,
        "y": 1,
        "z": -237.00392534474997
      },
      "pendingInputs": 4,
      "firstPendingFrame": 207,
      "lastProcessedFrame": 206
    },
    "timestamp": 30973.300000000745
  },
  {
    "frame": 499,
    "type": "server_correction",
    "id": "o1EM7j8Ve2GP45IgAAAJ",
    "delta": 3.568784719317334,
    "meta": {
      "action": "hard_snap",
      "serverPos": {
        "x": -35.994668463102045,
        "y": 1,
        "z": -241.5062039009657
      },
      "replayPos": {
        "x": -29.295144523173143,
        "y": 1,
        "z": -236.66244785871802
      },
      "renderPos": {
        "x": -26.239901837149983,
        "y": 1,
        "z": -238.50682214349183
      },
      "pendingInputs": 5,
      "firstPendingFrame": 209,
      "lastProcessedFrame": 208
    },
    "timestamp": 31077.10000000149
  },
  {
    "frame": 502,
    "type": "server_correction",
    "id": "o1EM7j8Ve2GP45IgAAAJ",
    "delta": 3.644927481882678,
    "meta": {
      "action": "hard_snap",
      "serverPos": {
        "x": -35.9297306828458,
        "y": 1,
        "z": -240.6763520079714
      },
      "replayPos": {
        "x": -31.08518826013772,
        "y": 1,
        "z": -235.46177491559516
      },
      "renderPos": {
        "x": -27.53481755317543,
        "y": 1,
        "z": -236.28661683458793
      },
      "pendingInputs": 4,
      "firstPendingFrame": 211,
      "lastProcessedFrame": 210
    },
    "timestamp": 31105.800000000745
  },
  {
    "frame": 505,
    "type": "server_correction",
    "id": "o1EM7j8Ve2GP45IgAAAJ",
    "delta": 5.093214008206724,
    "meta": {
      "action": "hard_snap",
      "serverPos": {
        "x": -35.70742449525374,
        "y": 1,
        "z": -239.81531552078457
      },
      "replayPos": {
        "x": -33.50789179179534,
        "y": 1,
        "z": -232.95951098109583
      },
      "renderPos": {
        "x": -28.41542490939829,
        "y": 1,
        "z": -233.04674620954452
      },
      "pendingInputs": 4,
      "firstPendingFrame": 213,
      "lastProcessedFrame": 212
    },
    "timestamp": 31175.5
  },
  {
    "frame": 508,
    "type": "server_correction",
    "id": "o1EM7j8Ve2GP45IgAAAJ",
    "delta": 1.0833844394915053,
    "meta": {
      "action": "smooth",
      "serverPos": {
        "x": -35.38298866194129,
        "y": 1,
        "z": -238.97582675369895
      },
      "replayPos": {
        "x": -32.13863032881669,
        "y": 1,
        "z": -230.58093908284326
      },
      "oldRenderPos": {
        "x": -32.40812544006614,
        "y": 1,
        "z": -229.53160871125147
      },
      "newRenderPos": {
        "x": -32.273377884441416,
        "y": 1,
        "z": -230.05627389704736
      },
      "pendingInputs": 5,
      "firstPendingFrame": 214,
      "lastProcessedFrame": 213
    },
    "timestamp": 31230.60000000149
  },
  {
    "frame": 511,
    "type": "server_correction",
    "id": "o1EM7j8Ve2GP45IgAAAJ",
    "delta": 4.957092249286476,
    "meta": {
      "action": "hard_snap",
      "serverPos": {
        "x": -35.05855282862884,
        "y": 1,
        "z": -238.13633798661334
      },
      "replayPos": {
        "x": -32.46306616212916,
        "y": 1,
        "z": -231.42042784992879
      },
      "renderPos": {
        "x": -31.074112974114442,
        "y": 1,
        "z": -226.66190154345114
      },
      "pendingInputs": 4,
      "firstPendingFrame": 217,
      "lastProcessedFrame": 216
    },
    "timestamp": 31291.10000000149
  },
  {
    "frame": 514,
    "type": "server_correction",
    "id": "o1EM7j8Ve2GP45IgAAAJ",
    "delta": 0.8999999999999628,
    "meta": {
      "action": "smooth",
      "serverPos": {
        "x": -34.73411699531639,
        "y": 1,
        "z": -237.29684921952773
      },
      "replayPos": {
        "x": -31.489758662191793,
        "y": 1,
        "z": -228.90196154867203
      },
      "oldRenderPos": {
        "x": -31.165322828879326,
        "y": 1,
        "z": -228.0624727815865
      },
      "newRenderPos": {
        "x": -31.327540745535558,
        "y": 1,
        "z": -228.48221716512927
      },
      "pendingInputs": 5,
      "firstPendingFrame": 218,
      "lastProcessedFrame": 217
    },
    "timestamp": 31342.10000000149
  },
  {
    "frame": 517,
    "type": "server_correction",
    "id": "o1EM7j8Ve2GP45IgAAAJ",
    "delta": 3.149999999999945,
    "meta": {
      "action": "hard_snap",
      "serverPos": {
        "x": -34.40968116200394,
        "y": 1,
        "z": -236.45736045244212
      },
      "replayPos": {
        "x": -31.165322828879347,
        "y": 1,
        "z": -228.06247278158642
      },
      "renderPos": {
        "x": -30.029797412285724,
        "y": 1,
        "z": -225.124262096787
      },
      "pendingInputs": 5,
      "firstPendingFrame": 220,
      "lastProcessedFrame": 219
    },
    "timestamp": 31411.300000000745
  },
  {
    "frame": 520,
    "type": "server_correction",
    "id": "o1EM7j8Ve2GP45IgAAAJ",
    "delta": 4.49999999999996,
    "meta": {
      "action": "hard_snap",
      "serverPos": {
        "x": -34.08524532869149,
        "y": 1,
        "z": -235.6178716853565
      },
      "replayPos": {
        "x": -31.489758662191814,
        "y": 1,
        "z": -228.90196154867195
      },
      "renderPos": {
        "x": -29.867579495629514,
        "y": 1,
        "z": -224.70451771324414
      },
      "pendingInputs": 4,
      "firstPendingFrame": 223,
      "lastProcessedFrame": 222
    },
    "timestamp": 31467.5
  },
  {
    "frame": 523,
    "type": "server_correction",
    "id": "o1EM7j8Ve2GP45IgAAAJ",
    "delta": 0.8999999999999642,
    "meta": {
      "action": "smooth",
      "serverPos": {
        "x": -33.76080949537904,
        "y": 1,
        "z": -234.7783829182709
      },
      "replayPos": {
        "x": -30.51645116225445,
        "y": 1,
        "z": -226.3834952474152
      },
      "oldRenderPos": {
        "x": -30.19201532894198,
        "y": 1,
        "z": -225.54400648032967
      },
      "newRenderPos": {
        "x": -30.354233245598216,
        "y": 1,
        "z": -225.96375086387243
      },
      "pendingInputs": 5,
      "firstPendingFrame": 224,
      "lastProcessedFrame": 223
    },
    "timestamp": 31526.39999999851
  }
]