[
  {
    "frame": 7538,
    "type": "server_correction",
    "id": "cZlXqWye06cOMXfwAAAD",
    "delta": 0.05546915690102406,
    "meta": {
      "action": "ignore_micro",
      "serverPos": {
        "x": 76.92120285210022,
        "y": 1,
        "z": -150.59812649962868
      },
      "replayPos": {
        "x": 76.92120285210022,
        "y": 1,
        "z": -150.59812649962868
      },
      "renderPos": {
        "x": 76.93233131402093,
        "y": 1,
        "z": -150.5437851277046
      },
      "pendingInputs": 4,
      "firstPendingFrame": 5003,
      "lastProcessedFrame": 5002
    },
    "timestamp": 181984.29999999888
  },
  {
    "frame": 7540,
    "type": "server_correction",
    "id": "cZlXqWye06cOMXfwAAAD",
    "delta": 0.05546915690102406,
    "meta": {
      "action": "ignore_micro",
      "serverPos": {
        "x": 76.92120285210022,
        "y": 1,
        "z": -150.59812649962868
      },
      "replayPos": {
        "x": 76.92120285210022,
        "y": 1,
        "z": -150.59812649962868
      },
      "renderPos": {
        "x": 76.93233131402093,
        "y": 1,
        "z": -150.5437851277046
      },
      "pendingInputs": 4,
      "firstPendingFrame": 5005,
      "lastProcessedFrame": 5004
    },
    "timestamp": 182048.59999999963
  },
  {
    "frame": 7543,
    "type": "server_correction",
    "id": "cZlXqWye06cOMXfwAAAD",
    "delta": 0.05546915690102406,
    "meta": {
      "action": "ignore_micro",
      "serverPos": {
        "x": 76.92120285210022,
        "y": 1,
        "z": -150.59812649962868
      },
      "replayPos": {
        "x": 76.92120285210022,
        "y": 1,
        "z": -150.59812649962868
      },
      "renderPos": {
        "x": 76.93233131402093,
        "y": 1,
        "z": -150.5437851277046
      },
      "pendingInputs": 4,
      "firstPendingFrame": 5007,
      "lastProcessedFrame": 5006
    },
    "timestamp": 182106
  },
  {
    "frame": 7546,
    "type": "server_correction",
    "id": "cZlXqWye06cOMXfwAAAD",
    "delta": 0.05546915690102406,
    "meta": {
      "action": "ignore_micro",
      "serverPos": {
        "x": 76.92120285210022,
        "y": 1,
        "z": -150.59812649962868
      },
      "replayPos": {
        "x": 76.92120285210022,
        "y": 1,
        "z": -150.59812649962868
      },
      "renderPos": {
        "x": 76.93233131402093,
        "y": 1,
        "z": -150.5437851277046
      },
      "pendingInputs": 4,
      "firstPendingFrame": 5009,
      "lastProcessedFrame": 5008
    },
    "timestamp": 182160.5
  },
  {
    "frame": 7548,
    "type": "server_correction",
    "id": "cZlXqWye06cOMXfwAAAD",
    "delta": 0.05546915690102406,
    "meta": {
      "action": "ignore_micro",
      "serverPos": {
        "x": 76.92120285210022,
        "y": 1,
        "z": -150.59812649962868
      },
      "replayPos": {
        "x": 76.92120285210022,
        "y": 1,
        "z": -150.59812649962868
      },
      "renderPos": {
        "x": 76.93233131402093,
        "y": 1,
        "z": -150.5437851277046
      },
      "pendingInputs": 4,
      "firstPendingFrame": 5010,
      "lastProcessedFrame": 5009
    },
    "timestamp": 182214.79999999888
  },
  {
    "frame": 7551,
    "type": "server_correction",
    "id": "cZlXqWye06cOMXfwAAAD",
    "delta": 0.05546915690102406,
    "meta": {
      "action": "ignore_micro",
      "serverPos": {
        "x": 76.92120285210022,
        "y": 1,
        "z": -150.59812649962868
      },
      "replayPos": {
        "x": 76.92120285210022,
        "y": 1,
        "z": -150.59812649962868
      },
      "renderPos": {
        "x": 76.93233131402093,
        "y": 1,
        "z": -150.5437851277046
      },
      "pendingInputs": 4,
      "firstPendingFrame": 5013,
      "lastProcessedFrame": 5012
    },
    "timestamp": 182294.59999999963
  },
  {
    "frame": 7554,
    "type": "server_correction",
    "id": "cZlXqWye06cOMXfwAAAD",
    "delta": 0.05546915690102406,
    "meta": {
      "action": "ignore_micro",
      "serverPos": {
        "x": 76.92120285210022,
        "y": 1,
        "z": -150.59812649962868
      },
      "replayPos": {
        "x": 76.92120285210022,
        "y": 1,
        "z": -150.59812649962868
      },
      "renderPos": {
        "x": 76.93233131402093,
        "y": 1,
        "z": -150.5437851277046
      },
      "pendingInputs": 4,
      "firstPendingFrame": 5014,
      "lastProcessedFrame": 5013
    },
    "timestamp": 182350.69999999925
  },
  {
    "frame": 7557,
    "type": "server_correction",
    "id": "cZlXqWye06cOMXfwAAAD",
    "delta": 0.05546915690102406,
    "meta": {
      "action": "ignore_micro",
      "serverPos": {
        "x": 76.92120285210022,
        "y": 1,
        "z": -150.59812649962868
      },
      "replayPos": {
        "x": 76.92120285210022,
        "y": 1,
        "z": -150.59812649962868
      },
      "renderPos": {
        "x": 76.93233131402093,
        "y": 1,
        "z": -150.5437851277046
      },
      "pendingInputs": 4,
      "firstPendingFrame": 5016,
      "lastProcessedFrame": 5015
    },
    "timestamp": 182410.09999999963
  },
  {
    "frame": 7560,
    "type": "server_correction",
    "id": "cZlXqWye06cOMXfwAAAD",
    "delta": 0.05546915690102406,
    "meta": {
      "action": "ignore_micro",
      "serverPos": {
        "x": 76.92120285210022,
        "y": 1,
        "z": -150.59812649962868
      },
      "replayPos": {
        "x": 76.92120285210022,
        "y": 1,
        "z": -150.59812649962868
      },
      "renderPos": {
        "x": 76.93233131402093,
        "y": 1,
        "z": -150.5437851277046
      },
      "pendingInputs": 4,
      "firstPendingFrame": 5018,
      "lastProcessedFrame": 5017
    },
    "timestamp": 182470.59999999963
  },
  {
    "frame": 7563,
    "type": "server_correction",
    "id": "cZlXqWye06cOMXfwAAAD",
    "delta": 0.05546915690102406,
    "meta": {
      "action": "ignore_micro",
      "serverPos": {
        "x": 76.92120285210022,
        "y": 1,
        "z": -150.59812649962868
      },
      "replayPos": {
        "x": 76.92120285210022,
        "y": 1,
        "z": -150.59812649962868
      },
      "renderPos": {
        "x": 76.93233131402093,
        "y": 1,
        "z": -150.5437851277046
      },
      "pendingInputs": 4,
      "firstPendingFrame": 5020,
      "lastProcessedFrame": 5019
    },
    "timestamp": 182534
  },
  {
    "frame": 7566,
    "type": "server_correction",
    "id": "cZlXqWye06cOMXfwAAAD",
    "delta": 0.05546915690102406,
    "meta": {
      "action": "ignore_micro",
      "serverPos": {
        "x": 76.92120285210022,
        "y": 1,
        "z": -150.59812649962868
      },
      "replayPos": {
        "x": 76.92120285210022,
        "y": 1,
        "z": -150.59812649962868
      },
      "renderPos": {
        "x": 76.93233131402093,
        "y": 1,
        "z": -150.5437851277046
      },
      "pendingInputs": 4,
      "firstPendingFrame": 5022,
      "lastProcessedFrame": 5021
    },
    "timestamp": 182596.79999999888
  },
  {
    "frame": 7569,
    "type": "server_correction",
    "id": "cZlXqWye06cOMXfwAAAD",
    "delta": 0.05546915690102406,
    "meta": {
      "action": "ignore_micro",
      "serverPos": {
        "x": 76.92120285210022,
        "y": 1,
        "z": -150.59812649962868
      },
      "replayPos": {
        "x": 76.92120285210022,
        "y": 1,
        "z": -150.59812649962868
      },
      "renderPos": {
        "x": 76.93233131402093,
        "y": 1,
        "z": -150.5437851277046
      },
      "pendingInputs": 4,
      "firstPendingFrame": 5023,
      "lastProcessedFrame": 5022
    },
    "timestamp": 182653.79999999888
  },
  {
    "frame": 7571,
    "type": "server_correction",
    "id": "cZlXqWye06cOMXfwAAAD",
    "delta": 0.05546915690102406,
    "meta": {
      "action": "ignore_micro",
      "serverPos": {
        "x": 76.92120285210022,
        "y": 1,
        "z": -150.59812649962868
      },
      "replayPos": {
        "x": 76.92120285210022,
        "y": 1,
        "z": -150.59812649962868
      },
      "renderPos": {
        "x": 76.93233131402093,
        "y": 1,
        "z": -150.5437851277046
      },
      "pendingInputs": 4,
      "firstPendingFrame": 5025,
      "lastProcessedFrame": 5024
    },
    "timestamp": 182712.09999999963
  },
  {
    "frame": 7574,
    "type": "server_correction",
    "id": "cZlXqWye06cOMXfwAAAD",
    "delta": 0.05546915690102406,
    "meta": {
      "action": "ignore_micro",
      "serverPos": {
        "x": 76.92120285210022,
        "y": 1,
        "z": -150.59812649962868
      },
      "replayPos": {
        "x": 76.92120285210022,
        "y": 1,
        "z": -150.59812649962868
      },
      "renderPos": {
        "x": 76.93233131402093,
        "y": 1,
        "z": -150.5437851277046
      },
      "pendingInputs": 4,
      "firstPendingFrame": 5027,
      "lastProcessedFrame": 5026
    },
    "timestamp": 182775.09999999963
  },
  {
    "frame": 7577,
    "type": "server_correction",
    "id": "cZlXqWye06cOMXfwAAAD",
    "delta": 0.05546915690102406,
    "meta": {
      "action": "ignore_micro",
      "serverPos": {
        "x": 76.92120285210022,
        "y": 1,
        "z": -150.59812649962868
      },
      "replayPos": {
        "x": 76.92120285210022,
        "y": 1,
        "z": -150.59812649962868
      },
      "renderPos": {
        "x": 76.93233131402093,
        "y": 1,
        "z": -150.5437851277046
      },
      "pendingInputs": 4,
      "firstPendingFrame": 5029,
      "lastProcessedFrame": 5028
    },
    "timestamp": 182835.5
  },
  {
    "frame": 7580,
    "type": "server_correction",
    "id": "cZlXqWye06cOMXfwAAAD",
    "delta": 0.05546915690102406,
    "meta": {
      "action": "ignore_micro",
      "serverPos": {
        "x": 76.92120285210022,
        "y": 1,
        "z": -150.59812649962868
      },
      "replayPos": {
        "x": 76.92120285210022,
        "y": 1,
        "z": -150.59812649962868
      },
      "renderPos": {
        "x": 76.93233131402093,
        "y": 1,
        "z": -150.5437851277046
      },
      "pendingInputs": 5,
      "firstPendingFrame": 5030,
      "lastProcessedFrame": 5029
    },
    "timestamp": 182898.29999999888
  },
  {
    "frame": 7583,
    "type": "server_correction",
    "id": "cZlXqWye06cOMXfwAAAD",
    "delta": 0.05546915690102406,
    "meta": {
      "action": "ignore_micro",
      "serverPos": {
        "x": 76.92120285210022,
        "y": 1,
        "z": -150.59812649962868
      },
      "replayPos": {
        "x": 76.92120285210022,
        "y": 1,
        "z": -150.59812649962868
      },
      "renderPos": {
        "x": 76.93233131402093,
        "y": 1,
        "z": -150.5437851277046
      },
      "pendingInputs": 5,
      "firstPendingFrame": 5032,
      "lastProcessedFrame": 5031
    },
    "timestamp": 182959.5
  },
  {
    "frame": 7586,
    "type": "server_correction",
    "id": "cZlXqWye06cOMXfwAAAD",
    "delta": 0.05546915690102406,
    "meta": {
      "action": "ignore_micro",
      "serverPos": {
        "x": 76.92120285210022,
        "y": 1,
        "z": -150.59812649962868
      },
      "replayPos": {
        "x": 76.92120285210022,
        "y": 1,
        "z": -150.59812649962868
      },
      "renderPos": {
        "x": 76.93233131402093,
        "y": 1,
        "z": -150.5437851277046
      },
      "pendingInputs": 4,
      "firstPendingFrame": 5034,
      "lastProcessedFrame": 5033
    },
    "timestamp": 183018.59999999963
  },
  {
    "frame": 7589,
    "type": "server_correction",
    "id": "cZlXqWye06cOMXfwAAAD",
    "delta": 0.05546915690102406,
    "meta": {
      "action": "ignore_micro",
      "serverPos": {
        "x": 76.92120285210022,
        "y": 1,
        "z": -150.59812649962868
      },
      "replayPos": {
        "x": 76.92120285210022,
        "y": 1,
        "z": -150.59812649962868
      },
      "renderPos": {
        "x": 76.93233131402093,
        "y": 1,
        "z": -150.5437851277046
      },
      "pendingInputs": 4,
      "firstPendingFrame": 5036,
      "lastProcessedFrame": 5035
    },
    "timestamp": 183074.8999999985
  },
  {
    "frame": 7592,
    "type": "server_correction",
    "id": "cZlXqWye06cOMXfwAAAD",
    "delta": 0.05546915690102406,
    "meta": {
      "action": "ignore_micro",
      "serverPos": {
        "x": 76.92120285210022,
        "y": 1,
        "z": -150.59812649962868
      },
      "replayPos": {
        "x": 76.92120285210022,
        "y": 1,
        "z": -150.59812649962868
      },
      "renderPos": {
        "x": 76.93233131402093,
        "y": 1,
        "z": -150.5437851277046
      },
      "pendingInputs": 4,
      "firstPendingFrame": 5038,
      "lastProcessedFrame": 5037
    },
    "timestamp": 183135.79999999888
  },
  {
    "frame": 7595,
    "type": "server_correction",
    "id": "cZlXqWye06cOMXfwAAAD",
    "delta": 0.05546915690102406,
    "meta": {
      "action": "ignore_micro",
      "serverPos": {
        "x": 76.92120285210022,
        "y": 1,
        "z": -150.59812649962868
      },
      "replayPos": {
        "x": 76.92120285210022,
        "y": 1,
        "z": -150.59812649962868
      },
      "renderPos": {
        "x": 76.93233131402093,
        "y": 1,
        "z": -150.5437851277046
      },
      "pendingInputs": 4,
      "firstPendingFrame": 5039,
      "lastProcessedFrame": 5038
    },
    "timestamp": 183194.59999999963
  },
  {
    "frame": 7598,
    "type": "server_correction",
    "id": "cZlXqWye06cOMXfwAAAD",
    "delta": 0.05546915690102406,
    "meta": {
      "action": "ignore_micro",
      "serverPos": {
        "x": 76.92120285210022,
        "y": 1,
        "z": -150.59812649962868
      },
      "replayPos": {
        "x": 76.92120285210022,
        "y": 1,
        "z": -150.59812649962868
      },
      "renderPos": {
        "x": 76.93233131402093,
        "y": 1,
        "z": -150.5437851277046
      },
      "pendingInputs": 5,
      "firstPendingFrame": 5040,
      "lastProcessedFrame": 5039
    },
    "timestamp": 183253.5
  },
  {
    "frame": 7601,
    "type": "server_correction",
    "id": "cZlXqWye06cOMXfwAAAD",
    "delta": 0.05546915690102406,
    "meta": {
      "action": "ignore_micro",
      "serverPos": {
        "x": 76.92120285210022,
        "y": 1,
        "z": -150.59812649962868
      },
      "replayPos": {
        "x": 76.92120285210022,
        "y": 1,
        "z": -150.59812649962868
      },
      "renderPos": {
        "x": 76.93233131402093,
        "y": 1,
        "z": -150.5437851277046
      },
      "pendingInputs": 4,
      "firstPendingFrame": 5043,
      "lastProcessedFrame": 5042
    },
    "timestamp": 183310.59999999963
  },
  {
    "frame": 7605,
    "type": "server_correction",
    "id": "cZlXqWye06cOMXfwAAAD",
    "delta": 0.05546915690102406,
    "meta": {
      "action": "ignore_micro",
      "serverPos": {
        "x": 76.92120285210022,
        "y": 1,
        "z": -150.59812649962868
      },
      "replayPos": {
        "x": 76.92120285210022,
        "y": 1,
        "z": -150.59812649962868
      },
      "renderPos": {
        "x": 76.93233131402093,
        "y": 1,
        "z": -150.5437851277046
      },
      "pendingInputs": 4,
      "firstPendingFrame": 5045,
      "lastProcessedFrame": 5044
    },
    "timestamp": 183388.29999999888
  },
  {
    "frame": 7608,
    "type": "server_correction",
    "id": "cZlXqWye06cOMXfwAAAD",
    "delta": 0.05546915690102406,
    "meta": {
      "action": "ignore_micro",
      "serverPos": {
        "x": 76.92120285210022,
        "y": 1,
        "z": -150.59812649962868
      },
      "replayPos": {
        "x": 76.92120285210022,
        "y": 1,
        "z": -150.59812649962868
      },
      "renderPos": {
        "x": 76.93233131402093,
        "y": 1,
        "z": -150.5437851277046
      },
      "pendingInputs": 4,
      "firstPendingFrame": 5047,
      "lastProcessedFrame": 5046
    },
    "timestamp": 183438.59999999963
  },
  {
    "frame": 7611,
    "type": "server_correction",
    "id": "cZlXqWye06cOMXfwAAAD",
    "delta": 0.05546915690102406,
    "meta": {
      "action": "ignore_micro",
      "serverPos": {
        "x": 76.92120285210022,
        "y": 1,
        "z": -150.59812649962868
      },
      "replayPos": {
        "x": 76.92120285210022,
        "y": 1,
        "z": -150.59812649962868
      },
      "renderPos": {
        "x": 76.93233131402093,
        "y": 1,
        "z": -150.5437851277046
      },
      "pendingInputs": 5,
      "firstPendingFrame": 5048,
      "lastProcessedFrame": 5047
    },
    "timestamp": 183506.69999999925
  },
  {
    "frame": 7614,
    "type": "server_correction",
    "id": "cZlXqWye06cOMXfwAAAD",
    "delta": 0.05546915690102406,
    "meta": {
      "action": "ignore_micro",
      "serverPos": {
        "x": 76.92120285210022,
        "y": 1,
        "z": -150.59812649962868
      },
      "replayPos": {
        "x": 76.92120285210022,
        "y": 1,
        "z": -150.59812649962868
      },
      "renderPos": {
        "x": 76.93233131402093,
        "y": 1,
        "z": -150.5437851277046
      },
      "pendingInputs": 5,
      "firstPendingFrame": 5050,
      "lastProcessedFrame": 5049
    },
    "timestamp": 183566.59999999963
  },
  {
    "frame": 7617,
    "type": "server_correction",
    "id": "cZlXqWye06cOMXfwAAAD",
    "delta": 0.05546915690102406,
    "meta": {
      "action": "ignore_micro",
      "serverPos": {
        "x": 76.92120285210022,
        "y": 1,
        "z": -150.59812649962868
      },
      "replayPos": {
        "x": 76.92120285210022,
        "y": 1,
        "z": -150.59812649962868
      },
      "renderPos": {
        "x": 76.93233131402093,
        "y": 1,
        "z": -150.5437851277046
      },
      "pendingInputs": 4,
      "firstPendingFrame": 5052,
      "lastProcessedFrame": 5051
    },
    "timestamp": 183626.19999999925
  },
  {
    "frame": 7620,
    "type": "server_correction",
    "id": "cZlXqWye06cOMXfwAAAD",
    "delta": 0.05546915690102406,
    "meta": {
      "action": "ignore_micro",
      "serverPos": {
        "x": 76.92120285210022,
        "y": 1,
        "z": -150.59812649962868
      },
      "replayPos": {
        "x": 76.92120285210022,
        "y": 1,
        "z": -150.59812649962868
      },
      "renderPos": {
        "x": 76.93233131402093,
        "y": 1,
        "z": -150.5437851277046
      },
      "pendingInputs": 4,
      "firstPendingFrame": 5054,
      "lastProcessedFrame": 5053
    },
    "timestamp": 183688.29999999888
  },
  {
    "frame": 7623,
    "type": "server_correction",
    "id": "cZlXqWye06cOMXfwAAAD",
    "delta": 0.05546915690102406,
    "meta": {
      "action": "ignore_micro",
      "serverPos": {
        "x": 76.92120285210022,
        "y": 1,
        "z": -150.59812649962868
      },
      "replayPos": {
        "x": 76.92120285210022,
        "y": 1,
        "z": -150.59812649962868
      },
      "renderPos": {
        "x": 76.93233131402093,
        "y": 1,
        "z": -150.5437851277046
      },
      "pendingInputs": 4,
      "firstPendingFrame": 5056,
      "lastProcessedFrame": 5055
    },
    "timestamp": 183754.59999999963
  },
  {
    "frame": 7626,
    "type": "server_correction",
    "id": "cZlXqWye06cOMXfwAAAD",
    "delta": 0.05546915690102406,
    "meta": {
      "action": "ignore_micro",
      "serverPos": {
        "x": 76.92120285210022,
        "y": 1,
        "z": -150.59812649962868
      },
      "replayPos": {
        "x": 76.92120285210022,
        "y": 1,
        "z": -150.59812649962868
      },
      "renderPos": {
        "x": 76.93233131402093,
        "y": 1,
        "z": -150.5437851277046
      },
      "pendingInputs": 3,
      "firstPendingFrame": 5058,
      "lastProcessedFrame": 5057
    },
    "timestamp": 183806.8999999985
  },
  {
    "frame": 7629,
    "type": "server_correction",
    "id": "cZlXqWye06cOMXfwAAAD",
    "delta": 0.05546915690102406,
    "meta": {
      "action": "ignore_micro",
      "serverPos": {
        "x": 76.92120285210022,
        "y": 1,
        "z": -150.59812649962868
      },
      "replayPos": {
        "x": 76.92120285210022,
        "y": 1,
        "z": -150.59812649962868
      },
      "renderPos": {
        "x": 76.93233131402093,
        "y": 1,
        "z": -150.5437851277046
      },
      "pendingInputs": 5,
      "firstPendingFrame": 5059,
      "lastProcessedFrame": 5058
    },
    "timestamp": 183868.69999999925
  },
  {
    "frame": 7632,
    "type": "server_correction",
    "id": "cZlXqWye06cOMXfwAAAD",
    "delta": 0.05546915690102406,
    "meta": {
      "action": "ignore_micro",
      "serverPos": {
        "x": 76.92120285210022,
        "y": 1,
        "z": -150.59812649962868
      },
      "replayPos": {
        "x": 76.92120285210022,
        "y": 1,
        "z": -150.59812649962868
      },
      "renderPos": {
        "x": 76.93233131402093,
        "y": 1,
        "z": -150.5437851277046
      },
      "pendingInputs": 4,
      "firstPendingFrame": 5061,
      "lastProcessedFrame": 5060
    },
    "timestamp": 183931
  },
  {
    "frame": 7635,
    "type": "server_correction",
    "id": "cZlXqWye06cOMXfwAAAD",
    "delta": 0.05546915690102406,
    "meta": {
      "action": "ignore_micro",
      "serverPos": {
        "x": 76.92120285210022,
        "y": 1,
        "z": -150.59812649962868
      },
      "replayPos": {
        "x": 76.92120285210022,
        "y": 1,
        "z": -150.59812649962868
      },
      "renderPos": {
        "x": 76.93233131402093,
        "y": 1,
        "z": -150.5437851277046
      },
      "pendingInputs": 4,
      "firstPendingFrame": 5063,
      "lastProcessedFrame": 5062
    },
    "timestamp": 183996.09999999963
  },
  {
    "frame": 7638,
    "type": "server_correction",
    "id": "cZlXqWye06cOMXfwAAAD",
    "delta": 0.05546915690102406,
    "meta": {
      "action": "ignore_micro",
      "serverPos": {
        "x": 76.92120285210022,
        "y": 1,
        "z": -150.59812649962868
      },
      "replayPos": {
        "x": 76.92120285210022,
        "y": 1,
        "z": -150.59812649962868
      },
      "renderPos": {
        "x": 76.93233131402093,
        "y": 1,
        "z": -150.5437851277046
      },
      "pendingInputs": 4,
      "firstPendingFrame": 5065,
      "lastProcessedFrame": 5064
    },
    "timestamp": 184057.59999999963
  },
  {
    "frame": 7641,
    "type": "server_correction",
    "id": "cZlXqWye06cOMXfwAAAD",
    "delta": 0.05546915690102406,
    "meta": {
      "action": "ignore_micro",
      "serverPos": {
        "x": 76.92120285210022,
        "y": 1,
        "z": -150.59812649962868
      },
      "replayPos": {
        "x": 76.92120285210022,
        "y": 1,
        "z": -150.59812649962868
      },
      "renderPos": {
        "x": 76.93233131402093,
        "y": 1,
        "z": -150.5437851277046
      },
      "pendingInputs": 7,
      "firstPendingFrame": 5067,
      "lastProcessedFrame": 5066
    },
    "timestamp": 184197.3999999985
  },
  {
    "frame": 7644,
    "type": "server_correction",
    "id": "cZlXqWye06cOMXfwAAAD",
    "delta": 0.05546915690102406,
    "meta": {
      "action": "ignore_micro",
      "serverPos": {
        "x": 76.92120285210022,
        "y": 1,
        "z": -150.59812649962868
      },
      "replayPos": {
        "x": 76.92120285210022,
        "y": 1,
        "z": -150.59812649962868
      },
      "renderPos": {
        "x": 76.93233131402093,
        "y": 1,
        "z": -150.5437851277046
      },
      "pendingInputs": 5,
      "firstPendingFrame": 5069,
      "lastProcessedFrame": 5068
    },
    "timestamp": 184202.69999999925
  },
  {
    "frame": 7647,
    "type": "server_correction",
    "id": "cZlXqWye06cOMXfwAAAD",
    "delta": 0.05546915690102406,
    "meta": {
      "action": "ignore_micro",
      "serverPos": {
        "x": 76.92120285210022,
        "y": 1,
        "z": -150.59812649962868
      },
      "replayPos": {
        "x": 76.92120285210022,
        "y": 1,
        "z": -150.59812649962868
      },
      "renderPos": {
        "x": 76.93233131402093,
        "y": 1,
        "z": -150.5437851277046
      },
      "pendingInputs": 4,
      "firstPendingFrame": 5071,
      "lastProcessedFrame": 5070
    },
    "timestamp": 184241.8999999985
  },
  {
    "frame": 7650,
    "type": "server_correction",
    "id": "cZlXqWye06cOMXfwAAAD",
    "delta": 0.05546915690102406,
    "meta": {
      "action": "ignore_micro",
      "serverPos": {
        "x": 76.92120285210022,
        "y": 1,
        "z": -150.59812649962868
      },
      "replayPos": {
        "x": 76.92120285210022,
        "y": 1,
        "z": -150.59812649962868
      },
      "renderPos": {
        "x": 76.93233131402093,
        "y": 1,
        "z": -150.5437851277046
      },
      "pendingInputs": 5,
      "firstPendingFrame": 5072,
      "lastProcessedFrame": 5071
    },
    "timestamp": 184307.79999999888
  },
  {
    "frame": 7653,
    "type": "server_correction",
    "id": "cZlXqWye06cOMXfwAAAD",
    "delta": 0.05546915690102406,
    "meta": {
      "action": "ignore_micro",
      "serverPos": {
        "x": 76.92120285210022,
        "y": 1,
        "z": -150.59812649962868
      },
      "replayPos": {
        "x": 76.92120285210022,
        "y": 1,
        "z": -150.59812649962868
      },
      "renderPos": {
        "x": 76.93233131402093,
        "y": 1,
        "z": -150.5437851277046
      },
      "pendingInputs": 5,
      "firstPendingFrame": 5074,
      "lastProcessedFrame": 5073
    },
    "timestamp": 184376.5
  },
  {
    "frame": 7656,
    "type": "server_correction",
    "id": "cZlXqWye06cOMXfwAAAD",
    "delta": 0.05546915690102406,
    "meta": {
      "action": "ignore_micro",
      "serverPos": {
        "x": 76.92120285210022,
        "y": 1,
        "z": -150.59812649962868
      },
      "replayPos": {
        "x": 76.92120285210022,
        "y": 1,
        "z": -150.59812649962868
      },
      "renderPos": {
        "x": 76.93233131402093,
        "y": 1,
        "z": -150.5437851277046
      },
      "pendingInputs": 5,
      "firstPendingFrame": 5076,
      "lastProcessedFrame": 5075
    },
    "timestamp": 184428.69999999925
  },
  {
    "frame": 7659,
    "type": "server_correction",
    "id": "cZlXqWye06cOMXfwAAAD",
    "delta": 0.05546915690102406,
    "meta": {
      "action": "ignore_micro",
      "serverPos": {
        "x": 76.92120285210022,
        "y": 1,
        "z": -150.59812649962868
      },
      "replayPos": {
        "x": 76.92120285210022,
        "y": 1,
        "z": -150.59812649962868
      },
      "renderPos": {
        "x": 76.93233131402093,
        "y": 1,
        "z": -150.5437851277046
      },
      "pendingInputs": 3,
      "firstPendingFrame": 5079,
      "lastProcessedFrame": 5078
    },
    "timestamp": 184495.19999999925
  },
  {
    "frame": 7662,
    "type": "server_correction",
    "id": "cZlXqWye06cOMXfwAAAD",
    "delta": 0.05546915690102406,
    "meta": {
      "action": "ignore_micro",
      "serverPos": {
        "x": 76.92120285210022,
        "y": 1,
        "z": -150.59812649962868
      },
      "replayPos": {
        "x": 76.92120285210022,
        "y": 1,
        "z": -150.59812649962868
      },
      "renderPos": {
        "x": 76.93233131402093,
        "y": 1,
        "z": -150.5437851277046
      },
      "pendingInputs": 4,
      "firstPendingFrame": 5080,
      "lastProcessedFrame": 5079
    },
    "timestamp": 184543.5
  },
  {
    "frame": 7665,
    "type": "server_correction",
    "id": "cZlXqWye06cOMXfwAAAD",
    "delta": 0.05546915690102406,
    "meta": {
      "action": "ignore_micro",
      "serverPos": {
        "x": 76.92120285210022,
        "y": 1,
        "z": -150.59812649962868
      },
      "replayPos": {
        "x": 76.92120285210022,
        "y": 1,
        "z": -150.59812649962868
      },
      "renderPos": {
        "x": 76.93233131402093,
        "y": 1,
        "z": -150.5437851277046
      },
      "pendingInputs": 4,
      "firstPendingFrame": 5081,
      "lastProcessedFrame": 5080
    },
    "timestamp": 184599.5
  },
  {
    "frame": 7671,
    "type": "server_correction",
    "id": "cZlXqWye06cOMXfwAAAD",
    "delta": 0.05546915690102406,
    "meta": {
      "action": "ignore_micro",
      "serverPos": {
        "x": 76.92120285210022,
        "y": 1,
        "z": -150.59812649962868
      },
      "replayPos": {
        "x": 76.92120285210022,
        "y": 1,
        "z": -150.59812649962868
      },
      "renderPos": {
        "x": 76.93233131402093,
        "y": 1,
        "z": -150.5437851277046
      },
      "pendingInputs": 4,
      "firstPendingFrame": 5085,
      "lastProcessedFrame": 5084
    },
    "timestamp": 184722.69999999925
  },
  {
    "frame": 7674,
    "type": "server_correction",
    "id": "cZlXqWye06cOMXfwAAAD",
    "delta": 0.05546915690102406,
    "meta": {
      "action": "ignore_micro",
      "serverPos": {
        "x": 76.92120285210022,
        "y": 1,
        "z": -150.59812649962868
      },
      "replayPos": {
        "x": 76.92120285210022,
        "y": 1,
        "z": -150.59812649962868
      },
      "renderPos": {
        "x": 76.93233131402093,
        "y": 1,
        "z": -150.5437851277046
      },
      "pendingInputs": 4,
      "firstPendingFrame": 5087,
      "lastProcessedFrame": 5086
    },
    "timestamp": 184785.5
  },
  {
    "frame": 7677,
    "type": "server_correction",
    "id": "cZlXqWye06cOMXfwAAAD",
    "delta": 0.05546915690102406,
    "meta": {
      "action": "ignore_micro",
      "serverPos": {
        "x": 76.92120285210022,
        "y": 1,
        "z": -150.59812649962868
      },
      "replayPos": {
        "x": 76.92120285210022,
        "y": 1,
        "z": -150.59812649962868
      },
      "renderPos": {
        "x": 76.93233131402093,
        "y": 1,
        "z": -150.5437851277046
      },
      "pendingInputs": 5,
      "firstPendingFrame": 5089,
      "lastProcessedFrame": 5088
    },
    "timestamp": 184845.5
  },
  {
    "frame": 7680,
    "type": "server_correction",
    "id": "cZlXqWye06cOMXfwAAAD",
    "delta": 0.05546915690102406,
    "meta": {
      "action": "ignore_micro",
      "serverPos": {
        "x": 76.92120285210022,
        "y": 1,
        "z": -150.59812649962868
      },
      "replayPos": {
        "x": 76.92120285210022,
        "y": 1,
        "z": -150.59812649962868
      },
      "renderPos": {
        "x": 76.93233131402093,
        "y": 1,
        "z": -150.5437851277046
      },
      "pendingInputs": 5,
      "firstPendingFrame": 5090,
      "lastProcessedFrame": 5089
    },
    "timestamp": 184901.5
  },
  {
    "frame": 7682,
    "type": "server_correction",
    "id": "cZlXqWye06cOMXfwAAAD",
    "delta": 0.05546915690102406,
    "meta": {
      "action": "ignore_micro",
      "serverPos": {
        "x": 76.92120285210022,
        "y": 1,
        "z": -150.59812649962868
      },
      "replayPos": {
        "x": 76.92120285210022,
        "y": 1,
        "z": -150.59812649962868
      },
      "renderPos": {
        "x": 76.93233131402093,
        "y": 1,
        "z": -150.5437851277046
      },
      "pendingInputs": 4,
      "firstPendingFrame": 5093,
      "lastProcessedFrame": 5092
    },
    "timestamp": 184950.5
  },
  {
    "frame": 7684,
    "type": "server_correction",
    "id": "cZlXqWye06cOMXfwAAAD",
    "delta": 0.05546915690102406,
    "meta": {
      "action": "ignore_micro",
      "serverPos": {
        "x": 76.92120285210022,
        "y": 1,
        "z": -150.59812649962868
      },
      "replayPos": {
        "x": 76.92120285210022,
        "y": 1,
        "z": -150.59812649962868
      },
      "renderPos": {
        "x": 76.93233131402093,
        "y": 1,
        "z": -150.5437851277046
      },
      "pendingInputs": 5,
      "firstPendingFrame": 5094,
      "lastProcessedFrame": 5093
    },
    "timestamp": 185013.8999999985
  },
  {
    "frame": 7687,
    "type": "server_correction",
    "id": "cZlXqWye06cOMXfwAAAD",
    "delta": 0.05546915690102406,
    "meta": {
      "action": "ignore_micro",
      "serverPos": {
        "x": 76.92120285210022,
        "y": 1,
        "z": -150.59812649962868
      },
      "replayPos": {
        "x": 76.92120285210022,
        "y": 1,
        "z": -150.59812649962868
      },
      "renderPos": {
        "x": 76.93233131402093,
        "y": 1,
        "z": -150.5437851277046
      },
      "pendingInputs": 4,
      "firstPendingFrame": 5096,
      "lastProcessedFrame": 5095
    },
    "timestamp": 185092.69999999925
  },
  {
    "frame": 7690,
    "type": "server_correction",
    "id": "cZlXqWye06cOMXfwAAAD",
    "delta": 0.05546915690102406,
    "meta": {
      "action": "ignore_micro",
      "serverPos": {
        "x": 76.92120285210022,
        "y": 1,
        "z": -150.59812649962868
      },
      "replayPos": {
        "x": 76.92120285210022,
        "y": 1,
        "z": -150.59812649962868
      },
      "renderPos": {
        "x": 76.93233131402093,
        "y": 1,
        "z": -150.5437851277046
      },
      "pendingInputs": 5,
      "firstPendingFrame": 5097,
      "lastProcessedFrame": 5096
    },
    "timestamp": 185124.59999999963
  },
  {
    "frame": 7694,
    "type": "server_correction",
    "id": "cZlXqWye06cOMXfwAAAD",
    "delta": 0.05546915690102406,
    "meta": {
      "action": "ignore_micro",
      "serverPos": {
        "x": 76.92120285210022,
        "y": 1,
        "z": -150.59812649962868
      },
      "replayPos": {
        "x": 76.92120285210022,
        "y": 1,
        "z": -150.59812649962868
      },
      "renderPos": {
        "x": 76.93233131402093,
        "y": 1,
        "z": -150.5437851277046
      },
      "pendingInputs": 5,
      "firstPendingFrame": 5099,
      "lastProcessedFrame": 5098
    },
    "timestamp": 185200.69999999925
  },
  {
    "frame": 7697,
    "type": "server_correction",
    "id": "cZlXqWye06cOMXfwAAAD",
    "delta": 0.05546915690102406,
    "meta": {
      "action": "ignore_micro",
      "serverPos": {
        "x": 76.92120285210022,
        "y": 1,
        "z": -150.59812649962868
      },
      "replayPos": {
        "x": 76.92120285210022,
        "y": 1,
        "z": -150.59812649962868
      },
      "renderPos": {
        "x": 76.93233131402093,
        "y": 1,
        "z": -150.5437851277046
      },
      "pendingInputs": 3,
      "firstPendingFrame": 5102,
      "lastProcessedFrame": 5101
    },
    "timestamp": 185256.5
  },
  {
    "frame": 7700,
    "type": "server_correction",
    "id": "cZlXqWye06cOMXfwAAAD",
    "delta": 0.05546915690102406,
    "meta": {
      "action": "ignore_micro",
      "serverPos": {
        "x": 76.92120285210022,
        "y": 1,
        "z": -150.59812649962868
      },
      "replayPos": {
        "x": 76.92120285210022,
        "y": 1,
        "z": -150.59812649962868
      },
      "renderPos": {
        "x": 76.93233131402093,
        "y": 1,
        "z": -150.5437851277046
      },
      "pendingInputs": 4,
      "firstPendingFrame": 5103,
      "lastProcessedFrame": 5102
    },
    "timestamp": 185322.8999999985
  },
  {
    "frame": 7703,
    "type": "server_correction",
    "id": "cZlXqWye06cOMXfwAAAD",
    "delta": 0.05546915690102406,
    "meta": {
      "action": "ignore_micro",
      "serverPos": {
        "x": 76.92120285210022,
        "y": 1,
        "z": -150.59812649962868
      },
      "replayPos": {
        "x": 76.92120285210022,
        "y": 1,
        "z": -150.59812649962868
      },
      "renderPos": {
        "x": 76.93233131402093,
        "y": 1,
        "z": -150.5437851277046
      },
      "pendingInputs": 4,
      "firstPendingFrame": 5105,
      "lastProcessedFrame": 5104
    },
    "timestamp": 185372.69999999925
  },
  {
    "frame": 7706,
    "type": "server_correction",
    "id": "cZlXqWye06cOMXfwAAAD",
    "delta": 0.05546915690102406,
    "meta": {
      "action": "ignore_micro",
      "serverPos": {
        "x": 76.92120285210022,
        "y": 1,
        "z": -150.59812649962868
      },
      "replayPos": {
        "x": 76.92120285210022,
        "y": 1,
        "z": -150.59812649962868
      },
      "renderPos": {
        "x": 76.93233131402093,
        "y": 1,
        "z": -150.5437851277046
      },
      "pendingInputs": 4,
      "firstPendingFrame": 5107,
      "lastProcessedFrame": 5106
    },
    "timestamp": 185437.09999999963
  },
  {
    "frame": 7709,
    "type": "server_correction",
    "id": "cZlXqWye06cOMXfwAAAD",
    "delta": 0.05546915690102406,
    "meta": {
      "action": "ignore_micro",
      "serverPos": {
        "x": 76.92120285210022,
        "y": 1,
        "z": -150.59812649962868
      },
      "replayPos": {
        "x": 76.92120285210022,
        "y": 1,
        "z": -150.59812649962868
      },
      "renderPos": {
        "x": 76.93233131402093,
        "y": 1,
        "z": -150.5437851277046
      },
      "pendingInputs": 2,
      "firstPendingFrame": 5109,
      "lastProcessedFrame": 5108
    },
    "timestamp": 185507
  },
  {
    "frame": 7712,
    "type": "server_correction",
    "id": "cZlXqWye06cOMXfwAAAD",
    "delta": 0.05546915690102406,
    "meta": {
      "action": "smooth_no_pending",
      "serverPos": {
        "x": 76.92120285210022,
        "y": 1,
        "z": -150.59812649962868
      },
      "renderPos": {
        "x": 76.92954919854076,
        "y": 1,
        "z": -150.5573704706856
      }
    },
    "timestamp": 185562
  }
]