[
  {
    "frame": 187,
    "type": "server_correction",
    "id": "fYRx1xGm9HpSurU2AAAV",
    "delta": 0,
    "meta": {
      "action": "ignore_micro",
      "serverPos": {
        "x": 6,
        "y": 1,
        "z": -245
      },
      "replayPos": {
        "x": 6,
        "y": 1,
        "z": -245
      },
      "renderPos": {
        "x": 6,
        "y": 1,
        "z": -245
      },
      "pendingInputs": 6,
      "firstPendingFrame": 1,
      "lastProcessedFrame": 1
    },
    "timestamp": 30537.10000000149
  },
  {
    "frame": 190,
    "type": "server_correction",
    "id": "fYRx1xGm9HpSurU2AAAV",
    "delta": 0,
    "meta": {
      "action": "ignore_micro",
      "serverPos": {
        "x": 6,
        "y": 1,
        "z": -245
      },
      "replayPos": {
        "x": 6,
        "y": 1,
        "z": -245
      },
      "renderPos": {
        "x": 6,
        "y": 1,
        "z": -245
      },
      "pendingInputs": 8,
      "firstPendingFrame": 1,
      "lastProcessedFrame": 3
    },
    "timestamp": 30592.199999999255
  },
  {
    "frame": 193,
    "type": "server_correction",
    "id": "fYRx1xGm9HpSurU2AAAV",
    "delta": 0.3535533905932738,
    "meta": {
      "action": "smooth",
      "serverPos": {
        "x": 6,
        "y": 1,
        "z": -245
      },
      "replayPos": {
        "x": 5.75,
        "y": 1,
        "z": -245
      },
      "oldRenderPos": {
        "x": 6,
        "y": 1,
        "z": -244.75
      },
      "newRenderPos": {
        "x": 5.875,
        "y": 1,
        "z": -244.875
      },
      "pendingInputs": 11,
      "firstPendingFrame": 1,
      "lastProcessedFrame": 6
    },
    "timestamp": 30702.199999999255
  },
  {
    "frame": 196,
    "type": "server_correction",
    "id": "fYRx1xGm9HpSurU2AAAV",
    "delta": 0.5501787067914651,
    "meta": {
      "action": "smooth",
      "serverPos": {
        "x": 6,
        "y": 1,
        "z": -245
      },
      "replayPos": {
        "x": 5.25,
        "y": 1,
        "z": -245
      },
      "oldRenderPos": {
        "x": 5.521446609406726,
        "y": 1,
        "z": -244.52144660940672
      },
      "newRenderPos": {
        "x": 5.3857233047033635,
        "y": 1,
        "z": -244.76072330470336
      },
      "pendingInputs": 12,
      "firstPendingFrame": 1,
      "lastProcessedFrame": 7
    },
    "timestamp": 30717.300000000745
  },
  {
    "frame": 199,
    "type": "server_correction",
    "id": "fYRx1xGm9HpSurU2AAAV",
    "delta": 0.9479224310432176,
    "meta": {
      "action": "smooth",
      "serverPos": {
        "x": 6,
        "y": 1,
        "z": -245
      },
      "replayPos": {
        "x": 3.5,
        "y": 1,
        "z": -245
      },
      "oldRenderPos": {
        "x": 3.768934122808611,
        "y": 1,
        "z": -244.09102729806443
      },
      "newRenderPos": {
        "x": 3.6344670614043055,
        "y": 1,
        "z": -244.54551364903222
      },
      "pendingInputs": 14,
      "firstPendingFrame": 1,
      "lastProcessedFrame": 10
    },
    "timestamp": 30789.300000000745
  },
  {
    "frame": 202,
    "type": "server_correction",
    "id": "fYRx1xGm9HpSurU2AAAV",
    "delta": 1.0132976306151438,
    "meta": {
      "action": "hard_snap",
      "serverPos": {
        "x": 5.979166666666666,
        "y": 1,
        "z": -245
      },
      "replayPos": {
        "x": 0.7258333333333331,
        "y": 1,
        "z": -245
      },
      "renderPos": {
        "x": 0.9373075402954214,
        "y": 1,
        "z": -244.00901526348787
      },
      "pendingInputs": 16,
      "firstPendingFrame": 1,
      "lastProcessedFrame": 12
    },
    "timestamp": 30858.699999999255
  },
  {
    "frame": 205,
    "type": "server_correction",
    "id": "fYRx1xGm9HpSurU2AAAV",
    "delta": 0.4527416151057006,
    "meta": {
      "action": "smooth",
      "serverPos": {
        "x": 5.895833333333333,
        "y": 1,
        "z": -245
      },
      "replayPos": {
        "x": -3.0808333333333335,
        "y": 1,
        "z": -245
      },
      "oldRenderPos": {
        "x": -2.779134903928816,
        "y": 1,
        "z": -244.66243070675287
      },
      "newRenderPos": {
        "x": -2.929984118631075,
        "y": 1,
        "z": -244.83121535337642
      },
      "pendingInputs": 18,
      "firstPendingFrame": 1,
      "lastProcessedFrame": 14
    },
    "timestamp": 30913.300000000745
  },
  {
    "frame": 208,
    "type": "server_correction",
    "id": "fYRx1xGm9HpSurU2AAAV",
    "delta": 0.6965029625797361,
    "meta": {
      "action": "smooth",
      "serverPos": {
        "x": 5.75,
        "y": 1,
        "z": -245
      },
      "replayPos": {
        "x": -7.183333333333333,
        "y": 1,
        "z": -245
      },
      "oldRenderPos": {
        "x": -6.529290184366508,
        "y": 1,
        "z": -244.76053406051818
      },
      "newRenderPos": {
        "x": -6.8563117588499205,
        "y": 1,
        "z": -244.8802670302591
      },
      "pendingInputs": 20,
      "firstPendingFrame": 1,
      "lastProcessedFrame": 15
    },
    "timestamp": 30969.60000000149
  },
  {
    "frame": 211,
    "type": "server_correction",
    "id": "fYRx1xGm9HpSurU2AAAV",
    "delta": 1.1023718142267636,
    "meta": {
      "action": "hard_snap",
      "serverPos": {
        "x": 5.541666666666666,
        "y": 1,
        "z": -245
      },
      "replayPos": {
        "x": -9.75,
        "y": 1,
        "z": -245
      },
      "renderPos": {
        "x": -8.65622501497671,
        "y": 1,
        "z": -244.8625958554522
      },
      "pendingInputs": 21,
      "firstPendingFrame": 1,
      "lastProcessedFrame": 17
    },
    "timestamp": 31025.300000000745
  },
  {
    "frame": 214,
    "type": "server_correction",
    "id": "fYRx1xGm9HpSurU2AAAV",
    "delta": 1.241849498530612,
    "meta": {
      "action": "hard_snap",
      "serverPos": {
        "x": 5.270833333333333,
        "y": 1,
        "z": -245
      },
      "replayPos": {
        "x": -16.172500000000003,
        "y": 1,
        "z": -245
      },
      "renderPos": {
        "x": -14.931234593650295,
        "y": 1,
        "z": -244.96191630269752
      },
      "pendingInputs": 24,
      "firstPendingFrame": 1,
      "lastProcessedFrame": 19
    },
    "timestamp": 31101.199999999255
  },
  {
    "frame": 217,
    "type": "server_correction",
    "id": "fYRx1xGm9HpSurU2AAAV",
    "delta": 1.5249467641092496,
    "meta": {
      "action": "hard_snap",
      "serverPos": {
        "x": 4.9375,
        "y": 1,
        "z": -245
      },
      "replayPos": {
        "x": -21.04916666666667,
        "y": 1,
        "z": -245
      },
      "renderPos": {
        "x": -19.524246641147442,
        "y": 1,
        "z": -244.9909695438817
      },
      "pendingInputs": 26,
      "firstPendingFrame": 1,
      "lastProcessedFrame": 20
    },
    "timestamp": 31159.199999999255
  },
  {
    "frame": 220,
    "type": "server_correction",
    "id": "fYRx1xGm9HpSurU2AAAV",
    "delta": 2.0808183979815604,
    "meta": {
      "action": "hard_snap",
      "serverPos": {
        "x": 4.541666666666666,
        "y": 1,
        "z": -245
      },
      "replayPos": {
        "x": -26.425000000000015,
        "y": 1,
        "z": -245
      },
      "renderPos": {
        "x": -24.344182650459523,
        "y": 1,
        "z": -244.9979111654378
      },
      "pendingInputs": 28,
      "firstPendingFrame": 1,
      "lastProcessedFrame": 23
    },
    "timestamp": 31226.800000000745
  },
  {
    "frame": 223,
    "type": "server_correction",
    "id": "fYRx1xGm9HpSurU2AAAV",
    "delta": 2.8911635142585346,
    "meta": {
      "action": "hard_snap",
      "serverPos": {
        "x": 4.083333333333333,
        "y": 1,
        "z": -245
      },
      "replayPos": {
        "x": -34.300000000000004,
        "y": 1,
        "z": -245
      },
      "renderPos": {
        "x": -31.40883652942572,
        "y": 1,
        "z": -244.9994974100859
      },
      "pendingInputs": 31,
      "firstPendingFrame": 1,
      "lastProcessedFrame": 26
    },
    "timestamp": 31291.5
  },
  {
    "frame": 226,
    "type": "server_correction",
    "id": "fYRx1xGm9HpSurU2AAAV",
    "delta": 3.099066029483566,
    "meta": {
      "action": "hard_snap",
      "serverPos": {
        "x": 3.5625,
        "y": 1,
        "z": -245
      },
      "replayPos": {
        "x": -40.42083333333333,
        "y": 1,
        "z": -245
      },
      "renderPos": {
        "x": -37.321767305867375,
        "y": 1,
        "z": -244.99988817228362
      },
      "pendingInputs": 33,
      "firstPendingFrame": 1,
      "lastProcessedFrame": 28
    },
    "timestamp": 31354.199999999255
  },
  {
    "frame": 229,
    "type": "server_correction",
    "id": "fYRx1xGm9HpSurU2AAAV",
    "delta": 3.094813205591874,
    "meta": {
      "action": "hard_snap",
      "serverPos": {
        "x": 2.979166666666667,
        "y": 1,
        "z": -245
      },
      "replayPos": {
        "x": -46.49583333333331,
        "y": 1,
        "z": -245
      },
      "renderPos": {
        "x": -43.40102012783942,
        "y": 1,
        "z": -244.99997537251002
      },
      "pendingInputs": 35,
      "firstPendingFrame": 1,
      "lastProcessedFrame": 30
    },
    "timestamp": 31418.900000002235
  },
  {
    "frame": 232,
    "type": "server_correction",
    "id": "fYRx1xGm9HpSurU2AAAV",
    "delta": 3.1397959744367383,
    "meta": {
      "action": "hard_snap",
      "serverPos": {
        "x": 2.333333333333334,
        "y": 1,
        "z": -245
      },
      "replayPos": {
        "x": -52.61666666666663,
        "y": 1,
        "z": -245
      },
      "renderPos": {
        "x": -49.4768706922345,
        "y": 1,
        "z": -244.9999946221127
      },
      "pendingInputs": 37,
      "firstPendingFrame": 1,
      "lastProcessedFrame": 32
    },
    "timestamp": 31474.900000002235
  },
  {
    "frame": 235,
    "type": "server_correction",
    "id": "fYRx1xGm9HpSurU2AAAV",
    "delta": 3.1029591948866257,
    "meta": {
      "action": "hard_snap",
      "serverPos": {
        "x": 1.625000000000001,
        "y": 1,
        "z": -245
      },
      "replayPos": {
        "x": -56.89166666666662,
        "y": 1,
        "z": -245
      },
      "renderPos": {
        "x": -53.7887074717802,
        "y": 1,
        "z": -244.9999988791836
      },
      "pendingInputs": 38,
      "firstPendingFrame": 1,
      "lastProcessedFrame": 34
    },
    "timestamp": 31525.400000002235
  },
  {
    "frame": 237,
    "type": "server_correction",
    "id": "fYRx1xGm9HpSurU2AAAV",
    "delta": 2.2942029500883963,
    "meta": {
      "action": "hard_snap",
      "serverPos": {
        "x": 1.1180555555555571,
        "y": 1,
        "z": -245
      },
      "replayPos": {
        "x": -62.16527777777772,
        "y": 1,
        "z": -245
      },
      "renderPos": {
        "x": -59.871074827689334,
        "y": 1,
        "z": -244.99999975774114
      },
      "pendingInputs": 40,
      "firstPendingFrame": 1,
      "lastProcessedFrame": 36
    },
    "timestamp": 31583.400000002235
  },
  {
    "frame": 240,
    "type": "server_correction",
    "id": "fYRx1xGm9HpSurU2AAAV",
    "delta": 2.9546739239715127,
    "meta": {
      "action": "hard_snap",
      "serverPos": {
        "x": 0.3055555555555576,
        "y": 1,
        "z": -245
      },
      "replayPos": {
        "x": -68.15198199423634,
        "y": 1,
        "z": -244.3827839465802
      },
      "renderPos": {
        "x": -65.19730807026482,
        "y": 1,
        "z": -244.38278389461902
      },
      "pendingInputs": 42,
      "firstPendingFrame": 1,
      "lastProcessedFrame": 38
    },
    "timestamp": 31662.300000000745
  },
  {
    "frame": 243,
    "type": "server_correction",
    "id": "fYRx1xGm9HpSurU2AAAV",
    "delta": 3.090934785341389,
    "meta": {
      "action": "hard_snap",
      "serverPos": {
        "x": -0.5694444444444422,
        "y": 1,
        "z": -245
      },
      "replayPos": {
        "x": -72.92432581755352,
        "y": 1,
        "z": -241.6618303034831
      },
      "renderPos": {
        "x": -69.83339103221213,
        "y": 1,
        "z": -241.66183029263402
      },
      "pendingInputs": 44,
      "firstPendingFrame": 1,
      "lastProcessedFrame": 40
    },
    "timestamp": 31706.60000000149
  },
  {
    "frame": 246,
    "type": "server_correction",
    "id": "fYRx1xGm9HpSurU2AAAV",
    "delta": 1.6265202905442635,
    "meta": {
      "action": "hard_snap",
      "serverPos": {
        "x": -1.4694444444444423,
        "y": 1,
        "z": -245
      },
      "replayPos": {
        "x": -74.54454086532773,
        "y": 1,
        "z": -238.11421127552467
      },
      "renderPos": {
        "x": -72.91802057478347,
        "y": 1,
        "z": -238.11421127333023
      },
      "pendingInputs": 46,
      "firstPendingFrame": 1,
      "lastProcessedFrame": 41
    },
    "timestamp": 31801.199999999255
  },
  {
    "frame": 249,
    "type": "server_correction",
    "id": "fYRx1xGm9HpSurU2AAAV",
    "delta": 12.826387835343318,
    "meta": {
      "action": "hard_snap",
      "serverPos": {
        "x": -2.362312782231279,
        "y": 1,
        "z": -244.8953568259328
      },
      "replayPos": {
        "x": -73.11486112074618,
        "y": 1,
        "z": -223.59178488909524
      },
      "renderPos": {
        "x": -74.52517766442504,
        "y": 1,
        "z": -236.3404017611041
      },
      "pendingInputs": 47,
      "firstPendingFrame": 1,
      "lastProcessedFrame": 44
    },
    "timestamp": 31823.5
  },
  {
    "frame": 252,
    "type": "server_correction",
    "id": "fYRx1xGm9HpSurU2AAAV",
    "delta": 15.656212745254518,
    "meta": {
      "action": "hard_snap",
      "serverPos": {
        "x": -3.223324702049188,
        "y": 1,
        "z": -244.6368562719052
      },
      "replayPos": {
        "x": -68.22358281161782,
        "y": 1,
        "z": -206.02654507789197
      },
      "renderPos": {
        "x": -73.56319830851858,
        "y": 1,
        "z": -220.74406877822713
      },
      "pendingInputs": 50,
      "firstPendingFrame": 1,
      "lastProcessedFrame": 45
    },
    "timestamp": 31881.60000000149
  },
  {
    "frame": 255,
    "type": "server_correction",
    "id": "fYRx1xGm9HpSurU2AAAV",
    "delta": 11.983426667648997,
    "meta": {
      "action": "hard_snap",
      "serverPos": {
        "x": -4.034503643251361,
        "y": 1,
        "z": -244.24778507146254
      },
      "replayPos": {
        "x": -63.04891483904595,
        "y": 1,
        "z": -194.89019298283333
      },
      "renderPos": {
        "x": -68.79912093243694,
        "y": 1,
        "z": -205.40388142136194
      },
      "pendingInputs": 52,
      "firstPendingFrame": 1,
      "lastProcessedFrame": 46
    },
    "timestamp": 31947
  },
  {
    "frame": 258,
    "type": "server_correction",
    "id": "fYRx1xGm9HpSurU2AAAV",
    "delta": 2.747194288989265,
    "meta": {
      "action": "hard_snap",
      "serverPos": {
        "x": -5.374113073049006,
        "y": 1,
        "z": -243.57291725062848
      },
      "replayPos": {
        "x": -63.338863330202386,
        "y": 1,
        "z": -190.77174970705556
      },
      "renderPos": {
        "x": -63.25908136978458,
        "y": 1,
        "z": -193.51778526768604
      },
      "pendingInputs": 54,
      "firstPendingFrame": 1,
      "lastProcessedFrame": 50
    },
    "timestamp": 32011.5
  },
  {
    "frame": 261,
    "type": "server_correction",
    "id": "fYRx1xGm9HpSurU2AAAV",
    "delta": 1.2391266396189637,
    "meta": {
      "action": "hard_snap",
      "serverPos": {
        "x": -6.177878730927594,
        "y": 1,
        "z": -243.16799655812804
      },
      "replayPos": {
        "x": -63.11629384807623,
        "y": 1,
        "z": -186.99977745861017
      },
      "renderPos": {
        "x": -62.317961878939386,
        "y": 1,
        "z": -187.94745931243426
      },
      "pendingInputs": 56,
      "firstPendingFrame": 1,
      "lastProcessedFrame": 52
    },
    "timestamp": 32104.699999999255
  },
  {
    "frame": 264,
    "type": "server_correction",
    "id": "fYRx1xGm9HpSurU2AAAV",
    "delta": 1.1300562394814126,
    "meta": {
      "action": "hard_snap",
      "serverPos": {
        "x": -6.981644388806181,
        "y": 1,
        "z": -242.7630758656276
      },
      "replayPos": {
        "x": -63.441880633907154,
        "y": 1,
        "z": -185.02611683663537
      },
      "renderPos": {
        "x": -62.480440220772834,
        "y": 1,
        "z": -185.6199681954643
      },
      "pendingInputs": 57,
      "firstPendingFrame": 1,
      "lastProcessedFrame": 54
    },
    "timestamp": 32128.60000000149
  },
  {
    "frame": 267,
    "type": "server_correction",
    "id": "fYRx1xGm9HpSurU2AAAV",
    "delta": 1.1242261849345971,
    "meta": {
      "action": "hard_snap",
      "serverPos": {
        "x": -7.785410046684769,
        "y": 1,
        "z": -242.35815517312716
      },
      "replayPos": {
        "x": -62.95106446746156,
        "y": 1,
        "z": -180.37411974970433
      },
      "renderPos": {
        "x": -61.95608895978865,
        "y": 1,
        "z": -180.89748219966003
      },
      "pendingInputs": 60,
      "firstPendingFrame": 1,
      "lastProcessedFrame": 55
    },
    "timestamp": 32197.5
  },
  {
    "frame": 269,
    "type": "server_correction",
    "id": "fYRx1xGm9HpSurU2AAAV",
    "delta": 0.7714213319898304,
    "meta": {
      "action": "smooth",
      "serverPos": {
        "x": -8.583221884875366,
        "y": 1,
        "z": -241.95623389316378
      },
      "replayPos": {
        "x": -63.05440200437493,
        "y": 1,
        "z": -178.86552358818773
      },
      "oldRenderPos": {
        "x": -62.36725779758289,
        "y": 1,
        "z": -179.21612836642257
      },
      "newRenderPos": {
        "x": -62.71082990097891,
        "y": 1,
        "z": -179.04082597730513
      },
      "pendingInputs": 61,
      "firstPendingFrame": 1,
      "lastProcessedFrame": 57
    },
    "timestamp": 32253
  },
  {
    "frame": 272,
    "type": "server_correction",
    "id": "fYRx1xGm9HpSurU2AAAV",
    "delta": 0.7389815547040532,
    "meta": {
      "action": "smooth",
      "serverPos": {
        "x": -9.363172264001992,
        "y": 1,
        "z": -241.56331085081155
      },
      "replayPos": {
        "x": -62.670180488744236,
        "y": 1,
        "z": -176.41083775376208
      },
      "oldRenderPos": {
        "x": -62.01111422271173,
        "y": 1,
        "z": -176.74509124315418
      },
      "newRenderPos": {
        "x": -62.34064735572798,
        "y": 1,
        "z": -176.57796449845813
      },
      "pendingInputs": 63,
      "firstPendingFrame": 1,
      "lastProcessedFrame": 58
    },
    "timestamp": 32311.5
  },
  {
    "frame": 275,
    "type": "server_correction",
    "id": "fYRx1xGm9HpSurU2AAAV",
    "delta": 0.702797463094442,
    "meta": {
      "action": "smooth",
      "serverPos": {
        "x": -10.125261184064653,
        "y": 1,
        "z": -241.17938604607042
      },
      "replayPos": {
        "x": -62.36140070859547,
        "y": 1,
        "z": -174.2712457529426
      },
      "oldRenderPos": {
        "x": -61.734201846155884,
        "y": 1,
        "z": -174.58833542651536
      },
      "newRenderPos": {
        "x": -62.047801277375676,
        "y": 1,
        "z": -174.42979058972898
      },
      "pendingInputs": 65,
      "firstPendingFrame": 1,
      "lastProcessedFrame": 60
    },
    "timestamp": 32367.300000000745
  },
  {
    "frame": 278,
    "type": "server_correction",
    "id": "fYRx1xGm9HpSurU2AAAV",
    "delta": 0.6647208910428036,
    "meta": {
      "action": "smooth",
      "serverPos": {
        "x": -10.869488645063344,
        "y": 1,
        "z": -240.80445947894043
      },
      "replayPos": {
        "x": -62.128062663928596,
        "y": 1,
        "z": -172.4467475857292
      },
      "oldRenderPos": {
        "x": -61.53464439216057,
        "y": 1,
        "z": -172.7462615548869
      },
      "newRenderPos": {
        "x": -61.83135352804459,
        "y": 1,
        "z": -172.59650457030807
      },
      "pendingInputs": 67,
      "firstPendingFrame": 1,
      "lastProcessedFrame": 62
    },
    "timestamp": 32436.300000000745
  },
  {
    "frame": 281,
    "type": "server_correction",
    "id": "fYRx1xGm9HpSurU2AAAV",
    "delta": 0.7190225584031981,
    "meta": {
      "action": "smooth",
      "serverPos": {
        "x": -11.834007434517648,
        "y": 1,
        "z": -240.31855464793995
      },
      "replayPos": {
        "x": -62.05351983037551,
        "y": 1,
        "z": -170.8953514766034
      },
      "oldRenderPos": {
        "x": -61.41149352363533,
        "y": 1,
        "z": -171.2190730559679
      },
      "newRenderPos": {
        "x": -61.73250667700542,
        "y": 1,
        "z": -171.05721226628566
      },
      "pendingInputs": 69,
      "firstPendingFrame": 1,
      "lastProcessedFrame": 65
    },
    "timestamp": 32497.300000000745
  },
  {
    "frame": 284,
    "type": "server_correction",
    "id": "fYRx1xGm9HpSurU2AAAV",
    "delta": 0.5861769992356881,
    "meta": {
      "action": "smooth",
      "serverPos": {
        "x": -12.536558157700412,
        "y": 1,
        "z": -239.9646239685692
      },
      "replayPos": {
        "x": -62.081006209993625,
        "y": 1,
        "z": -170.21944220785352
      },
      "oldRenderPos": {
        "x": -61.5575640978665,
        "y": 1,
        "z": -170.48328274621875
      },
      "newRenderPos": {
        "x": -61.81928515393007,
        "y": 1,
        "z": -170.35136247703613
      },
      "pendingInputs": 70,
      "firstPendingFrame": 1,
      "lastProcessedFrame": 67
    },
    "timestamp": 32559.199999999255
  },
  {
    "frame": 287,
    "type": "server_correction",
    "id": "fYRx1xGm9HpSurU2AAAV",
    "delta": 0.4997544129813133,
    "meta": {
      "action": "smooth",
      "serverPos": {
        "x": -13.221247421819209,
        "y": 1,
        "z": -239.61969152680962
      },
      "replayPos": {
        "x": -61.98566503668364,
        "y": 1,
        "z": -169.2081736312202
      },
      "oldRenderPos": {
        "x": -61.539376298800015,
        "y": 1,
        "z": -169.4330754669898
      },
      "newRenderPos": {
        "x": -61.762520667741825,
        "y": 1,
        "z": -169.320624549105
      },
      "pendingInputs": 72,
      "firstPendingFrame": 1,
      "lastProcessedFrame": 68
    },
    "timestamp": 32621.5
  },
  {
    "frame": 290,
    "type": "server_correction",
    "id": "fYRx1xGm9HpSurU2AAAV",
    "delta": 0.43654362213481435,
    "meta": {
      "action": "smooth",
      "serverPos": {
        "x": -13.888075226874037,
        "y": 1,
        "z": -239.28375732266113
      },
      "replayPos": {
        "x": -61.96576559885558,
        "y": 1,
        "z": -168.5119988881931
      },
      "oldRenderPos": {
        "x": -61.575914521485906,
        "y": 1,
        "z": -168.7084332830945
      },
      "newRenderPos": {
        "x": -61.77084006017074,
        "y": 1,
        "z": -168.6102160856438
      },
      "pendingInputs": 74,
      "firstPendingFrame": 1,
      "lastProcessedFrame": 70
    },
    "timestamp": 32683
  },
  {
    "frame": 293,
    "type": "server_correction",
    "id": "fYRx1xGm9HpSurU2AAAV",
    "delta": 0.3849384149434641,
    "meta": {
      "action": "smooth",
      "serverPos": {
        "x": -14.537041572864895,
        "y": 1,
        "z": -238.95682135612378
      },
      "replayPos": {
        "x": -62.02130789650942,
        "y": 1,
        "z": -168.13091797877212
      },
      "oldRenderPos": {
        "x": -61.677536926333815,
        "y": 1,
        "z": -168.30412047114365
      },
      "newRenderPos": {
        "x": -61.849422411421614,
        "y": 1,
        "z": -168.21751922495787
      },
      "pendingInputs": 76,
      "firstPendingFrame": 1,
      "lastProcessedFrame": 72
    },
    "timestamp": 32735.400000002235
  },
  {
    "frame": 296,
    "type": "server_correction",
    "id": "fYRx1xGm9HpSurU2AAAV",
    "delta": 0.3391358701591832,
    "meta": {
      "action": "smooth",
      "serverPos": {
        "x": -15.168146459791787,
        "y": 1,
        "z": -238.63888362719754
      },
      "replayPos": {
        "x": -62.140629030326956,
        "y": 1,
        "z": -168.0266689534579
      },
      "oldRenderPos": {
        "x": -61.83775951589769,
        "y": 1,
        "z": -168.17925727430193
      },
      "newRenderPos": {
        "x": -61.98919427311232,
        "y": 1,
        "z": -168.10296311387992
      },
      "pendingInputs": 78,
      "firstPendingFrame": 1,
      "lastProcessedFrame": 73
    },
    "timestamp": 32793.800000000745
  },
  {
    "frame": 300,
    "type": "server_correction",
    "id": "fYRx1xGm9HpSurU2AAAV",
    "delta": 0.330679046168261,
    "meta": {
      "action": "smooth",
      "serverPos": {
        "x": -15.98183515048369,
        "y": 1,
        "z": -238.22896391380206
      },
      "replayPos": {
        "x": -62.284513006120044,
        "y": 1,
        "z": -167.9541831504794
      },
      "oldRenderPos": {
        "x": -61.98919427311232,
        "y": 1,
        "z": -168.10296311387992
      },
      "newRenderPos": {
        "x": -62.13685363961618,
        "y": 1,
        "z": -168.02857313217964
      },
      "pendingInputs": 79,
      "firstPendingFrame": 1,
      "lastProcessedFrame": 75
    },
    "timestamp": 32859.5
  },
  {
    "frame": 303,
    "type": "server_correction",
    "id": "fYRx1xGm9HpSurU2AAAV",
    "delta": 0.22533952308098817,
    "meta": {
      "action": "smooth",
      "serverPos": {
        "x": -16.57126329959465,
        "y": 1,
        "z": -237.9320220726351
      },
      "replayPos": {
        "x": -62.33809738331195,
        "y": 1,
        "z": -167.927188437646
      },
      "oldRenderPos": {
        "x": -62.13685363961618,
        "y": 1,
        "z": -168.02857313217964
      },
      "newRenderPos": {
        "x": -62.23747551146406,
        "y": 1,
        "z": -167.97788078491283
      },
      "pendingInputs": 82,
      "firstPendingFrame": 1,
      "lastProcessedFrame": 77
    },
    "timestamp": 32919.5
  },
  {
    "frame": 306,
    "type": "server_correction",
    "id": "fYRx1xGm9HpSurU2AAAV",
    "delta": 0.15266976153936793,
    "meta": {
      "action": "smooth",
      "serverPos": {
        "x": -17.142829989641648,
        "y": 1,
        "z": -237.64407846907926
      },
      "replayPos": {
        "x": -62.37382030143989,
        "y": 1,
        "z": -167.90919196242376
      },
      "oldRenderPos": {
        "x": -62.23747551146406,
        "y": 1,
        "z": -167.97788078491283
      },
      "newRenderPos": {
        "x": -62.30564790645198,
        "y": 1,
        "z": -167.94353637366828
      },
      "pendingInputs": 84,
      "firstPendingFrame": 1,
      "lastProcessedFrame": 79
    },
    "timestamp": 32991.5
  },
  {
    "frame": 309,
    "type": "server_correction",
    "id": "fYRx1xGm9HpSurU2AAAV",
    "delta": 0.09633488076930895,
    "meta": {
      "action": "ignore_micro",
      "serverPos": {
        "x": -17.696535220624675,
        "y": 1,
        "z": -237.36513310313455
      },
      "replayPos": {
        "x": -62.39168176050386,
        "y": 1,
        "z": -167.9001937248127
      },
      "renderPos": {
        "x": -62.30564790645198,
        "y": 1,
        "z": -167.94353637366828
      },
      "pendingInputs": 86,
      "firstPendingFrame": 1,
      "lastProcessedFrame": 82
    },
    "timestamp": 33058.10000000149
  },
  {
    "frame": 312,
    "type": "server_correction",
    "id": "fYRx1xGm9HpSurU2AAAV",
    "delta": 0.09633488076932174,
    "meta": {
      "action": "ignore_micro",
      "serverPos": {
        "x": -18.232378992543733,
        "y": 1,
        "z": -237.09518597480096
      },
      "replayPos": {
        "x": -62.39168176050386,
        "y": 1,
        "z": -167.90019372481268
      },
      "renderPos": {
        "x": -62.30564790645198,
        "y": 1,
        "z": -167.94353637366828
      },
      "pendingInputs": 88,
      "firstPendingFrame": 1,
      "lastProcessedFrame": 83
    },
    "timestamp": 33113.60000000149
  },
  {
    "frame": 315,
    "type": "server_correction",
    "id": "fYRx1xGm9HpSurU2AAAV",
    "delta": 0.07633488076967439,
    "meta": {
      "action": "ignore_micro",
      "serverPos": {
        "x": -18.750361305398823,
        "y": 1,
        "z": -236.83423708407847
      },
      "replayPos": {
        "x": -62.37382030143989,
        "y": 1,
        "z": -167.90919196242376
      },
      "renderPos": {
        "x": -62.30564790645198,
        "y": 1,
        "z": -167.94353637366828
      },
      "pendingInputs": 89,
      "firstPendingFrame": 1,
      "lastProcessedFrame": 85
    },
    "timestamp": 33179.800000000745
  },
  {
    "frame": 318,
    "type": "server_correction",
    "id": "fYRx1xGm9HpSurU2AAAV",
    "delta": 0.03633488077143886,
    "meta": {
      "action": "ignore_micro",
      "serverPos": {
        "x": -19.250482159189943,
        "y": 1,
        "z": -236.58228643096712
      },
      "replayPos": {
        "x": -62.33809738331196,
        "y": 1,
        "z": -167.927188437646
      },
      "renderPos": {
        "x": -62.30564790645198,
        "y": 1,
        "z": -167.94353637366828
      },
      "pendingInputs": 91,
      "firstPendingFrame": 1,
      "lastProcessedFrame": 87
    },
    "timestamp": 33241.900000002235
  },
  {
    "frame": 321,
    "type": "server_correction",
    "id": "fYRx1xGm9HpSurU2AAAV",
    "delta": 0.05699845256739783,
    "meta": {
      "action": "ignore_micro",
      "serverPos": {
        "x": -19.732741553917098,
        "y": 1,
        "z": -236.33933401546687
      },
      "replayPos": {
        "x": -62.25474390768013,
        "y": 1,
        "z": -167.9691802131646
      },
      "renderPos": {
        "x": -62.30564790645198,
        "y": 1,
        "z": -167.94353637366828
      },
      "pendingInputs": 93,
      "firstPendingFrame": 1,
      "lastProcessedFrame": 89
    },
    "timestamp": 33305
  },
  {
    "frame": 324,
    "type": "server_correction",
    "id": "fYRx1xGm9HpSurU2AAAV",
    "delta": 0.17699845256592456,
    "meta": {
      "action": "smooth",
      "serverPos": {
        "x": -20.19713948958028,
        "y": 1,
        "z": -236.10537983757774
      },
      "replayPos": {
        "x": -62.14757515329631,
        "y": 1,
        "z": -168.02316963883126
      },
      "oldRenderPos": {
        "x": -62.30564790645198,
        "y": 1,
        "z": -167.94353637366828
      },
      "newRenderPos": {
        "x": -62.22661152987415,
        "y": 1,
        "z": -167.98335300624979
      },
      "pendingInputs": 95,
      "firstPendingFrame": 1,
      "lastProcessedFrame": 91
    },
    "timestamp": 33374.199999999255
  },
  {
    "frame": 328,
    "type": "server_correction",
    "id": "fYRx1xGm9HpSurU2AAAV",
    "delta": 0.33294367072718123,
    "meta": {
      "action": "smooth",
      "serverPos": {
        "x": -20.93144391776566,
        "y": 1,
        "z": -235.73545229134282
      },
      "replayPos": {
        "x": -61.929268431403365,
        "y": 1,
        "z": -168.1331480985228
      },
      "oldRenderPos": {
        "x": -62.22661152987415,
        "y": 1,
        "z": -167.98335300624979
      },
      "newRenderPos": {
        "x": -62.07793998063876,
        "y": 1,
        "z": -168.0582505523863
      },
      "pendingInputs": 97,
      "firstPendingFrame": 1,
      "lastProcessedFrame": 94
    },
    "timestamp": 33442.699999999255
  },
  {
    "frame": 331,
    "type": "server_correction",
    "id": "fYRx1xGm9HpSurU2AAAV",
    "delta": 0.3398051686968446,
    "meta": {
      "action": "smooth",
      "serverPos": {
        "x": -21.348211295924926,
        "y": 1,
        "z": -235.52549341375
      },
      "replayPos": {
        "x": -61.77446911951565,
        "y": 1,
        "z": -168.21113282448576
      },
      "oldRenderPos": {
        "x": -62.07793998063876,
        "y": 1,
        "z": -168.0582505523863
      },
      "newRenderPos": {
        "x": -61.9262045500772,
        "y": 1,
        "z": -168.13469168843602
      },
      "pendingInputs": 99,
      "firstPendingFrame": 1,
      "lastProcessedFrame": 95
    },
    "timestamp": 33504.199999999255
  },
  {
    "frame": 334,
    "type": "server_correction",
    "id": "fYRx1xGm9HpSurU2AAAV",
    "delta": 0.3632359176817629,
    "meta": {
      "action": "smooth",
      "serverPos": {
        "x": -21.74711721502023,
        "y": 1,
        "z": -235.32453277376834
      },
      "replayPos": {
        "x": -61.601808348563964,
        "y": 1,
        "z": -168.29811578805996
      },
      "oldRenderPos": {
        "x": -61.9262045500772,
        "y": 1,
        "z": -168.13469168843602
      },
      "newRenderPos": {
        "x": -61.76400644932058,
        "y": 1,
        "z": -168.216403738248
      },
      "pendingInputs": 101,
      "firstPendingFrame": 1,
      "lastProcessedFrame": 97
    },
    "timestamp": 33579.10000000149
  },
  {
    "frame": 337,
    "type": "server_correction",
    "id": "fYRx1xGm9HpSurU2AAAV",
    "delta": 0.4049512921741928,
    "meta": {
      "action": "smooth",
      "serverPos": {
        "x": -22.128161675051558,
        "y": 1,
        "z": -235.13257037139778
      },
      "replayPos": {
        "x": -61.40235538901632,
        "y": 1,
        "z": -168.39859610805078
      },
      "oldRenderPos": {
        "x": -61.76400644932058,
        "y": 1,
        "z": -168.216403738248
      },
      "newRenderPos": {
        "x": -61.583180919168456,
        "y": 1,
        "z": -168.3074999231494
      },
      "pendingInputs": 103,
      "firstPendingFrame": 1,
      "lastProcessedFrame": 99
    },
    "timestamp": 33644.199999999255
  },
  {
    "frame": 340,
    "type": "server_correction",
    "id": "fYRx1xGm9HpSurU2AAAV",
    "delta": 0.4646978683093478,
    "meta": {
      "action": "smooth",
      "serverPos": {
        "x": -22.60843646321605,
        "y": 1,
        "z": -234.89061776007657
      },
      "replayPos": {
        "x": -61.16817181462204,
        "y": 1,
        "z": -168.51657300117438
      },
      "oldRenderPos": {
        "x": -61.583180919168456,
        "y": 1,
        "z": -168.3074999231494
      },
      "newRenderPos": {
        "x": -61.37567636689525,
        "y": 1,
        "z": -168.4120364621619
      },
      "pendingInputs": 105,
      "firstPendingFrame": 1,
      "lastProcessedFrame": 102
    },
    "timestamp": 33720.199999999255
  },
  {
    "frame": 343,
    "type": "server_correction",
    "id": "fYRx1xGm9HpSurU2AAAV",
    "delta": 0.21234893415469425,
    "meta": {
      "action": "smooth",
      "serverPos": {
        "x": -22.947804185431455,
        "y": 1,
        "z": -234.7196512454653
      },
      "replayPos": {
        "x": -61.18603327368601,
        "y": 1,
        "z": -168.5075747635633
      },
      "oldRenderPos": {
        "x": -61.37567636689525,
        "y": 1,
        "z": -168.4120364621619
      },
      "newRenderPos": {
        "x": -61.28085482029063,
        "y": 1,
        "z": -168.4598056128626
      },
      "pendingInputs": 108,
      "firstPendingFrame": 1,
      "lastProcessedFrame": 103
    },
    "timestamp": 33783
  },
  {
    "frame": 346,
    "type": "server_correction",
    "id": "fYRx1xGm9HpSurU2AAAV",
    "delta": 0.09284113374399326,
    "meta": {
      "action": "ignore_micro",
      "serverPos": {
        "x": -23.26931044858289,
        "y": 1,
        "z": -234.55768296846512
      },
      "replayPos": {
        "x": -61.197940913061984,
        "y": 1,
        "z": -168.50157593848917
      },
      "renderPos": {
        "x": -61.28085482029063,
        "y": 1,
        "z": -168.4598056128626
      },
      "pendingInputs": 109,
      "firstPendingFrame": 1,
      "lastProcessedFrame": 105
    },
    "timestamp": 33844.199999999255
  },
  {
    "frame": 349,
    "type": "server_correction",
    "id": "fYRx1xGm9HpSurU2AAAV",
    "delta": 0.07284113374400092,
    "meta": {
      "action": "ignore_micro",
      "serverPos": {
        "x": -23.572955252670358,
        "y": 1,
        "z": -234.40471292907608
      },
      "replayPos": {
        "x": -61.215802372125964,
        "y": 1,
        "z": -168.4925777008781
      },
      "renderPos": {
        "x": -61.28085482029063,
        "y": 1,
        "z": -168.4598056128626
      },
      "pendingInputs": 111,
      "firstPendingFrame": 1,
      "lastProcessedFrame": 107
    },
    "timestamp": 33906.199999999255
  },
  {
    "frame": 352,
    "type": "server_correction",
    "id": "fYRx1xGm9HpSurU2AAAV",
    "delta": 0.05950780041067255,
    "meta": {
      "action": "ignore_micro",
      "serverPos": {
        "x": -23.858738597693854,
        "y": 1,
        "z": -234.26074112729816
      },
      "replayPos": {
        "x": -61.22771001150193,
        "y": 1,
        "z": -168.48657887580399
      },
      "renderPos": {
        "x": -61.28085482029063,
        "y": 1,
        "z": -168.4598056128626
      },
      "pendingInputs": 113,
      "firstPendingFrame": 1,
      "lastProcessedFrame": 109
    },
    "timestamp": 33974.800000000745
  },
  {
    "frame": 355,
    "type": "server_correction",
    "id": "fYRx1xGm9HpSurU2AAAV",
    "delta": 0.03950780041068025,
    "meta": {
      "action": "ignore_micro",
      "serverPos": {
        "x": -24.126660483653385,
        "y": 1,
        "z": -234.12576756313138
      },
      "replayPos": {
        "x": -61.245571470565906,
        "y": 1,
        "z": -168.4775806381929
      },
      "renderPos": {
        "x": -61.28085482029063,
        "y": 1,
        "z": -168.4598056128626
      },
      "pendingInputs": 115,
      "firstPendingFrame": 1,
      "lastProcessedFrame": 111
    },
    "timestamp": 34032.10000000149
  },
  {
    "frame": 358,
    "type": "server_correction",
    "id": "fYRx1xGm9HpSurU2AAAV",
    "delta": 0.02617446707733926,
    "meta": {
      "action": "ignore_micro",
      "serverPos": {
        "x": -24.376720910548947,
        "y": 1,
        "z": -233.9997922365757
      },
      "replayPos": {
        "x": -61.25747910994188,
        "y": 1,
        "z": -168.4715818131188
      },
      "renderPos": {
        "x": -61.28085482029063,
        "y": 1,
        "z": -168.4598056128626
      },
      "pendingInputs": 117,
      "firstPendingFrame": 1,
      "lastProcessedFrame": 113
    },
    "timestamp": 34095.10000000149
  },
  {
    "frame": 360,
    "type": "server_correction",
    "id": "fYRx1xGm9HpSurU2AAAV",
    "delta": 0.0106189115217857,
    "meta": {
      "action": "ignore_micro",
      "serverPos": {
        "x": -24.533504828999337,
        "y": 1,
        "z": -233.92080770643364
      },
      "replayPos": {
        "x": -61.27137135588052,
        "y": 1,
        "z": -168.4645831838657
      },
      "renderPos": {
        "x": -61.28085482029063,
        "y": 1,
        "z": -168.4598056128626
      },
      "pendingInputs": 119,
      "firstPendingFrame": 1,
      "lastProcessedFrame": 114
    },
    "timestamp": 34148.400000002235
  },
  {
    "frame": 363,
    "type": "server_correction",
    "id": "fYRx1xGm9HpSurU2AAAV",
    "delta": 0.003952244855122829,
    "meta": {
      "action": "ignore_micro",
      "serverPos": {
        "x": -24.753796157454953,
        "y": 1,
        "z": -233.80982944256317
      },
      "replayPos": {
        "x": -61.27732517556852,
        "y": 1,
        "z": -168.4615837713287
      },
      "renderPos": {
        "x": -61.28085482029063,
        "y": 1,
        "z": -168.4598056128626
      },
      "pendingInputs": 120,
      "firstPendingFrame": 1,
      "lastProcessedFrame": 116
    },
    "timestamp": 34211.300000000745
  },
  {
    "frame": 366,
    "type": "server_correction",
    "id": "fYRx1xGm9HpSurU2AAAV",
    "delta": 0.022714421811548775,
    "meta": {
      "action": "ignore_micro",
      "serverPos": {
        "x": -24.956226026846597,
        "y": 1,
        "z": -233.70784941630382
      },
      "replayPos": {
        "x": -61.301140454320475,
        "y": 1,
        "z": -168.44958612118052
      },
      "renderPos": {
        "x": -61.28085482029063,
        "y": 1,
        "z": -168.4598056128626
      },
      "pendingInputs": 122,
      "firstPendingFrame": 1,
      "lastProcessedFrame": 118
    },
    "timestamp": 34278.199999999255
  },
  {
    "frame": 369,
    "type": "server_correction",
    "id": "fYRx1xGm9HpSurU2AAAV",
    "delta": 0.029381088478212854,
    "meta": {
      "action": "ignore_micro",
      "serverPos": {
        "x": -25.140794437174275,
        "y": 1,
        "z": -233.61486762765557
      },
      "replayPos": {
        "x": -61.30709427400846,
        "y": 1,
        "z": -168.44658670864348
      },
      "renderPos": {
        "x": -61.28085482029063,
        "y": 1,
        "z": -168.4598056128626
      },
      "pendingInputs": 124,
      "firstPendingFrame": 1,
      "lastProcessedFrame": 120
    },
    "timestamp": 34340.400000002235
  },
  {
    "frame": 372,
    "type": "server_correction",
    "id": "fYRx1xGm9HpSurU2AAAV",
    "delta": 0.056047755144869336,
    "meta": {
      "action": "ignore_micro",
      "serverPos": {
        "x": -25.307501388437984,
        "y": 1,
        "z": -233.53088407661846
      },
      "replayPos": {
        "x": -61.33090955276042,
        "y": 1,
        "z": -168.43458905849533
      },
      "renderPos": {
        "x": -61.28085482029063,
        "y": 1,
        "z": -168.4598056128626
      },
      "pendingInputs": 126,
      "firstPendingFrame": 1,
      "lastProcessedFrame": 122
    },
    "timestamp": 34394.900000002235
  },
  {
    "frame": 375,
    "type": "server_correction",
    "id": "fYRx1xGm9HpSurU2AAAV",
    "delta": 0.06271442181153347,
    "meta": {
      "action": "ignore_micro",
      "serverPos": {
        "x": -25.45634688063772,
        "y": 1,
        "z": -233.45589876319247
      },
      "replayPos": {
        "x": -61.336863372448406,
        "y": 1,
        "z": -168.4315896459583
      },
      "renderPos": {
        "x": -61.28085482029063,
        "y": 1,
        "z": -168.4598056128626
      },
      "pendingInputs": 128,
      "firstPendingFrame": 1,
      "lastProcessedFrame": 123
    },
    "timestamp": 34457.199999999255
  },
  {
    "frame": 378,
    "type": "server_correction",
    "id": "fYRx1xGm9HpSurU2AAAV",
    "delta": 0.08938108847820284,
    "meta": {
      "action": "ignore_micro",
      "serverPos": {
        "x": -25.587330913773492,
        "y": 1,
        "z": -233.38991168737758
      },
      "replayPos": {
        "x": -61.36067865120036,
        "y": 1,
        "z": -168.41959199581012
      },
      "renderPos": {
        "x": -61.28085482029063,
        "y": 1,
        "z": -168.4598056128626
      },
      "pendingInputs": 129,
      "firstPendingFrame": 1,
      "lastProcessedFrame": 126
    },
    "timestamp": 34510.199999999255
  },
  {
    "frame": 381,
    "type": "server_correction",
    "id": "fYRx1xGm9HpSurU2AAAV",
    "delta": 0.09604775514487966,
    "meta": {
      "action": "ignore_micro",
      "serverPos": {
        "x": -25.700453487845294,
        "y": 1,
        "z": -233.33292284917383
      },
      "replayPos": {
        "x": -61.36663247088836,
        "y": 1,
        "z": -168.4165925832731
      },
      "renderPos": {
        "x": -61.28085482029063,
        "y": 1,
        "z": -168.4598056128626
      },
      "pendingInputs": 131,
      "firstPendingFrame": 1,
      "lastProcessedFrame": 127
    },
    "timestamp": 34579.199999999255
  },
  {
    "frame": 384,
    "type": "server_correction",
    "id": "fYRx1xGm9HpSurU2AAAV",
    "delta": 0.12271442181153625,
    "meta": {
      "action": "smooth",
      "serverPos": {
        "x": -25.795714602853128,
        "y": 1,
        "z": -233.28493224858119
      },
      "replayPos": {
        "x": -61.390447749640316,
        "y": 1,
        "z": -168.40459493312494
      },
      "oldRenderPos": {
        "x": -61.28085482029063,
        "y": 1,
        "z": -168.4598056128626
      },
      "newRenderPos": {
        "x": -61.33565128496547,
        "y": 1,
        "z": -168.43220027299378
      },
      "pendingInputs": 133,
      "firstPendingFrame": 1,
      "lastProcessedFrame": 129
    },
    "timestamp": 34636.400000002235
  },
  {
    "frame": 387,
    "type": "server_correction",
    "id": "fYRx1xGm9HpSurU2AAAV",
    "delta": 0.06802387757243866,
    "meta": {
      "action": "ignore_micro",
      "serverPos": {
        "x": -25.873114258796992,
        "y": 1,
        "z": -233.24593988559968
      },
      "replayPos": {
        "x": -61.396401569328305,
        "y": 1,
        "z": -168.4015955205879
      },
      "renderPos": {
        "x": -61.33565128496547,
        "y": 1,
        "z": -168.43220027299378
      },
      "pendingInputs": 135,
      "firstPendingFrame": 1,
      "lastProcessedFrame": 131
    },
    "timestamp": 34713.10000000149
  },
  {
    "frame": 390,
    "type": "server_correction",
    "id": "fYRx1xGm9HpSurU2AAAV",
    "delta": 0.09469054423909526,
    "meta": {
      "action": "ignore_micro",
      "serverPos": {
        "x": -25.932652455676887,
        "y": 1,
        "z": -233.2159457602293
      },
      "replayPos": {
        "x": -61.42021684808026,
        "y": 1,
        "z": -168.38959787043976
      },
      "renderPos": {
        "x": -61.33565128496547,
        "y": 1,
        "z": -168.43220027299378
      },
      "pendingInputs": 137,
      "firstPendingFrame": 1,
      "lastProcessedFrame": 133
    },
    "timestamp": 34776.300000000745
  },
  {
    "frame": 394,
    "type": "server_correction",
    "id": "fYRx1xGm9HpSurU2AAAV",
    "delta": 0.11246832201687482,
    "meta": {
      "action": "smooth",
      "serverPos": {
        "x": -25.984252226306133,
        "y": 1,
        "z": -233.18995085157493
      },
      "replayPos": {
        "x": -61.436093700581566,
        "y": 1,
        "z": -168.38159943700765
      },
      "oldRenderPos": {
        "x": -61.33565128496547,
        "y": 1,
        "z": -168.43220027299378
      },
      "newRenderPos": {
        "x": -61.385872492773515,
        "y": 1,
        "z": -168.40689985500072
      },
      "pendingInputs": 140,
      "firstPendingFrame": 1,
      "lastProcessedFrame": 135
    },
    "timestamp": 34859.5
  },
  {
    "frame": 397,
    "type": "server_correction",
    "id": "fYRx1xGm9HpSurU2AAAV",
    "delta": 0.07623416100844582,
    "meta": {
      "action": "ignore_micro",
      "serverPos": {
        "x": -26.0021136853701,
        "y": 1,
        "z": -233.1809526139638
      },
      "replayPos": {
        "x": -61.45395515964553,
        "y": 1,
        "z": -168.3726011993965
      },
      "renderPos": {
        "x": -61.385872492773515,
        "y": 1,
        "z": -168.40689985500072
      },
      "pendingInputs": 141,
      "firstPendingFrame": 1,
      "lastProcessedFrame": 137
    },
    "timestamp": 34915.199999999255
  },
  {
    "frame": 400,
    "type": "server_correction",
    "id": "fYRx1xGm9HpSurU2AAAV",
    "delta": 0.0784563832306714,
    "meta": {
      "action": "ignore_micro",
      "serverPos": {
        "x": -26.004098291932767,
        "y": 1,
        "z": -233.1799528097848
      },
      "replayPos": {
        "x": -61.4559397662082,
        "y": 1,
        "z": -168.3716013952175
      },
      "renderPos": {
        "x": -61.385872492773515,
        "y": 1,
        "z": -168.40689985500072
      },
      "pendingInputs": 144,
      "firstPendingFrame": 1,
      "lastProcessedFrame": 139
    },
    "timestamp": 34978
  },
  {
    "frame": 403,
    "type": "server_correction",
    "id": "fYRx1xGm9HpSurU2AAAV",
    "delta": 0.0784563832306714,
    "meta": {
      "action": "ignore_micro",
      "serverPos": {
        "x": -26.004098291932767,
        "y": 1,
        "z": -233.1799528097848
      },
      "replayPos": {
        "x": -61.4559397662082,
        "y": 1,
        "z": -168.3716013952175
      },
      "renderPos": {
        "x": -61.385872492773515,
        "y": 1,
        "z": -168.40689985500072
      },
      "pendingInputs": 145,
      "firstPendingFrame": 1,
      "lastProcessedFrame": 141
    },
    "timestamp": 35031.10000000149
  },
  {
    "frame": 406,
    "type": "server_correction",
    "id": "fYRx1xGm9HpSurU2AAAV",
    "delta": 0.0784563832306714,
    "meta": {
      "action": "ignore_micro",
      "serverPos": {
        "x": -26.004098291932767,
        "y": 1,
        "z": -233.1799528097848
      },
      "replayPos": {
        "x": -61.4559397662082,
        "y": 1,
        "z": -168.3716013952175
      },
      "renderPos": {
        "x": -61.385872492773515,
        "y": 1,
        "z": -168.40689985500072
      },
      "pendingInputs": 147,
      "firstPendingFrame": 1,
      "lastProcessedFrame": 143
    },
    "timestamp": 35093.400000002235
  },
  {
    "frame": 409,
    "type": "server_correction",
    "id": "fYRx1xGm9HpSurU2AAAV",
    "delta": 0.0784563832306714,
    "meta": {
      "action": "ignore_micro",
      "serverPos": {
        "x": -26.004098291932767,
        "y": 1,
        "z": -233.1799528097848
      },
      "replayPos": {
        "x": -61.4559397662082,
        "y": 1,
        "z": -168.3716013952175
      },
      "renderPos": {
        "x": -61.385872492773515,
        "y": 1,
        "z": -168.40689985500072
      },
      "pendingInputs": 149,
      "firstPendingFrame": 1,
      "lastProcessedFrame": 145
    },
    "timestamp": 35163.300000000745
  },
  {
    "frame": 412,
    "type": "server_correction",
    "id": "fYRx1xGm9HpSurU2AAAV",
    "delta": 0.0784563832306714,
    "meta": {
      "action": "ignore_micro",
      "serverPos": {
        "x": -26.004098291932767,
        "y": 1,
        "z": -233.1799528097848
      },
      "replayPos": {
        "x": -61.4559397662082,
        "y": 1,
        "z": -168.3716013952175
      },
      "renderPos": {
        "x": -61.385872492773515,
        "y": 1,
        "z": -168.40689985500072
      },
      "pendingInputs": 152,
      "firstPendingFrame": 1,
      "lastProcessedFrame": 147
    },
    "timestamp": 35239.5
  },
  {
    "frame": 415,
    "type": "server_correction",
    "id": "fYRx1xGm9HpSurU2AAAV",
    "delta": 0.0784563832306714,
    "meta": {
      "action": "ignore_micro",
      "serverPos": {
        "x": -26.004098291932767,
        "y": 1,
        "z": -233.1799528097848
      },
      "replayPos": {
        "x": -61.4559397662082,
        "y": 1,
        "z": -168.3716013952175
      },
      "renderPos": {
        "x": -61.385872492773515,
        "y": 1,
        "z": -168.40689985500072
      },
      "pendingInputs": 153,
      "firstPendingFrame": 1,
      "lastProcessedFrame": 149
    },
    "timestamp": 35302.800000000745
  },
  {
    "frame": 418,
    "type": "server_correction",
    "id": "fYRx1xGm9HpSurU2AAAV",
    "delta": 0.0784563832306714,
    "meta": {
      "action": "ignore_micro",
      "serverPos": {
        "x": -26.004098291932767,
        "y": 1,
        "z": -233.1799528097848
      },
      "replayPos": {
        "x": -61.4559397662082,
        "y": 1,
        "z": -168.3716013952175
      },
      "renderPos": {
        "x": -61.385872492773515,
        "y": 1,
        "z": -168.40689985500072
      },
      "pendingInputs": 155,
      "firstPendingFrame": 1,
      "lastProcessedFrame": 151
    },
    "timestamp": 35365.10000000149
  },
  {
    "frame": 421,
    "type": "server_correction",
    "id": "fYRx1xGm9HpSurU2AAAV",
    "delta": 0.0784563832306714,
    "meta": {
      "action": "ignore_micro",
      "serverPos": {
        "x": -26.004098291932767,
        "y": 1,
        "z": -233.1799528097848
      },
      "replayPos": {
        "x": -61.4559397662082,
        "y": 1,
        "z": -168.3716013952175
      },
      "renderPos": {
        "x": -61.385872492773515,
        "y": 1,
        "z": -168.40689985500072
      },
      "pendingInputs": 157,
      "firstPendingFrame": 1,
      "lastProcessedFrame": 153
    },
    "timestamp": 35426.199999999255
  },
  {
    "frame": 424,
    "type": "server_correction",
    "id": "fYRx1xGm9HpSurU2AAAV",
    "delta": 0.0784563832306714,
    "meta": {
      "action": "ignore_micro",
      "serverPos": {
        "x": -26.004098291932767,
        "y": 1,
        "z": -233.1799528097848
      },
      "replayPos": {
        "x": -61.4559397662082,
        "y": 1,
        "z": -168.3716013952175
      },
      "renderPos": {
        "x": -61.385872492773515,
        "y": 1,
        "z": -168.40689985500072
      },
      "pendingInputs": 158,
      "firstPendingFrame": 1,
      "lastProcessedFrame": 155
    },
    "timestamp": 35476.60000000149
  },
  {
    "frame": 427,
    "type": "server_correction",
    "id": "fYRx1xGm9HpSurU2AAAV",
    "delta": 0.0784563832306714,
    "meta": {
      "action": "ignore_micro",
      "serverPos": {
        "x": -26.004098291932767,
        "y": 1,
        "z": -233.1799528097848
      },
      "replayPos": {
        "x": -61.4559397662082,
        "y": 1,
        "z": -168.3716013952175
      },
      "renderPos": {
        "x": -61.385872492773515,
        "y": 1,
        "z": -168.40689985500072
      },
      "pendingInputs": 160,
      "firstPendingFrame": 1,
      "lastProcessedFrame": 156
    },
    "timestamp": 35538.400000002235
  },
  {
    "frame": 430,
    "type": "server_correction",
    "id": "fYRx1xGm9HpSurU2AAAV",
    "delta": 0.0784563832306714,
    "meta": {
      "action": "ignore_micro",
      "serverPos": {
        "x": -26.004098291932767,
        "y": 1,
        "z": -233.1799528097848
      },
      "replayPos": {
        "x": -61.4559397662082,
        "y": 1,
        "z": -168.3716013952175
      },
      "renderPos": {
        "x": -61.385872492773515,
        "y": 1,
        "z": -168.40689985500072
      },
      "pendingInputs": 163,
      "firstPendingFrame": 1,
      "lastProcessedFrame": 158
    },
    "timestamp": 35607.300000000745
  },
  {
    "frame": 433,
    "type": "server_correction",
    "id": "fYRx1xGm9HpSurU2AAAV",
    "delta": 0.0784563832306714,
    "meta": {
      "action": "ignore_micro",
      "serverPos": {
        "x": -26.004098291932767,
        "y": 1,
        "z": -233.1799528097848
      },
      "replayPos": {
        "x": -61.4559397662082,
        "y": 1,
        "z": -168.3716013952175
      },
      "renderPos": {
        "x": -61.385872492773515,
        "y": 1,
        "z": -168.40689985500072
      },
      "pendingInputs": 164,
      "firstPendingFrame": 1,
      "lastProcessedFrame": 160
    },
    "timestamp": 35671.300000000745
  },
  {
    "frame": 436,
    "type": "server_correction",
    "id": "fYRx1xGm9HpSurU2AAAV",
    "delta": 0.0784563832306714,
    "meta": {
      "action": "ignore_micro",
      "serverPos": {
        "x": -26.004098291932767,
        "y": 1,
        "z": -233.1799528097848
      },
      "replayPos": {
        "x": -61.4559397662082,
        "y": 1,
        "z": -168.3716013952175
      },
      "renderPos": {
        "x": -61.385872492773515,
        "y": 1,
        "z": -168.40689985500072
      },
      "pendingInputs": 166,
      "firstPendingFrame": 1,
      "lastProcessedFrame": 162
    },
    "timestamp": 35728.400000002235
  },
  {
    "frame": 439,
    "type": "server_correction",
    "id": "fYRx1xGm9HpSurU2AAAV",
    "delta": 0.0784563832306714,
    "meta": {
      "action": "ignore_micro",
      "serverPos": {
        "x": -26.004098291932767,
        "y": 1,
        "z": -233.1799528097848
      },
      "replayPos": {
        "x": -61.4559397662082,
        "y": 1,
        "z": -168.3716013952175
      },
      "renderPos": {
        "x": -61.385872492773515,
        "y": 1,
        "z": -168.40689985500072
      },
      "pendingInputs": 168,
      "firstPendingFrame": 1,
      "lastProcessedFrame": 164
    },
    "timestamp": 35782.400000002235
  },
  {
    "frame": 442,
    "type": "server_correction",
    "id": "fYRx1xGm9HpSurU2AAAV",
    "delta": 0.0784563832306714,
    "meta": {
      "action": "ignore_micro",
      "serverPos": {
        "x": -26.004098291932767,
        "y": 1,
        "z": -233.1799528097848
      },
      "replayPos": {
        "x": -61.4559397662082,
        "y": 1,
        "z": -168.3716013952175
      },
      "renderPos": {
        "x": -61.385872492773515,
        "y": 1,
        "z": -168.40689985500072
      },
      "pendingInputs": 169,
      "firstPendingFrame": 1,
      "lastProcessedFrame": 165
    },
    "timestamp": 35845.199999999255
  },
  {
    "frame": 445,
    "type": "server_correction",
    "id": "fYRx1xGm9HpSurU2AAAV",
    "delta": 0.0784563832306714,
    "meta": {
      "action": "ignore_micro",
      "serverPos": {
        "x": -26.004098291932767,
        "y": 1,
        "z": -233.1799528097848
      },
      "replayPos": {
        "x": -61.4559397662082,
        "y": 1,
        "z": -168.3716013952175
      },
      "renderPos": {
        "x": -61.385872492773515,
        "y": 1,
        "z": -168.40689985500072
      },
      "pendingInputs": 171,
      "firstPendingFrame": 1,
      "lastProcessedFrame": 167
    },
    "timestamp": 35906.10000000149
  },
  {
    "frame": 449,
    "type": "server_correction",
    "id": "fYRx1xGm9HpSurU2AAAV",
    "delta": 0.07845638322768597,
    "meta": {
      "action": "ignore_micro",
      "serverPos": {
        "x": -26.004098291932767,
        "y": 1,
        "z": -233.1799528097848
      },
      "replayPos": {
        "x": -61.38304664546923,
        "y": 1,
        "z": -168.13246421084642
      },
      "renderPos": {
        "x": -61.31297937203744,
        "y": 1,
        "z": -168.16776267062875
      },
      "pendingInputs": 173,
      "firstPendingFrame": 1,
      "lastProcessedFrame": 169
    },
    "timestamp": 35993.800000000745
  },
  {
    "frame": 452,
    "type": "server_correction",
    "id": "fYRx1xGm9HpSurU2AAAV",
    "delta": 0.07845638321277781,
    "meta": {
      "action": "ignore_micro",
      "serverPos": {
        "x": -26.004098291932767,
        "y": 1,
        "z": -233.1799528097848
      },
      "replayPos": {
        "x": -61.01858104177436,
        "y": 1,
        "z": -166.93677828899098
      },
      "renderPos": {
        "x": -60.948513768357046,
        "y": 1,
        "z": -166.9720767487689
      },
      "pendingInputs": 175,
      "firstPendingFrame": 1,
      "lastProcessedFrame": 171
    },
    "timestamp": 36088.199999999255
  },
  {
    "frame": 455,
    "type": "server_correction",
    "id": "fYRx1xGm9HpSurU2AAAV",
    "delta": 0.07845638320086783,
    "meta": {
      "action": "ignore_micro",
      "serverPos": {
        "x": -26.004098291932767,
        "y": 1,
        "z": -233.1799528097848
      },
      "replayPos": {
        "x": -60.416687342660765,
        "y": 1,
        "z": -166.13820207160947
      },
      "renderPos": {
        "x": -60.34662006925312,
        "y": 1,
        "z": -166.1735005313801
      },
      "pendingInputs": 176,
      "firstPendingFrame": 1,
      "lastProcessedFrame": 172
    },
    "timestamp": 36100.60000000149
  },
  {
    "frame": 458,
    "type": "server_correction",
    "id": "fYRx1xGm9HpSurU2AAAV",
    "delta": 0.1651230498428924,
    "meta": {
      "action": "smooth",
      "serverPos": {
        "x": -26.041309664982702,
        "y": 1,
        "z": -233.1612064814283
      },
      "replayPos": {
        "x": -57.9828303840633,
        "y": 1,
        "z": -165.08494254012643
      },
      "oldRenderPos": {
        "x": -57.83536345472407,
        "y": 1,
        "z": -165.1592333628482
      },
      "newRenderPos": {
        "x": -57.90909691939368,
        "y": 1,
        "z": -165.12208795148732
      },
      "pendingInputs": 178,
      "firstPendingFrame": 1,
      "lastProcessedFrame": 174
    },
    "timestamp": 36157.800000000745
  },
  {
    "frame": 461,
    "type": "server_correction",
    "id": "fYRx1xGm9HpSurU2AAAV",
    "delta": 0.4117281915847394,
    "meta": {
      "action": "smooth",
      "serverPos": {
        "x": -26.13433809760754,
        "y": 1,
        "z": -233.11434066053704
      },
      "replayPos": {
        "x": -53.33913853391081,
        "y": 1,
        "z": -166.80181119602096
      },
      "oldRenderPos": {
        "x": -52.97143522213545,
        "y": 1,
        "z": -166.98705260136833
      },
      "newRenderPos": {
        "x": -53.155286878023134,
        "y": 1,
        "z": -166.89443189869465
      },
      "pendingInputs": 181,
      "firstPendingFrame": 1,
      "lastProcessedFrame": 175
    },
    "timestamp": 36259.199999999255
  },
  {
    "frame": 464,
    "type": "server_correction",
    "id": "fYRx1xGm9HpSurU2AAAV",
    "delta": 3.621919596891883,
    "meta": {
      "action": "hard_snap",
      "serverPos": {
        "x": -26.280126856457468,
        "y": 1,
        "z": -233.03362172391658
      },
      "replayPos": {
        "x": -48.394763127280754,
        "y": 1,
        "z": -165.9475617486018
      },
      "renderPos": {
        "x": -51.55462091172939,
        "y": 1,
        "z": -167.71775957608008
      },
      "pendingInputs": 182,
      "firstPendingFrame": 1,
      "lastProcessedFrame": 178
    },
    "timestamp": 36287.5
  }
]