[
  {
    "frame": 183,
    "type": "server_correction",
    "id": "-tX7WPBVhnCSBh9tAAAF",
    "delta": 0,
    "meta": {
      "action": "ignore_micro",
      "serverPos": {
        "x": 6,
        "y": 1,
        "z": -255
      },
      "replayPos": {
        "x": 6,
        "y": 1,
        "z": -255
      },
      "renderPos": {
        "x": 6,
        "y": 1,
        "z": -255
      },
      "pendingInputs": 5,
      "firstPendingFrame": 3,
      "lastProcessedFrame": 2
    },
    "timestamp": 32964.59999999963
  },
  {
    "frame": 186,
    "type": "server_correction",
    "id": "-tX7WPBVhnCSBh9tAAAF",
    "delta": 0,
    "meta": {
      "action": "ignore_micro",
      "serverPos": {
        "x": 6,
        "y": 1,
        "z": -255
      },
      "replayPos": {
        "x": 6,
        "y": 1,
        "z": -255
      },
      "renderPos": {
        "x": 6,
        "y": 1,
        "z": -255
      },
      "pendingInputs": 4,
      "firstPendingFrame": 5,
      "lastProcessedFrame": 4
    },
    "timestamp": 32977.199999999255
  },
  {
    "frame": 189,
    "type": "server_correction",
    "id": "-tX7WPBVhnCSBh9tAAAF",
    "delta": 0,
    "meta": {
      "action": "ignore_micro",
      "serverPos": {
        "x": 6,
        "y": 1,
        "z": -255
      },
      "replayPos": {
        "x": 6,
        "y": 1,
        "z": -255
      },
      "renderPos": {
        "x": 6,
        "y": 1,
        "z": -255
      },
      "pendingInputs": 4,
      "firstPendingFrame": 7,
      "lastProcessedFrame": 6
    },
    "timestamp": 33034.5
  },
  {
    "frame": 191,
    "type": "server_correction",
    "id": "-tX7WPBVhnCSBh9tAAAF",
    "delta": 0,
    "meta": {
      "action": "ignore_micro",
      "serverPos": {
        "x": 6,
        "y": 1,
        "z": -255
      },
      "replayPos": {
        "x": 6,
        "y": 1,
        "z": -255
      },
      "renderPos": {
        "x": 6,
        "y": 1,
        "z": -255
      },
      "pendingInputs": 5,
      "firstPendingFrame": 8,
      "lastProcessedFrame": 7
    },
    "timestamp": 33095.59999999963
  },
  {
    "frame": 193,
    "type": "server_correction",
    "id": "-tX7WPBVhnCSBh9tAAAF",
    "delta": 0,
    "meta": {
      "action": "ignore_micro",
      "serverPos": {
        "x": 6,
        "y": 1,
        "z": -255
      },
      "replayPos": {
        "x": 6,
        "y": 1,
        "z": -255
      },
      "renderPos": {
        "x": 6,
        "y": 1,
        "z": -255
      },
      "pendingInputs": 5,
      "firstPendingFrame": 10,
      "lastProcessedFrame": 9
    },
    "timestamp": 33153.59999999963
  },
  {
    "frame": 196,
    "type": "server_correction",
    "id": "-tX7WPBVhnCSBh9tAAAF",
    "delta": 0,
    "meta": {
      "action": "ignore_micro",
      "serverPos": {
        "x": 6,
        "y": 1,
        "z": -255
      },
      "replayPos": {
        "x": 6,
        "y": 1,
        "z": -255
      },
      "renderPos": {
        "x": 6,
        "y": 1,
        "z": -255
      },
      "pendingInputs": 5,
      "firstPendingFrame": 12,
      "lastProcessedFrame": 11
    },
    "timestamp": 33213.39999999851
  },
  {
    "frame": 199,
    "type": "server_correction",
    "id": "-tX7WPBVhnCSBh9tAAAF",
    "delta": 0,
    "meta": {
      "action": "ignore_micro",
      "serverPos": {
        "x": 6,
        "y": 1,
        "z": -255
      },
      "replayPos": {
        "x": 6,
        "y": 1,
        "z": -255
      },
      "renderPos": {
        "x": 6,
        "y": 1,
        "z": -255
      },
      "pendingInputs": 6,
      "firstPendingFrame": 14,
      "lastProcessedFrame": 13
    },
    "timestamp": 33305.39999999851
  },
  {
    "frame": 202,
    "type": "server_correction",
    "id": "-tX7WPBVhnCSBh9tAAAF",
    "delta": 0,
    "meta": {
      "action": "ignore_micro",
      "serverPos": {
        "x": 6,
        "y": 1,
        "z": -255
      },
      "replayPos": {
        "x": 6,
        "y": 1,
        "z": -255
      },
      "renderPos": {
        "x": 6,
        "y": 1,
        "z": -255
      },
      "pendingInputs": 5,
      "firstPendingFrame": 16,
      "lastProcessedFrame": 15
    },
    "timestamp": 33329.39999999851
  },
  {
    "frame": 204,
    "type": "server_correction",
    "id": "-tX7WPBVhnCSBh9tAAAF",
    "delta": 0,
    "meta": {
      "action": "ignore_micro",
      "serverPos": {
        "x": 6,
        "y": 1,
        "z": -255
      },
      "replayPos": {
        "x": 6,
        "y": 1,
        "z": -255
      },
      "renderPos": {
        "x": 6,
        "y": 1,
        "z": -255
      },
      "pendingInputs": 5,
      "firstPendingFrame": 18,
      "lastProcessedFrame": 17
    },
    "timestamp": 33384.699999999255
  },
  {
    "frame": 207,
    "type": "server_correction",
    "id": "-tX7WPBVhnCSBh9tAAAF",
    "delta": 0,
    "meta": {
      "action": "ignore_micro",
      "serverPos": {
        "x": 6,
        "y": 1,
        "z": -255
      },
      "replayPos": {
        "x": 6,
        "y": 1,
        "z": -255
      },
      "renderPos": {
        "x": 6,
        "y": 1,
        "z": -255
      },
      "pendingInputs": 3,
      "firstPendingFrame": 21,
      "lastProcessedFrame": 20
    },
    "timestamp": 33446.89999999851
  },
  {
    "frame": 210,
    "type": "server_correction",
    "id": "-tX7WPBVhnCSBh9tAAAF",
    "delta": 0,
    "meta": {
      "action": "ignore_micro",
      "serverPos": {
        "x": 6,
        "y": 1,
        "z": -255
      },
      "replayPos": {
        "x": 6,
        "y": 1,
        "z": -255
      },
      "renderPos": {
        "x": 6,
        "y": 1,
        "z": -255
      },
      "pendingInputs": 5,
      "firstPendingFrame": 22,
      "lastProcessedFrame": 21
    },
    "timestamp": 33502.89999999851
  },
  {
    "frame": 213,
    "type": "server_correction",
    "id": "-tX7WPBVhnCSBh9tAAAF",
    "delta": 0,
    "meta": {
      "action": "ignore_micro",
      "serverPos": {
        "x": 6,
        "y": 1,
        "z": -255
      },
      "replayPos": {
        "x": 6,
        "y": 1,
        "z": -255
      },
      "renderPos": {
        "x": 6,
        "y": 1,
        "z": -255
      },
      "pendingInputs": 5,
      "firstPendingFrame": 24,
      "lastProcessedFrame": 23
    },
    "timestamp": 33567.29999999888
  },
  {
    "frame": 216,
    "type": "server_correction",
    "id": "-tX7WPBVhnCSBh9tAAAF",
    "delta": 0,
    "meta": {
      "action": "ignore_micro",
      "serverPos": {
        "x": 6,
        "y": 1,
        "z": -255
      },
      "replayPos": {
        "x": 6,
        "y": 1,
        "z": -255
      },
      "renderPos": {
        "x": 6,
        "y": 1,
        "z": -255
      },
      "pendingInputs": 4,
      "firstPendingFrame": 26,
      "lastProcessedFrame": 25
    },
    "timestamp": 33634
  },
  {
    "frame": 219,
    "type": "server_correction",
    "id": "-tX7WPBVhnCSBh9tAAAF",
    "delta": 0,
    "meta": {
      "action": "ignore_micro",
      "serverPos": {
        "x": 6,
        "y": 1,
        "z": -255
      },
      "replayPos": {
        "x": 6,
        "y": 1,
        "z": -255
      },
      "renderPos": {
        "x": 6,
        "y": 1,
        "z": -255
      },
      "pendingInputs": 4,
      "firstPendingFrame": 28,
      "lastProcessedFrame": 27
    },
    "timestamp": 33673.5
  },
  {
    "frame": 222,
    "type": "server_correction",
    "id": "-tX7WPBVhnCSBh9tAAAF",
    "delta": 0,
    "meta": {
      "action": "ignore_micro",
      "serverPos": {
        "x": 6,
        "y": 1,
        "z": -255
      },
      "replayPos": {
        "x": 6,
        "y": 1,
        "z": -255
      },
      "renderPos": {
        "x": 6,
        "y": 1,
        "z": -255
      },
      "pendingInputs": 5,
      "firstPendingFrame": 29,
      "lastProcessedFrame": 28
    },
    "timestamp": 33729.29999999888
  },
  {
    "frame": 224,
    "type": "server_correction",
    "id": "-tX7WPBVhnCSBh9tAAAF",
    "delta": 0,
    "meta": {
      "action": "ignore_micro",
      "serverPos": {
        "x": 6,
        "y": 1,
        "z": -255
      },
      "replayPos": {
        "x": 6,
        "y": 1,
        "z": -255
      },
      "renderPos": {
        "x": 6,
        "y": 1,
        "z": -255
      },
      "pendingInputs": 5,
      "firstPendingFrame": 31,
      "lastProcessedFrame": 30
    },
    "timestamp": 33782.699999999255
  },
  {
    "frame": 227,
    "type": "server_correction",
    "id": "-tX7WPBVhnCSBh9tAAAF",
    "delta": 0,
    "meta": {
      "action": "ignore_micro",
      "serverPos": {
        "x": 6,
        "y": 1,
        "z": -255
      },
      "replayPos": {
        "x": 6,
        "y": 1,
        "z": -255
      },
      "renderPos": {
        "x": 6,
        "y": 1,
        "z": -255
      },
      "pendingInputs": 4,
      "firstPendingFrame": 33,
      "lastProcessedFrame": 32
    },
    "timestamp": 33837.39999999851
  },
  {
    "frame": 230,
    "type": "server_correction",
    "id": "-tX7WPBVhnCSBh9tAAAF",
    "delta": 0,
    "meta": {
      "action": "ignore_micro",
      "serverPos": {
        "x": 6,
        "y": 1,
        "z": -255
      },
      "replayPos": {
        "x": 6,
        "y": 1,
        "z": -255
      },
      "renderPos": {
        "x": 6,
        "y": 1,
        "z": -255
      },
      "pendingInputs": 4,
      "firstPendingFrame": 35,
      "lastProcessedFrame": 34
    },
    "timestamp": 33913.89999999851
  },
  {
    "frame": 233,
    "type": "server_correction",
    "id": "-tX7WPBVhnCSBh9tAAAF",
    "delta": 0,
    "meta": {
      "action": "ignore_micro",
      "serverPos": {
        "x": 6,
        "y": 1,
        "z": -255
      },
      "replayPos": {
        "x": 6,
        "y": 1,
        "z": -255
      },
      "renderPos": {
        "x": 6,
        "y": 1,
        "z": -255
      },
      "pendingInputs": 4,
      "firstPendingFrame": 37,
      "lastProcessedFrame": 36
    },
    "timestamp": 33965.89999999851
  },
  {
    "frame": 236,
    "type": "server_correction",
    "id": "-tX7WPBVhnCSBh9tAAAF",
    "delta": 0,
    "meta": {
      "action": "ignore_micro",
      "serverPos": {
        "x": 6,
        "y": 1,
        "z": -255
      },
      "replayPos": {
        "x": 6,
        "y": 1,
        "z": -255
      },
      "renderPos": {
        "x": 6,
        "y": 1,
        "z": -255
      },
      "pendingInputs": 4,
      "firstPendingFrame": 39,
      "lastProcessedFrame": 38
    },
    "timestamp": 34023
  },
  {
    "frame": 238,
    "type": "server_correction",
    "id": "-tX7WPBVhnCSBh9tAAAF",
    "delta": 0,
    "meta": {
      "action": "ignore_micro",
      "serverPos": {
        "x": 6,
        "y": 1,
        "z": -255
      },
      "replayPos": {
        "x": 6,
        "y": 1,
        "z": -255
      },
      "renderPos": {
        "x": 6,
        "y": 1,
        "z": -255
      },
      "pendingInputs": 5,
      "firstPendingFrame": 40,
      "lastProcessedFrame": 39
    },
    "timestamp": 34085.699999999255
  },
  {
    "frame": 241,
    "type": "server_correction",
    "id": "-tX7WPBVhnCSBh9tAAAF",
    "delta": 0,
    "meta": {
      "action": "ignore_micro",
      "serverPos": {
        "x": 6,
        "y": 1,
        "z": -255
      },
      "replayPos": {
        "x": 6,
        "y": 1,
        "z": -255
      },
      "renderPos": {
        "x": 6,
        "y": 1,
        "z": -255
      },
      "pendingInputs": 4,
      "firstPendingFrame": 43,
      "lastProcessedFrame": 42
    },
    "timestamp": 34148.5
  },
  {
    "frame": 244,
    "type": "server_correction",
    "id": "-tX7WPBVhnCSBh9tAAAF",
    "delta": 0,
    "meta": {
      "action": "ignore_micro",
      "serverPos": {
        "x": 6,
        "y": 1,
        "z": -255
      },
      "replayPos": {
        "x": 6,
        "y": 1,
        "z": -255
      },
      "renderPos": {
        "x": 6,
        "y": 1,
        "z": -255
      },
      "pendingInputs": 6,
      "firstPendingFrame": 45,
      "lastProcessedFrame": 44
    },
    "timestamp": 34292.199999999255
  },
  {
    "frame": 247,
    "type": "server_correction",
    "id": "-tX7WPBVhnCSBh9tAAAF",
    "delta": 0,
    "meta": {
      "action": "ignore_micro",
      "serverPos": {
        "x": 6,
        "y": 1,
        "z": -255
      },
      "replayPos": {
        "x": 6,
        "y": 1,
        "z": -255
      },
      "renderPos": {
        "x": 6,
        "y": 1,
        "z": -255
      },
      "pendingInputs": 5,
      "firstPendingFrame": 46,
      "lastProcessedFrame": 45
    },
    "timestamp": 34306.29999999888
  },
  {
    "frame": 253,
    "type": "server_correction",
    "id": "-tX7WPBVhnCSBh9tAAAF",
    "delta": 0,
    "meta": {
      "action": "ignore_micro",
      "serverPos": {
        "x": 6,
        "y": 1,
        "z": -255
      },
      "replayPos": {
        "x": 6,
        "y": 1,
        "z": -255
      },
      "renderPos": {
        "x": 6,
        "y": 1,
        "z": -255
      },
      "pendingInputs": 4,
      "firstPendingFrame": 50,
      "lastProcessedFrame": 49
    },
    "timestamp": 34396.5
  },
  {
    "frame": 256,
    "type": "server_correction",
    "id": "-tX7WPBVhnCSBh9tAAAF",
    "delta": 0,
    "meta": {
      "action": "ignore_micro",
      "serverPos": {
        "x": 6,
        "y": 1,
        "z": -255
      },
      "replayPos": {
        "x": 6,
        "y": 1,
        "z": -255
      },
      "renderPos": {
        "x": 6,
        "y": 1,
        "z": -255
      },
      "pendingInputs": 5,
      "firstPendingFrame": 52,
      "lastProcessedFrame": 51
    },
    "timestamp": 34462.89999999851
  },
  {
    "frame": 259,
    "type": "server_correction",
    "id": "-tX7WPBVhnCSBh9tAAAF",
    "delta": 0,
    "meta": {
      "action": "ignore_micro",
      "serverPos": {
        "x": 6,
        "y": 1,
        "z": -255
      },
      "replayPos": {
        "x": 6,
        "y": 1,
        "z": -255
      },
      "renderPos": {
        "x": 6,
        "y": 1,
        "z": -255
      },
      "pendingInputs": 5,
      "firstPendingFrame": 54,
      "lastProcessedFrame": 53
    },
    "timestamp": 34525.699999999255
  },
  {
    "frame": 262,
    "type": "server_correction",
    "id": "-tX7WPBVhnCSBh9tAAAF",
    "delta": 0,
    "meta": {
      "action": "ignore_micro",
      "serverPos": {
        "x": 6,
        "y": 1,
        "z": -255
      },
      "replayPos": {
        "x": 6,
        "y": 1,
        "z": -255
      },
      "renderPos": {
        "x": 6,
        "y": 1,
        "z": -255
      },
      "pendingInputs": 5,
      "firstPendingFrame": 56,
      "lastProcessedFrame": 55
    },
    "timestamp": 34595.29999999888
  },
  {
    "frame": 265,
    "type": "server_correction",
    "id": "-tX7WPBVhnCSBh9tAAAF",
    "delta": 0,
    "meta": {
      "action": "ignore_micro",
      "serverPos": {
        "x": 6,
        "y": 1,
        "z": -255
      },
      "replayPos": {
        "x": 6,
        "y": 1,
        "z": -255
      },
      "renderPos": {
        "x": 6,
        "y": 1,
        "z": -255
      },
      "pendingInputs": 5,
      "firstPendingFrame": 59,
      "lastProcessedFrame": 58
    },
    "timestamp": 34689.89999999851
  },
  {
    "frame": 268,
    "type": "server_correction",
    "id": "-tX7WPBVhnCSBh9tAAAF",
    "delta": 0,
    "meta": {
      "action": "ignore_micro",
      "serverPos": {
        "x": 6,
        "y": 1,
        "z": -255
      },
      "replayPos": {
        "x": 6,
        "y": 1,
        "z": -255
      },
      "renderPos": {
        "x": 6,
        "y": 1,
        "z": -255
      },
      "pendingInputs": 4,
      "firstPendingFrame": 61,
      "lastProcessedFrame": 60
    },
    "timestamp": 34715.09999999963
  },
  {
    "frame": 271,
    "type": "server_correction",
    "id": "-tX7WPBVhnCSBh9tAAAF",
    "delta": 0,
    "meta": {
      "action": "ignore_micro",
      "serverPos": {
        "x": 6,
        "y": 1,
        "z": -255
      },
      "replayPos": {
        "x": 6,
        "y": 1,
        "z": -255
      },
      "renderPos": {
        "x": 6,
        "y": 1,
        "z": -255
      },
      "pendingInputs": 6,
      "firstPendingFrame": 62,
      "lastProcessedFrame": 61
    },
    "timestamp": 34777.39999999851
  },
  {
    "frame": 274,
    "type": "server_correction",
    "id": "-tX7WPBVhnCSBh9tAAAF",
    "delta": 0,
    "meta": {
      "action": "ignore_micro",
      "serverPos": {
        "x": 6,
        "y": 1,
        "z": -255
      },
      "replayPos": {
        "x": 6,
        "y": 1,
        "z": -255
      },
      "renderPos": {
        "x": 6,
        "y": 1,
        "z": -255
      },
      "pendingInputs": 6,
      "firstPendingFrame": 64,
      "lastProcessedFrame": 63
    },
    "timestamp": 34833.39999999851
  },
  {
    "frame": 277,
    "type": "server_correction",
    "id": "-tX7WPBVhnCSBh9tAAAF",
    "delta": 0,
    "meta": {
      "action": "ignore_micro",
      "serverPos": {
        "x": 6,
        "y": 1,
        "z": -255
      },
      "replayPos": {
        "x": 6,
        "y": 1,
        "z": -255
      },
      "renderPos": {
        "x": 6,
        "y": 1,
        "z": -255
      },
      "pendingInputs": 5,
      "firstPendingFrame": 67,
      "lastProcessedFrame": 66
    },
    "timestamp": 34896.5
  },
  {
    "frame": 279,
    "type": "server_correction",
    "id": "-tX7WPBVhnCSBh9tAAAF",
    "delta": 0,
    "meta": {
      "action": "ignore_micro",
      "serverPos": {
        "x": 6,
        "y": 1,
        "z": -255
      },
      "replayPos": {
        "x": 6,
        "y": 1,
        "z": -255
      },
      "renderPos": {
        "x": 6,
        "y": 1,
        "z": -255
      },
      "pendingInputs": 4,
      "firstPendingFrame": 70,
      "lastProcessedFrame": 69
    },
    "timestamp": 34948.5
  },
  {
    "frame": 282,
    "type": "server_correction",
    "id": "-tX7WPBVhnCSBh9tAAAF",
    "delta": 0,
    "meta": {
      "action": "ignore_micro",
      "serverPos": {
        "x": 6,
        "y": 1,
        "z": -255
      },
      "replayPos": {
        "x": 6,
        "y": 1,
        "z": -255
      },
      "renderPos": {
        "x": 6,
        "y": 1,
        "z": -255
      },
      "pendingInputs": 4,
      "firstPendingFrame": 71,
      "lastProcessedFrame": 70
    },
    "timestamp": 35021.39999999851
  },
  {
    "frame": 285,
    "type": "server_correction",
    "id": "-tX7WPBVhnCSBh9tAAAF",
    "delta": 0.3535533905932738,
    "meta": {
      "action": "smooth",
      "serverPos": {
        "x": 6,
        "y": 1,
        "z": -255
      },
      "replayPos": {
        "x": 5.75,
        "y": 1,
        "z": -255
      },
      "oldRenderPos": {
        "x": 6,
        "y": 1,
        "z": -254.75
      },
      "newRenderPos": {
        "x": 5.875,
        "y": 1,
        "z": -254.875
      },
      "pendingInputs": 3,
      "firstPendingFrame": 74,
      "lastProcessedFrame": 73
    },
    "timestamp": 35085.79999999888
  },
  {
    "frame": 290,
    "type": "server_correction",
    "id": "-tX7WPBVhnCSBh9tAAAF",
    "delta": 2.8429094007600186,
    "meta": {
      "action": "hard_snap",
      "serverPos": {
        "x": 6,
        "y": 1,
        "z": -255
      },
      "replayPos": {
        "x": 2.25,
        "y": 1,
        "z": -255
      },
      "renderPos": {
        "x": 3.400126265847083,
        "y": 1,
        "z": -252.40012626584706
      },
      "pendingInputs": 5,
      "firstPendingFrame": 76,
      "lastProcessedFrame": 75
    },
    "timestamp": 35190.59999999963
  },
  {
    "frame": 293,
    "type": "server_correction",
    "id": "-tX7WPBVhnCSBh9tAAAF",
    "delta": 3.958333333333333,
    "meta": {
      "action": "hard_snap",
      "serverPos": {
        "x": 5.958333333333333,
        "y": 1,
        "z": -255
      },
      "replayPos": {
        "x": 2.958333333333333,
        "y": 1,
        "z": -255
      },
      "renderPos": {
        "x": -1,
        "y": 1,
        "z": -255
      },
      "pendingInputs": 4,
      "firstPendingFrame": 79,
      "lastProcessedFrame": 78
    },
    "timestamp": 35254.29999999888
  },
  {
    "frame": 296,
    "type": "server_correction",
    "id": "-tX7WPBVhnCSBh9tAAAF",
    "delta": 2.695833333333333,
    "meta": {
      "action": "hard_snap",
      "serverPos": {
        "x": 5.854166666666666,
        "y": 1,
        "z": -255
      },
      "replayPos": {
        "x": 0.8541666666666661,
        "y": 1,
        "z": -255
      },
      "renderPos": {
        "x": -1.841666666666667,
        "y": 1,
        "z": -255
      },
      "pendingInputs": 5,
      "firstPendingFrame": 81,
      "lastProcessedFrame": 80
    },
    "timestamp": 35341.09999999963
  },
  {
    "frame": 299,
    "type": "server_correction",
    "id": "-tX7WPBVhnCSBh9tAAAF",
    "delta": 0.9583333333333337,
    "meta": {
      "action": "smooth",
      "serverPos": {
        "x": 5.6875,
        "y": 1,
        "z": -255
      },
      "replayPos": {
        "x": -1.7375,
        "y": 1,
        "z": -255
      },
      "oldRenderPos": {
        "x": -2.6958333333333337,
        "y": 1,
        "z": -255
      },
      "newRenderPos": {
        "x": -2.216666666666667,
        "y": 1,
        "z": -255
      },
      "pendingInputs": 6,
      "firstPendingFrame": 82,
      "lastProcessedFrame": 81
    },
    "timestamp": 35378.89999999851
  },
  {
    "frame": 302,
    "type": "server_correction",
    "id": "-tX7WPBVhnCSBh9tAAAF",
    "delta": 5.0249999999999995,
    "meta": {
      "action": "hard_snap",
      "serverPos": {
        "x": 5.458333333333333,
        "y": 1,
        "z": -255
      },
      "replayPos": {
        "x": -0.791666666666667,
        "y": 1,
        "z": -255
      },
      "renderPos": {
        "x": -5.816666666666666,
        "y": 1,
        "z": -255
      },
      "pendingInputs": 5,
      "firstPendingFrame": 85,
      "lastProcessedFrame": 84
    },
    "timestamp": 35450.59999999963
  },
  {
    "frame": 305,
    "type": "server_correction",
    "id": "-tX7WPBVhnCSBh9tAAAF",
    "delta": 2.7583333333333324,
    "meta": {
      "action": "hard_snap",
      "serverPos": {
        "x": 5.166666666666666,
        "y": 1,
        "z": -255
      },
      "replayPos": {
        "x": -3.433333333333334,
        "y": 1,
        "z": -255
      },
      "renderPos": {
        "x": -6.191666666666666,
        "y": 1,
        "z": -255
      },
      "pendingInputs": 6,
      "firstPendingFrame": 87,
      "lastProcessedFrame": 86
    },
    "timestamp": 35511
  },
  {
    "frame": 308,
    "type": "server_correction",
    "id": "-tX7WPBVhnCSBh9tAAAF",
    "delta": 4.247222222222222,
    "meta": {
      "action": "hard_snap",
      "serverPos": {
        "x": 4.680555555555555,
        "y": 1,
        "z": -255
      },
      "replayPos": {
        "x": -2.7861111111111123,
        "y": 1,
        "z": -255
      },
      "renderPos": {
        "x": -7.033333333333334,
        "y": 1,
        "z": -255
      },
      "pendingInputs": 5,
      "firstPendingFrame": 90,
      "lastProcessedFrame": 89
    },
    "timestamp": 35583.09999999963
  },
  {
    "frame": 311,
    "type": "server_correction",
    "id": "-tX7WPBVhnCSBh9tAAAF",
    "delta": 4.294444444444445,
    "meta": {
      "action": "hard_snap",
      "serverPos": {
        "x": 4.083333333333333,
        "y": 1,
        "z": -255
      },
      "replayPos": {
        "x": -5.691666666666667,
        "y": 1,
        "z": -255
      },
      "renderPos": {
        "x": -9.986111111111112,
        "y": 1,
        "z": -255
      },
      "pendingInputs": 6,
      "firstPendingFrame": 93,
      "lastProcessedFrame": 92
    },
    "timestamp": 35676.59999999963
  },
  {
    "frame": 313,
    "type": "server_correction",
    "id": "-tX7WPBVhnCSBh9tAAAF",
    "delta": 1.2097222222222221,
    "meta": {
      "action": "smooth",
      "serverPos": {
        "x": 3.7430555555555554,
        "y": 1,
        "z": -255
      },
      "replayPos": {
        "x": -6.281944444444445,
        "y": 1,
        "z": -255
      },
      "oldRenderPos": {
        "x": -7.491666666666667,
        "y": 1,
        "z": -255
      },
      "newRenderPos": {
        "x": -6.886805555555556,
        "y": 1,
        "z": -255
      },
      "pendingInputs": 6,
      "firstPendingFrame": 94,
      "lastProcessedFrame": 93
    },
    "timestamp": 35697.5
  },
  {
    "frame": 316,
    "type": "server_correction",
    "id": "-tX7WPBVhnCSBh9tAAAF",
    "delta": 6.699305555555558,
    "meta": {
      "action": "hard_snap",
      "serverPos": {
        "x": 2.979166666666667,
        "y": 1,
        "z": -255
      },
      "replayPos": {
        "x": -3.787499999999999,
        "y": 1,
        "z": -255
      },
      "renderPos": {
        "x": -10.486805555555557,
        "y": 1,
        "z": -255
      },
      "pendingInputs": 4,
      "firstPendingFrame": 98,
      "lastProcessedFrame": 97
    },
    "timestamp": 35768.39999999851
  },
  {
    "frame": 319,
    "type": "server_correction",
    "id": "-tX7WPBVhnCSBh9tAAAF",
    "delta": 2.7375000000000003,
    "meta": {
      "action": "hard_snap",
      "serverPos": {
        "x": 2.333333333333334,
        "y": 1,
        "z": -255
      },
      "replayPos": {
        "x": -2.849999999999999,
        "y": 1,
        "z": -255
      },
      "renderPos": {
        "x": -5.5874999999999995,
        "y": 1,
        "z": -255
      },
      "pendingInputs": 3,
      "firstPendingFrame": 100,
      "lastProcessedFrame": 99
    },
    "timestamp": 35828
  },
  {
    "frame": 322,
    "type": "server_correction",
    "id": "-tX7WPBVhnCSBh9tAAAF",
    "delta": 0.9666666666666686,
    "meta": {
      "action": "smooth",
      "serverPos": {
        "x": 1.625000000000001,
        "y": 1,
        "z": -255
      },
      "replayPos": {
        "x": -7.283333333333331,
        "y": 1,
        "z": -255
      },
      "oldRenderPos": {
        "x": -8.25,
        "y": 1,
        "z": -255
      },
      "newRenderPos": {
        "x": -7.766666666666666,
        "y": 1,
        "z": -255
      },
      "pendingInputs": 5,
      "firstPendingFrame": 101,
      "lastProcessedFrame": 100
    },
    "timestamp": 35905.39999999851
  },
  {
    "frame": 325,
    "type": "server_correction",
    "id": "-tX7WPBVhnCSBh9tAAAF",
    "delta": 3.220833333333333,
    "meta": {
      "action": "hard_snap",
      "serverPos": {
        "x": 0.8541666666666684,
        "y": 1,
        "z": -255
      },
      "replayPos": {
        "x": -6.236704216458614,
        "y": 1,
        "z": -254.3827839465802
      },
      "renderPos": {
        "x": -9.457537549791947,
        "y": 1,
        "z": -254.3827839465802
      },
      "pendingInputs": 4,
      "firstPendingFrame": 103,
      "lastProcessedFrame": 102
    },
    "timestamp": 35958
  },
  {
    "frame": 328,
    "type": "server_correction",
    "id": "-tX7WPBVhnCSBh9tAAAF",
    "delta": 4.275000000000002,
    "meta": {
      "action": "hard_snap",
      "serverPos": {
        "x": -0.2708333333333312,
        "y": 1,
        "z": -255
      },
      "replayPos": {
        "x": -4.2340480397758,
        "y": 1,
        "z": -251.6618303034831
      },
      "renderPos": {
        "x": -8.509048039775802,
        "y": 1,
        "z": -251.6618303034831
      },
      "pendingInputs": 3,
      "firstPendingFrame": 106,
      "lastProcessedFrame": 105
    },
    "timestamp": 36033.199999999255
  },
  {
    "frame": 331,
    "type": "server_correction",
    "id": "-tX7WPBVhnCSBh9tAAAF",
    "delta": 1.9124569968869194,
    "meta": {
      "action": "smooth",
      "serverPos": {
        "x": -1.1689341724975673,
        "y": 1,
        "z": -254.98250992308007
      },
      "replayPos": {
        "x": -5.733868385407881,
        "y": 1,
        "z": -249.8080402964651
      },
      "oldRenderPos": {
        "x": -4.845929754216666,
        "y": 1,
        "z": -248.11421127552467
      },
      "newRenderPos": {
        "x": -5.289899069812273,
        "y": 1,
        "z": -248.96112578599488
      },
      "pendingInputs": 4,
      "firstPendingFrame": 107,
      "lastProcessedFrame": 106
    },
    "timestamp": 36122.09999999963
  },
  {
    "frame": 334,
    "type": "server_correction",
    "id": "-tX7WPBVhnCSBh9tAAAF",
    "delta": 5.570884357926653,
    "meta": {
      "action": "hard_snap",
      "serverPos": {
        "x": -2.054183100855714,
        "y": 1,
        "z": -254.8259902842425
      },
      "replayPos": {
        "x": -8.063528171643643,
        "y": 1,
        "z": -250.86016479385626
      },
      "renderPos": {
        "x": -6.4108149925238695,
        "y": 1,
        "z": -245.54008099029116
      },
      "pendingInputs": 4,
      "firstPendingFrame": 109,
      "lastProcessedFrame": 108
    },
    "timestamp": 36185.59999999963
  },
  {
    "frame": 336,
    "type": "server_correction",
    "id": "-tX7WPBVhnCSBh9tAAAF",
    "delta": 2.673540757934844,
    "meta": {
      "action": "hard_snap",
      "serverPos": {
        "x": -2.623324702049188,
        "y": 1,
        "z": -254.6368562719052
      },
      "replayPos": {
        "x": -11.077679117675597,
        "y": 1,
        "z": -251.55077600480615
      },
      "renderPos": {
        "x": -11.068200707037608,
        "y": 1,
        "z": -248.87725204866314
      },
      "pendingInputs": 5,
      "firstPendingFrame": 110,
      "lastProcessedFrame": 109
    },
    "timestamp": 36238.89999999851
  },
  {
    "frame": 339,
    "type": "server_correction",
    "id": "-tX7WPBVhnCSBh9tAAAF",
    "delta": 4.200000000000004,
    "meta": {
      "action": "hard_snap",
      "serverPos": {
        "x": -3.7505719574660423,
        "y": 1,
        "z": -254.22537890295868
      },
      "replayPos": {
        "x": -10.51405548996717,
        "y": 1,
        "z": -251.75651468927944
      },
      "renderPos": {
        "x": -14.45942088392616,
        "y": 1,
        "z": -250.31634389796653
      },
      "pendingInputs": 4,
      "firstPendingFrame": 113,
      "lastProcessedFrame": 112
    },
    "timestamp": 36293
  },
  {
    "frame": 341,
    "type": "server_correction",
    "id": "-tX7WPBVhnCSBh9tAAAF",
    "delta": 1.2000000000000024,
    "meta": {
      "action": "smooth",
      "serverPos": {
        "x": -4.3141955851744695,
        "y": 1,
        "z": -254.01964021848542
      },
      "replayPos": {
        "x": -12.768550000800879,
        "y": 1,
        "z": -250.93355995138637
      },
      "oldRenderPos": {
        "x": -13.895797256217733,
        "y": 1,
        "z": -250.52208258243982
      },
      "newRenderPos": {
        "x": -13.332173628509306,
        "y": 1,
        "z": -250.7278212669131
      },
      "pendingInputs": 5,
      "firstPendingFrame": 114,
      "lastProcessedFrame": 113
    },
    "timestamp": 36383.5
  },
  {
    "frame": 344,
    "type": "server_correction",
    "id": "-tX7WPBVhnCSBh9tAAAF",
    "delta": 3.2999999999999994,
    "meta": {
      "action": "hard_snap",
      "serverPos": {
        "x": -5.15963102673711,
        "y": 1,
        "z": -253.71103219177553
      },
      "replayPos": {
        "x": -11.923114559238238,
        "y": 1,
        "z": -251.2421679780963
      },
      "renderPos": {
        "x": -15.023044511634588,
        "y": 1,
        "z": -250.1106052134933
      },
      "pendingInputs": 4,
      "firstPendingFrame": 116,
      "lastProcessedFrame": 115
    },
    "timestamp": 36409.79999999888
  },
  {
    "frame": 347,
    "type": "server_correction",
    "id": "-tX7WPBVhnCSBh9tAAAF",
    "delta": 2.7000000000000046,
    "meta": {
      "action": "hard_snap",
      "serverPos": {
        "x": -6.005066468299751,
        "y": 1,
        "z": -253.40242416506564
      },
      "replayPos": {
        "x": -16.150291767051442,
        "y": 1,
        "z": -249.69912784454678
      },
      "renderPos": {
        "x": -18.686598091739366,
        "y": 1,
        "z": -248.77330376441705
      },
      "pendingInputs": 6,
      "firstPendingFrame": 118,
      "lastProcessedFrame": 117
    },
    "timestamp": 36485.89999999851
  },
  {
    "frame": 350,
    "type": "server_correction",
    "id": "-tX7WPBVhnCSBh9tAAAF",
    "delta": 4.200000000000004,
    "meta": {
      "action": "hard_snap",
      "serverPos": {
        "x": -7.132313723716606,
        "y": 1,
        "z": -252.99094679611912
      },
      "replayPos": {
        "x": -15.586668139343015,
        "y": 1,
        "z": -249.90486652902007
      },
      "renderPos": {
        "x": -19.532033533302005,
        "y": 1,
        "z": -248.46469573770716
      },
      "pendingInputs": 5,
      "firstPendingFrame": 121,
      "lastProcessedFrame": 120
    },
    "timestamp": 36568.199999999255
  },
  {
    "frame": 353,
    "type": "server_correction",
    "id": "-tX7WPBVhnCSBh9tAAAF",
    "delta": 4.500000000000002,
    "meta": {
      "action": "hard_snap",
      "serverPos": {
        "x": -7.9777491652792465,
        "y": 1,
        "z": -252.68233876940923
      },
      "replayPos": {
        "x": -14.741232697780374,
        "y": 1,
        "z": -250.21347455573
      },
      "renderPos": {
        "x": -18.968409905593578,
        "y": 1,
        "z": -248.67043442218045
      },
      "pendingInputs": 4,
      "firstPendingFrame": 124,
      "lastProcessedFrame": 123
    },
    "timestamp": 36621.199999999255
  },
  {
    "frame": 356,
    "type": "server_correction",
    "id": "-tX7WPBVhnCSBh9tAAAF",
    "delta": 0.9000000000000059,
    "meta": {
      "action": "smooth",
      "serverPos": {
        "x": -8.823184606841888,
        "y": 1,
        "z": -252.37373074269934
      },
      "replayPos": {
        "x": -17.277539022468297,
        "y": 1,
        "z": -249.2876504756003
      },
      "oldRenderPos": {
        "x": -18.12297446403094,
        "y": 1,
        "z": -248.97904244889037
      },
      "newRenderPos": {
        "x": -17.700256743249618,
        "y": 1,
        "z": -249.13334646224533
      },
      "pendingInputs": 5,
      "firstPendingFrame": 125,
      "lastProcessedFrame": 124
    },
    "timestamp": 36719.89999999851
  },
  {
    "frame": 359,
    "type": "server_correction",
    "id": "-tX7WPBVhnCSBh9tAAAF",
    "delta": 3.1500000000000057,
    "meta": {
      "action": "hard_snap",
      "serverPos": {
        "x": -9.668620048404529,
        "y": 1,
        "z": -252.06512271598945
      },
      "replayPos": {
        "x": -14.741232697780374,
        "y": 1,
        "z": -250.21347455573002
      },
      "renderPos": {
        "x": -17.700256743249618,
        "y": 1,
        "z": -249.13334646224533
      },
      "pendingInputs": 3,
      "firstPendingFrame": 127,
      "lastProcessedFrame": 126
    },
    "timestamp": 36731.79999999888
  },
  {
    "frame": 362,
    "type": "server_correction",
    "id": "-tX7WPBVhnCSBh9tAAAF",
    "delta": 2.7000000000000046,
    "meta": {
      "action": "hard_snap",
      "serverPos": {
        "x": -10.51405548996717,
        "y": 1,
        "z": -251.75651468927956
      },
      "replayPos": {
        "x": -17.277539022468297,
        "y": 1,
        "z": -249.28765047560032
      },
      "renderPos": {
        "x": -19.81384534715622,
        "y": 1,
        "z": -248.3618263954706
      },
      "pendingInputs": 4,
      "firstPendingFrame": 129,
      "lastProcessedFrame": 128
    },
    "timestamp": 36791.5
  },
  {
    "frame": 365,
    "type": "server_correction",
    "id": "-tX7WPBVhnCSBh9tAAAF",
    "delta": 0.9000000000000026,
    "meta": {
      "action": "smooth",
      "serverPos": {
        "x": -11.35949093152981,
        "y": 1,
        "z": -251.44790666256966
      },
      "replayPos": {
        "x": -19.81384534715622,
        "y": 1,
        "z": -248.36182639547062
      },
      "oldRenderPos": {
        "x": -20.65928078871886,
        "y": 1,
        "z": -248.0532183687607
      },
      "newRenderPos": {
        "x": -20.23656306793754,
        "y": 1,
        "z": -248.20752238211566
      },
      "pendingInputs": 5,
      "firstPendingFrame": 130,
      "lastProcessedFrame": 129
    },
    "timestamp": 36856.89999999851
  }
]