[
  {
    "frame": 7532,
    "type": "server_correction",
    "id": "-tX7WPBVhnCSBh9tAAAF",
    "delta": 0.05665445963540784,
    "meta": {
      "action": "ignore_micro",
      "serverPos": {
        "x": 110.36345578017605,
        "y": 1,
        "z": -122.23663911457926
      },
      "replayPos": {
        "x": 110.36345578017605,
        "y": 1,
        "z": -122.23663911457926
      },
      "renderPos": {
        "x": 110.3069659962006,
        "y": 1,
        "z": -122.23232262260233
      },
      "pendingInputs": 4,
      "firstPendingFrame": 4385,
      "lastProcessedFrame": 4384
    },
    "timestamp": 187387.5
  },
  {
    "frame": 7535,
    "type": "server_correction",
    "id": "-tX7WPBVhnCSBh9tAAAF",
    "delta": 0.05665445963540784,
    "meta": {
      "action": "ignore_micro",
      "serverPos": {
        "x": 110.36345578017605,
        "y": 1,
        "z": -122.23663911457926
      },
      "replayPos": {
        "x": 110.36345578017605,
        "y": 1,
        "z": -122.23663911457926
      },
      "renderPos": {
        "x": 110.3069659962006,
        "y": 1,
        "z": -122.23232262260233
      },
      "pendingInputs": 4,
      "firstPendingFrame": 4386,
      "lastProcessedFrame": 4385
    },
    "timestamp": 187423.09999999963
  },
  {
    "frame": 7538,
    "type": "server_correction",
    "id": "-tX7WPBVhnCSBh9tAAAF",
    "delta": 0.05665445963540784,
    "meta": {
      "action": "ignore_micro",
      "serverPos": {
        "x": 110.36345578017605,
        "y": 1,
        "z": -122.23663911457926
      },
      "replayPos": {
        "x": 110.36345578017605,
        "y": 1,
        "z": -122.23663911457926
      },
      "renderPos": {
        "x": 110.3069659962006,
        "y": 1,
        "z": -122.23232262260233
      },
      "pendingInputs": 6,
      "firstPendingFrame": 4387,
      "lastProcessedFrame": 4386
    },
    "timestamp": 187528.59999999963
  },
  {
    "frame": 7540,
    "type": "server_correction",
    "id": "-tX7WPBVhnCSBh9tAAAF",
    "delta": 0.05665445963540784,
    "meta": {
      "action": "ignore_micro",
      "serverPos": {
        "x": 110.36345578017605,
        "y": 1,
        "z": -122.23663911457926
      },
      "replayPos": {
        "x": 110.36345578017605,
        "y": 1,
        "z": -122.23663911457926
      },
      "renderPos": {
        "x": 110.3069659962006,
        "y": 1,
        "z": -122.23232262260233
      },
      "pendingInputs": 6,
      "firstPendingFrame": 4389,
      "lastProcessedFrame": 4388
    },
    "timestamp": 187556.8999999985
  },
  {
    "frame": 7543,
    "type": "server_correction",
    "id": "-tX7WPBVhnCSBh9tAAAF",
    "delta": 0.05665445963540784,
    "meta": {
      "action": "ignore_micro",
      "serverPos": {
        "x": 110.36345578017605,
        "y": 1,
        "z": -122.23663911457926
      },
      "replayPos": {
        "x": 110.36345578017605,
        "y": 1,
        "z": -122.23663911457926
      },
      "renderPos": {
        "x": 110.3069659962006,
        "y": 1,
        "z": -122.23232262260233
      },
      "pendingInputs": 5,
      "firstPendingFrame": 4392,
      "lastProcessedFrame": 4391
    },
    "timestamp": 187633.3999999985
  },
  {
    "frame": 7546,
    "type": "server_correction",
    "id": "-tX7WPBVhnCSBh9tAAAF",
    "delta": 0.05665445963540784,
    "meta": {
      "action": "ignore_micro",
      "serverPos": {
        "x": 110.36345578017605,
        "y": 1,
        "z": -122.23663911457926
      },
      "replayPos": {
        "x": 110.36345578017605,
        "y": 1,
        "z": -122.23663911457926
      },
      "renderPos": {
        "x": 110.3069659962006,
        "y": 1,
        "z": -122.23232262260233
      },
      "pendingInputs": 5,
      "firstPendingFrame": 4393,
      "lastProcessedFrame": 4392
    },
    "timestamp": 187666.29999999888
  },
  {
    "frame": 7548,
    "type": "server_correction",
    "id": "-tX7WPBVhnCSBh9tAAAF",
    "delta": 0.05665445963540784,
    "meta": {
      "action": "ignore_micro",
      "serverPos": {
        "x": 110.36345578017605,
        "y": 1,
        "z": -122.23663911457926
      },
      "replayPos": {
        "x": 110.36345578017605,
        "y": 1,
        "z": -122.23663911457926
      },
      "renderPos": {
        "x": 110.3069659962006,
        "y": 1,
        "z": -122.23232262260233
      },
      "pendingInputs": 4,
      "firstPendingFrame": 4396,
      "lastProcessedFrame": 4395
    },
    "timestamp": 187714.19999999925
  },
  {
    "frame": 7551,
    "type": "server_correction",
    "id": "-tX7WPBVhnCSBh9tAAAF",
    "delta": 0.05665445963540784,
    "meta": {
      "action": "ignore_micro",
      "serverPos": {
        "x": 110.36345578017605,
        "y": 1,
        "z": -122.23663911457926
      },
      "replayPos": {
        "x": 110.36345578017605,
        "y": 1,
        "z": -122.23663911457926
      },
      "renderPos": {
        "x": 110.3069659962006,
        "y": 1,
        "z": -122.23232262260233
      },
      "pendingInputs": 4,
      "firstPendingFrame": 4398,
      "lastProcessedFrame": 4397
    },
    "timestamp": 187789.09999999963
  },
  {
    "frame": 7554,
    "type": "server_correction",
    "id": "-tX7WPBVhnCSBh9tAAAF",
    "delta": 0.05665445963540784,
    "meta": {
      "action": "ignore_micro",
      "serverPos": {
        "x": 110.36345578017605,
        "y": 1,
        "z": -122.23663911457926
      },
      "replayPos": {
        "x": 110.36345578017605,
        "y": 1,
        "z": -122.23663911457926
      },
      "renderPos": {
        "x": 110.3069659962006,
        "y": 1,
        "z": -122.23232262260233
      },
      "pendingInputs": 5,
      "firstPendingFrame": 4400,
      "lastProcessedFrame": 4399
    },
    "timestamp": 187887.3999999985
  },
  {
    "frame": 7557,
    "type": "server_correction",
    "id": "-tX7WPBVhnCSBh9tAAAF",
    "delta": 0.05665445963540784,
    "meta": {
      "action": "ignore_micro",
      "serverPos": {
        "x": 110.36345578017605,
        "y": 1,
        "z": -122.23663911457926
      },
      "replayPos": {
        "x": 110.36345578017605,
        "y": 1,
        "z": -122.23663911457926
      },
      "renderPos": {
        "x": 110.3069659962006,
        "y": 1,
        "z": -122.23232262260233
      },
      "pendingInputs": 4,
      "firstPendingFrame": 4402,
      "lastProcessedFrame": 4401
    },
    "timestamp": 187968.8999999985
  },
  {
    "frame": 7560,
    "type": "server_correction",
    "id": "-tX7WPBVhnCSBh9tAAAF",
    "delta": 0.05665445963540784,
    "meta": {
      "action": "ignore_micro",
      "serverPos": {
        "x": 110.36345578017605,
        "y": 1,
        "z": -122.23663911457926
      },
      "replayPos": {
        "x": 110.36345578017605,
        "y": 1,
        "z": -122.23663911457926
      },
      "renderPos": {
        "x": 110.3069659962006,
        "y": 1,
        "z": -122.23232262260233
      },
      "pendingInputs": 3,
      "firstPendingFrame": 4404,
      "lastProcessedFrame": 4403
    },
    "timestamp": 187983.79999999888
  },
  {
    "frame": 7563,
    "type": "server_correction",
    "id": "-tX7WPBVhnCSBh9tAAAF",
    "delta": 0.05665445963540784,
    "meta": {
      "action": "ignore_micro",
      "serverPos": {
        "x": 110.36345578017605,
        "y": 1,
        "z": -122.23663911457926
      },
      "replayPos": {
        "x": 110.36345578017605,
        "y": 1,
        "z": -122.23663911457926
      },
      "renderPos": {
        "x": 110.3069659962006,
        "y": 1,
        "z": -122.23232262260233
      },
      "pendingInputs": 4,
      "firstPendingFrame": 4405,
      "lastProcessedFrame": 4404
    },
    "timestamp": 188075.59999999963
  },
  {
    "frame": 7566,
    "type": "server_correction",
    "id": "-tX7WPBVhnCSBh9tAAAF",
    "delta": 0.05665445963540784,
    "meta": {
      "action": "ignore_micro",
      "serverPos": {
        "x": 110.36345578017605,
        "y": 1,
        "z": -122.23663911457926
      },
      "replayPos": {
        "x": 110.36345578017605,
        "y": 1,
        "z": -122.23663911457926
      },
      "renderPos": {
        "x": 110.3069659962006,
        "y": 1,
        "z": -122.23232262260233
      },
      "pendingInputs": 5,
      "firstPendingFrame": 4406,
      "lastProcessedFrame": 4405
    },
    "timestamp": 188144
  },
  {
    "frame": 7569,
    "type": "server_correction",
    "id": "-tX7WPBVhnCSBh9tAAAF",
    "delta": 0.05665445963540784,
    "meta": {
      "action": "ignore_micro",
      "serverPos": {
        "x": 110.36345578017605,
        "y": 1,
        "z": -122.23663911457926
      },
      "replayPos": {
        "x": 110.36345578017605,
        "y": 1,
        "z": -122.23663911457926
      },
      "renderPos": {
        "x": 110.3069659962006,
        "y": 1,
        "z": -122.23232262260233
      },
      "pendingInputs": 5,
      "firstPendingFrame": 4407,
      "lastProcessedFrame": 4406
    },
    "timestamp": 188171.29999999888
  },
  {
    "frame": 7571,
    "type": "server_correction",
    "id": "-tX7WPBVhnCSBh9tAAAF",
    "delta": 0.05665445963540784,
    "meta": {
      "action": "ignore_micro",
      "serverPos": {
        "x": 110.36345578017605,
        "y": 1,
        "z": -122.23663911457926
      },
      "replayPos": {
        "x": 110.36345578017605,
        "y": 1,
        "z": -122.23663911457926
      },
      "renderPos": {
        "x": 110.3069659962006,
        "y": 1,
        "z": -122.23232262260233
      },
      "pendingInputs": 6,
      "firstPendingFrame": 4408,
      "lastProcessedFrame": 4407
    },
    "timestamp": 188243.69999999925
  },
  {
    "frame": 7574,
    "type": "server_correction",
    "id": "-tX7WPBVhnCSBh9tAAAF",
    "delta": 0.05665445963540784,
    "meta": {
      "action": "ignore_micro",
      "serverPos": {
        "x": 110.36345578017605,
        "y": 1,
        "z": -122.23663911457926
      },
      "replayPos": {
        "x": 110.36345578017605,
        "y": 1,
        "z": -122.23663911457926
      },
      "renderPos": {
        "x": 110.3069659962006,
        "y": 1,
        "z": -122.23232262260233
      },
      "pendingInputs": 7,
      "firstPendingFrame": 4410,
      "lastProcessedFrame": 4409
    },
    "timestamp": 188327.09999999963
  },
  {
    "frame": 7577,
    "type": "server_correction",
    "id": "-tX7WPBVhnCSBh9tAAAF",
    "delta": 0.05665445963540784,
    "meta": {
      "action": "ignore_micro",
      "serverPos": {
        "x": 110.36345578017605,
        "y": 1,
        "z": -122.23663911457926
      },
      "replayPos": {
        "x": 110.36345578017605,
        "y": 1,
        "z": -122.23663911457926
      },
      "renderPos": {
        "x": 110.3069659962006,
        "y": 1,
        "z": -122.23232262260233
      },
      "pendingInputs": 5,
      "firstPendingFrame": 4413,
      "lastProcessedFrame": 4412
    },
    "timestamp": 188343.59999999963
  },
  {
    "frame": 7580,
    "type": "server_correction",
    "id": "-tX7WPBVhnCSBh9tAAAF",
    "delta": 0.05665445963540784,
    "meta": {
      "action": "ignore_micro",
      "serverPos": {
        "x": 110.36345578017605,
        "y": 1,
        "z": -122.23663911457926
      },
      "replayPos": {
        "x": 110.36345578017605,
        "y": 1,
        "z": -122.23663911457926
      },
      "renderPos": {
        "x": 110.3069659962006,
        "y": 1,
        "z": -122.23232262260233
      },
      "pendingInputs": 6,
      "firstPendingFrame": 4415,
      "lastProcessedFrame": 4414
    },
    "timestamp": 188451.79999999888
  },
  {
    "frame": 7583,
    "type": "server_correction",
    "id": "-tX7WPBVhnCSBh9tAAAF",
    "delta": 0.05665445963540784,
    "meta": {
      "action": "ignore_micro",
      "serverPos": {
        "x": 110.36345578017605,
        "y": 1,
        "z": -122.23663911457926
      },
      "replayPos": {
        "x": 110.36345578017605,
        "y": 1,
        "z": -122.23663911457926
      },
      "renderPos": {
        "x": 110.3069659962006,
        "y": 1,
        "z": -122.23232262260233
      },
      "pendingInputs": 4,
      "firstPendingFrame": 4417,
      "lastProcessedFrame": 4416
    },
    "timestamp": 188492.69999999925
  },
  {
    "frame": 7586,
    "type": "server_correction",
    "id": "-tX7WPBVhnCSBh9tAAAF",
    "delta": 0.05665445963540784,
    "meta": {
      "action": "ignore_micro",
      "serverPos": {
        "x": 110.36345578017605,
        "y": 1,
        "z": -122.23663911457926
      },
      "replayPos": {
        "x": 110.36345578017605,
        "y": 1,
        "z": -122.23663911457926
      },
      "renderPos": {
        "x": 110.3069659962006,
        "y": 1,
        "z": -122.23232262260233
      },
      "pendingInputs": 4,
      "firstPendingFrame": 4419,
      "lastProcessedFrame": 4418
    },
    "timestamp": 188558
  },
  {
    "frame": 7589,
    "type": "server_correction",
    "id": "-tX7WPBVhnCSBh9tAAAF",
    "delta": 0.05665445963540784,
    "meta": {
      "action": "ignore_micro",
      "serverPos": {
        "x": 110.36345578017605,
        "y": 1,
        "z": -122.23663911457926
      },
      "replayPos": {
        "x": 110.36345578017605,
        "y": 1,
        "z": -122.23663911457926
      },
      "renderPos": {
        "x": 110.3069659962006,
        "y": 1,
        "z": -122.23232262260233
      },
      "pendingInputs": 3,
      "firstPendingFrame": 4421,
      "lastProcessedFrame": 4420
    },
    "timestamp": 188583.19999999925
  },
  {
    "frame": 7592,
    "type": "server_correction",
    "id": "-tX7WPBVhnCSBh9tAAAF",
    "delta": 0.05665445963540784,
    "meta": {
      "action": "ignore_micro",
      "serverPos": {
        "x": 110.36345578017605,
        "y": 1,
        "z": -122.23663911457926
      },
      "replayPos": {
        "x": 110.36345578017605,
        "y": 1,
        "z": -122.23663911457926
      },
      "renderPos": {
        "x": 110.3069659962006,
        "y": 1,
        "z": -122.23232262260233
      },
      "pendingInputs": 4,
      "firstPendingFrame": 4422,
      "lastProcessedFrame": 4421
    },
    "timestamp": 188636.5
  },
  {
    "frame": 7595,
    "type": "server_correction",
    "id": "-tX7WPBVhnCSBh9tAAAF",
    "delta": 0.05665445963540784,
    "meta": {
      "action": "ignore_micro",
      "serverPos": {
        "x": 110.36345578017605,
        "y": 1,
        "z": -122.23663911457926
      },
      "replayPos": {
        "x": 110.36345578017605,
        "y": 1,
        "z": -122.23663911457926
      },
      "renderPos": {
        "x": 110.3069659962006,
        "y": 1,
        "z": -122.23232262260233
      },
      "pendingInputs": 5,
      "firstPendingFrame": 4423,
      "lastProcessedFrame": 4422
    },
    "timestamp": 188691.3999999985
  },
  {
    "frame": 7598,
    "type": "server_correction",
    "id": "-tX7WPBVhnCSBh9tAAAF",
    "delta": 0.05665445963540784,
    "meta": {
      "action": "ignore_micro",
      "serverPos": {
        "x": 110.36345578017605,
        "y": 1,
        "z": -122.23663911457926
      },
      "replayPos": {
        "x": 110.36345578017605,
        "y": 1,
        "z": -122.23663911457926
      },
      "renderPos": {
        "x": 110.3069659962006,
        "y": 1,
        "z": -122.23232262260233
      },
      "pendingInputs": 5,
      "firstPendingFrame": 4425,
      "lastProcessedFrame": 4424
    },
    "timestamp": 188753
  },
  {
    "frame": 7601,
    "type": "server_correction",
    "id": "-tX7WPBVhnCSBh9tAAAF",
    "delta": 0.05665445963540784,
    "meta": {
      "action": "ignore_micro",
      "serverPos": {
        "x": 110.36345578017605,
        "y": 1,
        "z": -122.23663911457926
      },
      "replayPos": {
        "x": 110.36345578017605,
        "y": 1,
        "z": -122.23663911457926
      },
      "renderPos": {
        "x": 110.3069659962006,
        "y": 1,
        "z": -122.23232262260233
      },
      "pendingInputs": 5,
      "firstPendingFrame": 4428,
      "lastProcessedFrame": 4427
    },
    "timestamp": 188810.09999999963
  },
  {
    "frame": 7605,
    "type": "server_correction",
    "id": "-tX7WPBVhnCSBh9tAAAF",
    "delta": 0.05665445963540784,
    "meta": {
      "action": "ignore_micro",
      "serverPos": {
        "x": 110.36345578017605,
        "y": 1,
        "z": -122.23663911457926
      },
      "replayPos": {
        "x": 110.36345578017605,
        "y": 1,
        "z": -122.23663911457926
      },
      "renderPos": {
        "x": 110.3069659962006,
        "y": 1,
        "z": -122.23232262260233
      },
      "pendingInputs": 7,
      "firstPendingFrame": 4430,
      "lastProcessedFrame": 4429
    },
    "timestamp": 188953.09999999963
  },
  {
    "frame": 7608,
    "type": "server_correction",
    "id": "-tX7WPBVhnCSBh9tAAAF",
    "delta": 0.05665445963540784,
    "meta": {
      "action": "ignore_micro",
      "serverPos": {
        "x": 110.36345578017605,
        "y": 1,
        "z": -122.23663911457926
      },
      "replayPos": {
        "x": 110.36345578017605,
        "y": 1,
        "z": -122.23663911457926
      },
      "renderPos": {
        "x": 110.3069659962006,
        "y": 1,
        "z": -122.23232262260233
      },
      "pendingInputs": 6,
      "firstPendingFrame": 4432,
      "lastProcessedFrame": 4431
    },
    "timestamp": 188996.8999999985
  },
  {
    "frame": 7611,
    "type": "server_correction",
    "id": "-tX7WPBVhnCSBh9tAAAF",
    "delta": 0.05665445963540784,
    "meta": {
      "action": "ignore_micro",
      "serverPos": {
        "x": 110.36345578017605,
        "y": 1,
        "z": -122.23663911457926
      },
      "replayPos": {
        "x": 110.36345578017605,
        "y": 1,
        "z": -122.23663911457926
      },
      "renderPos": {
        "x": 110.3069659962006,
        "y": 1,
        "z": -122.23232262260233
      },
      "pendingInputs": 5,
      "firstPendingFrame": 4435,
      "lastProcessedFrame": 4434
    },
    "timestamp": 189070.69999999925
  },
  {
    "frame": 7614,
    "type": "server_correction",
    "id": "-tX7WPBVhnCSBh9tAAAF",
    "delta": 0.05665445963540784,
    "meta": {
      "action": "ignore_micro",
      "serverPos": {
        "x": 110.36345578017605,
        "y": 1,
        "z": -122.23663911457926
      },
      "replayPos": {
        "x": 110.36345578017605,
        "y": 1,
        "z": -122.23663911457926
      },
      "renderPos": {
        "x": 110.3069659962006,
        "y": 1,
        "z": -122.23232262260233
      },
      "pendingInputs": 5,
      "firstPendingFrame": 4436,
      "lastProcessedFrame": 4435
    },
    "timestamp": 189082.79999999888
  },
  {
    "frame": 7617,
    "type": "server_correction",
    "id": "-tX7WPBVhnCSBh9tAAAF",
    "delta": 0.05665445963540784,
    "meta": {
      "action": "ignore_micro",
      "serverPos": {
        "x": 110.36345578017605,
        "y": 1,
        "z": -122.23663911457926
      },
      "replayPos": {
        "x": 110.36345578017605,
        "y": 1,
        "z": -122.23663911457926
      },
      "renderPos": {
        "x": 110.3069659962006,
        "y": 1,
        "z": -122.23232262260233
      },
      "pendingInputs": 5,
      "firstPendingFrame": 4438,
      "lastProcessedFrame": 4437
    },
    "timestamp": 189161.3999999985
  },
  {
    "frame": 7620,
    "type": "server_correction",
    "id": "-tX7WPBVhnCSBh9tAAAF",
    "delta": 0.05665445963540784,
    "meta": {
      "action": "ignore_micro",
      "serverPos": {
        "x": 110.36345578017605,
        "y": 1,
        "z": -122.23663911457926
      },
      "replayPos": {
        "x": 110.36345578017605,
        "y": 1,
        "z": -122.23663911457926
      },
      "renderPos": {
        "x": 110.3069659962006,
        "y": 1,
        "z": -122.23232262260233
      },
      "pendingInputs": 4,
      "firstPendingFrame": 4440,
      "lastProcessedFrame": 4439
    },
    "timestamp": 189190.79999999888
  },
  {
    "frame": 7623,
    "type": "server_correction",
    "id": "-tX7WPBVhnCSBh9tAAAF",
    "delta": 0.05665445963540784,
    "meta": {
      "action": "ignore_micro",
      "serverPos": {
        "x": 110.36345578017605,
        "y": 1,
        "z": -122.23663911457926
      },
      "replayPos": {
        "x": 110.36345578017605,
        "y": 1,
        "z": -122.23663911457926
      },
      "renderPos": {
        "x": 110.3069659962006,
        "y": 1,
        "z": -122.23232262260233
      },
      "pendingInputs": 6,
      "firstPendingFrame": 4441,
      "lastProcessedFrame": 4440
    },
    "timestamp": 189254.09999999963
  },
  {
    "frame": 7626,
    "type": "server_correction",
    "id": "-tX7WPBVhnCSBh9tAAAF",
    "delta": 0.05665445963540784,
    "meta": {
      "action": "ignore_micro",
      "serverPos": {
        "x": 110.36345578017605,
        "y": 1,
        "z": -122.23663911457926
      },
      "replayPos": {
        "x": 110.36345578017605,
        "y": 1,
        "z": -122.23663911457926
      },
      "renderPos": {
        "x": 110.3069659962006,
        "y": 1,
        "z": -122.23232262260233
      },
      "pendingInputs": 6,
      "firstPendingFrame": 4443,
      "lastProcessedFrame": 4442
    },
    "timestamp": 189367.09999999963
  },
  {
    "frame": 7629,
    "type": "server_correction",
    "id": "-tX7WPBVhnCSBh9tAAAF",
    "delta": 0.05665445963540784,
    "meta": {
      "action": "ignore_micro",
      "serverPos": {
        "x": 110.36345578017605,
        "y": 1,
        "z": -122.23663911457926
      },
      "replayPos": {
        "x": 110.36345578017605,
        "y": 1,
        "z": -122.23663911457926
      },
      "renderPos": {
        "x": 110.3069659962006,
        "y": 1,
        "z": -122.23232262260233
      },
      "pendingInputs": 3,
      "firstPendingFrame": 4446,
      "lastProcessedFrame": 4445
    },
    "timestamp": 189369.09999999963
  },
  {
    "frame": 7632,
    "type": "server_correction",
    "id": "-tX7WPBVhnCSBh9tAAAF",
    "delta": 0.05665445963540784,
    "meta": {
      "action": "ignore_micro",
      "serverPos": {
        "x": 110.36345578017605,
        "y": 1,
        "z": -122.23663911457926
      },
      "replayPos": {
        "x": 110.36345578017605,
        "y": 1,
        "z": -122.23663911457926
      },
      "renderPos": {
        "x": 110.3069659962006,
        "y": 1,
        "z": -122.23232262260233
      },
      "pendingInputs": 3,
      "firstPendingFrame": 4448,
      "lastProcessedFrame": 4447
    },
    "timestamp": 189446.79999999888
  },
  {
    "frame": 7635,
    "type": "server_correction",
    "id": "-tX7WPBVhnCSBh9tAAAF",
    "delta": 0.05665445963540784,
    "meta": {
      "action": "ignore_micro",
      "serverPos": {
        "x": 110.36345578017605,
        "y": 1,
        "z": -122.23663911457926
      },
      "replayPos": {
        "x": 110.36345578017605,
        "y": 1,
        "z": -122.23663911457926
      },
      "renderPos": {
        "x": 110.3069659962006,
        "y": 1,
        "z": -122.23232262260233
      },
      "pendingInputs": 4,
      "firstPendingFrame": 4449,
      "lastProcessedFrame": 4448
    },
    "timestamp": 189541.3999999985
  },
  {
    "frame": 7638,
    "type": "server_correction",
    "id": "-tX7WPBVhnCSBh9tAAAF",
    "delta": 0.05665445963540784,
    "meta": {
      "action": "ignore_micro",
      "serverPos": {
        "x": 110.36345578017605,
        "y": 1,
        "z": -122.23663911457926
      },
      "replayPos": {
        "x": 110.36345578017605,
        "y": 1,
        "z": -122.23663911457926
      },
      "renderPos": {
        "x": 110.3069659962006,
        "y": 1,
        "z": -122.23232262260233
      },
      "pendingInputs": 5,
      "firstPendingFrame": 4450,
      "lastProcessedFrame": 4449
    },
    "timestamp": 189602.09999999963
  },
  {
    "frame": 7641,
    "type": "server_correction",
    "id": "-tX7WPBVhnCSBh9tAAAF",
    "delta": 0.05665445963540784,
    "meta": {
      "action": "ignore_micro",
      "serverPos": {
        "x": 110.36345578017605,
        "y": 1,
        "z": -122.23663911457926
      },
      "replayPos": {
        "x": 110.36345578017605,
        "y": 1,
        "z": -122.23663911457926
      },
      "renderPos": {
        "x": 110.3069659962006,
        "y": 1,
        "z": -122.23232262260233
      },
      "pendingInputs": 5,
      "firstPendingFrame": 4451,
      "lastProcessedFrame": 4450
    },
    "timestamp": 189612.69999999925
  },
  {
    "frame": 7644,
    "type": "server_correction",
    "id": "-tX7WPBVhnCSBh9tAAAF",
    "delta": 0.05665445963540784,
    "meta": {
      "action": "ignore_micro",
      "serverPos": {
        "x": 110.36345578017605,
        "y": 1,
        "z": -122.23663911457926
      },
      "replayPos": {
        "x": 110.36345578017605,
        "y": 1,
        "z": -122.23663911457926
      },
      "renderPos": {
        "x": 110.3069659962006,
        "y": 1,
        "z": -122.23232262260233
      },
      "pendingInputs": 4,
      "firstPendingFrame": 4453,
      "lastProcessedFrame": 4452
    },
    "timestamp": 189699.29999999888
  },
  {
    "frame": 7647,
    "type": "server_correction",
    "id": "-tX7WPBVhnCSBh9tAAAF",
    "delta": 0.05665445963540784,
    "meta": {
      "action": "ignore_micro",
      "serverPos": {
        "x": 110.36345578017605,
        "y": 1,
        "z": -122.23663911457926
      },
      "replayPos": {
        "x": 110.36345578017605,
        "y": 1,
        "z": -122.23663911457926
      },
      "renderPos": {
        "x": 110.3069659962006,
        "y": 1,
        "z": -122.23232262260233
      },
      "pendingInputs": 4,
      "firstPendingFrame": 4455,
      "lastProcessedFrame": 4454
    },
    "timestamp": 189754
  },
  {
    "frame": 7650,
    "type": "server_correction",
    "id": "-tX7WPBVhnCSBh9tAAAF",
    "delta": 0.05665445963540784,
    "meta": {
      "action": "ignore_micro",
      "serverPos": {
        "x": 110.36345578017605,
        "y": 1,
        "z": -122.23663911457926
      },
      "replayPos": {
        "x": 110.36345578017605,
        "y": 1,
        "z": -122.23663911457926
      },
      "renderPos": {
        "x": 110.3069659962006,
        "y": 1,
        "z": -122.23232262260233
      },
      "pendingInputs": 5,
      "firstPendingFrame": 4456,
      "lastProcessedFrame": 4455
    },
    "timestamp": 189807.3999999985
  },
  {
    "frame": 7653,
    "type": "server_correction",
    "id": "-tX7WPBVhnCSBh9tAAAF",
    "delta": 0.05665445963540784,
    "meta": {
      "action": "ignore_micro",
      "serverPos": {
        "x": 110.36345578017605,
        "y": 1,
        "z": -122.23663911457926
      },
      "replayPos": {
        "x": 110.36345578017605,
        "y": 1,
        "z": -122.23663911457926
      },
      "renderPos": {
        "x": 110.3069659962006,
        "y": 1,
        "z": -122.23232262260233
      },
      "pendingInputs": 5,
      "firstPendingFrame": 4458,
      "lastProcessedFrame": 4457
    },
    "timestamp": 189878.3999999985
  },
  {
    "frame": 7656,
    "type": "server_correction",
    "id": "-tX7WPBVhnCSBh9tAAAF",
    "delta": 0.05665445963540784,
    "meta": {
      "action": "ignore_micro",
      "serverPos": {
        "x": 110.36345578017605,
        "y": 1,
        "z": -122.23663911457926
      },
      "replayPos": {
        "x": 110.36345578017605,
        "y": 1,
        "z": -122.23663911457926
      },
      "renderPos": {
        "x": 110.3069659962006,
        "y": 1,
        "z": -122.23232262260233
      },
      "pendingInputs": 5,
      "firstPendingFrame": 4460,
      "lastProcessedFrame": 4459
    },
    "timestamp": 189928.19999999925
  },
  {
    "frame": 7659,
    "type": "server_correction",
    "id": "-tX7WPBVhnCSBh9tAAAF",
    "delta": 0.05665445963540784,
    "meta": {
      "action": "ignore_micro",
      "serverPos": {
        "x": 110.36345578017605,
        "y": 1,
        "z": -122.23663911457926
      },
      "replayPos": {
        "x": 110.36345578017605,
        "y": 1,
        "z": -122.23663911457926
      },
      "renderPos": {
        "x": 110.3069659962006,
        "y": 1,
        "z": -122.23232262260233
      },
      "pendingInputs": 6,
      "firstPendingFrame": 4462,
      "lastProcessedFrame": 4461
    },
    "timestamp": 190040
  },
  {
    "frame": 7662,
    "type": "server_correction",
    "id": "-tX7WPBVhnCSBh9tAAAF",
    "delta": 0.05665445963540784,
    "meta": {
      "action": "ignore_micro",
      "serverPos": {
        "x": 110.36345578017605,
        "y": 1,
        "z": -122.23663911457926
      },
      "replayPos": {
        "x": 110.36345578017605,
        "y": 1,
        "z": -122.23663911457926
      },
      "renderPos": {
        "x": 110.3069659962006,
        "y": 1,
        "z": -122.23232262260233
      },
      "pendingInputs": 4,
      "firstPendingFrame": 4464,
      "lastProcessedFrame": 4463
    },
    "timestamp": 190048
  },
  {
    "frame": 7665,
    "type": "server_correction",
    "id": "-tX7WPBVhnCSBh9tAAAF",
    "delta": 0.05665445963540784,
    "meta": {
      "action": "ignore_micro",
      "serverPos": {
        "x": 110.36345578017605,
        "y": 1,
        "z": -122.23663911457926
      },
      "replayPos": {
        "x": 110.36345578017605,
        "y": 1,
        "z": -122.23663911457926
      },
      "renderPos": {
        "x": 110.3069659962006,
        "y": 1,
        "z": -122.23232262260233
      },
      "pendingInputs": 4,
      "firstPendingFrame": 4466,
      "lastProcessedFrame": 4465
    },
    "timestamp": 190128.3999999985
  },
  {
    "frame": 7668,
    "type": "server_correction",
    "id": "-tX7WPBVhnCSBh9tAAAF",
    "delta": 0.05665445963540784,
    "meta": {
      "action": "ignore_micro",
      "serverPos": {
        "x": 110.36345578017605,
        "y": 1,
        "z": -122.23663911457926
      },
      "replayPos": {
        "x": 110.36345578017605,
        "y": 1,
        "z": -122.23663911457926
      },
      "renderPos": {
        "x": 110.3069659962006,
        "y": 1,
        "z": -122.23232262260233
      },
      "pendingInputs": 5,
      "firstPendingFrame": 4467,
      "lastProcessedFrame": 4466
    },
    "timestamp": 190173.8999999985
  },
  {
    "frame": 7671,
    "type": "server_correction",
    "id": "-tX7WPBVhnCSBh9tAAAF",
    "delta": 0.05665445963540784,
    "meta": {
      "action": "ignore_micro",
      "serverPos": {
        "x": 110.36345578017605,
        "y": 1,
        "z": -122.23663911457926
      },
      "replayPos": {
        "x": 110.36345578017605,
        "y": 1,
        "z": -122.23663911457926
      },
      "renderPos": {
        "x": 110.3069659962006,
        "y": 1,
        "z": -122.23232262260233
      },
      "pendingInputs": 6,
      "firstPendingFrame": 4469,
      "lastProcessedFrame": 4468
    },
    "timestamp": 190255.3999999985
  },
  {
    "frame": 7674,
    "type": "server_correction",
    "id": "-tX7WPBVhnCSBh9tAAAF",
    "delta": 0.05665445963540784,
    "meta": {
      "action": "ignore_micro",
      "serverPos": {
        "x": 110.36345578017605,
        "y": 1,
        "z": -122.23663911457926
      },
      "replayPos": {
        "x": 110.36345578017605,
        "y": 1,
        "z": -122.23663911457926
      },
      "renderPos": {
        "x": 110.3069659962006,
        "y": 1,
        "z": -122.23232262260233
      },
      "pendingInputs": 6,
      "firstPendingFrame": 4470,
      "lastProcessedFrame": 4469
    },
    "timestamp": 190285.29999999888
  },
  {
    "frame": 7677,
    "type": "server_correction",
    "id": "-tX7WPBVhnCSBh9tAAAF",
    "delta": 0.05665445963540784,
    "meta": {
      "action": "ignore_micro",
      "serverPos": {
        "x": 110.36345578017605,
        "y": 1,
        "z": -122.23663911457926
      },
      "replayPos": {
        "x": 110.36345578017605,
        "y": 1,
        "z": -122.23663911457926
      },
      "renderPos": {
        "x": 110.3069659962006,
        "y": 1,
        "z": -122.23232262260233
      },
      "pendingInputs": 5,
      "firstPendingFrame": 4474,
      "lastProcessedFrame": 4473
    },
    "timestamp": 190380.5
  },
  {
    "frame": 7680,
    "type": "server_correction",
    "id": "-tX7WPBVhnCSBh9tAAAF",
    "delta": 0.05665445963540784,
    "meta": {
      "action": "ignore_micro",
      "serverPos": {
        "x": 110.36345578017605,
        "y": 1,
        "z": -122.23663911457926
      },
      "replayPos": {
        "x": 110.36345578017605,
        "y": 1,
        "z": -122.23663911457926
      },
      "renderPos": {
        "x": 110.3069659962006,
        "y": 1,
        "z": -122.23232262260233
      },
      "pendingInputs": 5,
      "firstPendingFrame": 4475,
      "lastProcessedFrame": 4474
    },
    "timestamp": 190414.19999999925
  },
  {
    "frame": 7682,
    "type": "server_correction",
    "id": "-tX7WPBVhnCSBh9tAAAF",
    "delta": 0.05665445963540784,
    "meta": {
      "action": "ignore_micro",
      "serverPos": {
        "x": 110.36345578017605,
        "y": 1,
        "z": -122.23663911457926
      },
      "replayPos": {
        "x": 110.36345578017605,
        "y": 1,
        "z": -122.23663911457926
      },
      "renderPos": {
        "x": 110.3069659962006,
        "y": 1,
        "z": -122.23232262260233
      },
      "pendingInputs": 5,
      "firstPendingFrame": 4477,
      "lastProcessedFrame": 4476
    },
    "timestamp": 190476.79999999888
  },
  {
    "frame": 7684,
    "type": "server_correction",
    "id": "-tX7WPBVhnCSBh9tAAAF",
    "delta": 0.05665445963540784,
    "meta": {
      "action": "ignore_micro",
      "serverPos": {
        "x": 110.36345578017605,
        "y": 1,
        "z": -122.23663911457926
      },
      "replayPos": {
        "x": 110.36345578017605,
        "y": 1,
        "z": -122.23663911457926
      },
      "renderPos": {
        "x": 110.3069659962006,
        "y": 1,
        "z": -122.23232262260233
      },
      "pendingInputs": 6,
      "firstPendingFrame": 4478,
      "lastProcessedFrame": 4477
    },
    "timestamp": 190506.5
  },
  {
    "frame": 7687,
    "type": "server_correction",
    "id": "-tX7WPBVhnCSBh9tAAAF",
    "delta": 0.05665445963540784,
    "meta": {
      "action": "ignore_micro",
      "serverPos": {
        "x": 110.36345578017605,
        "y": 1,
        "z": -122.23663911457926
      },
      "replayPos": {
        "x": 110.36345578017605,
        "y": 1,
        "z": -122.23663911457926
      },
      "renderPos": {
        "x": 110.3069659962006,
        "y": 1,
        "z": -122.23232262260233
      },
      "pendingInputs": 5,
      "firstPendingFrame": 4481,
      "lastProcessedFrame": 4480
    },
    "timestamp": 190595.79999999888
  },
  {
    "frame": 7690,
    "type": "server_correction",
    "id": "-tX7WPBVhnCSBh9tAAAF",
    "delta": 0.05665445963540784,
    "meta": {
      "action": "ignore_micro",
      "serverPos": {
        "x": 110.36345578017605,
        "y": 1,
        "z": -122.23663911457926
      },
      "replayPos": {
        "x": 110.36345578017605,
        "y": 1,
        "z": -122.23663911457926
      },
      "renderPos": {
        "x": 110.3069659962006,
        "y": 1,
        "z": -122.23232262260233
      },
      "pendingInputs": 4,
      "firstPendingFrame": 4483,
      "lastProcessedFrame": 4482
    },
    "timestamp": 190626
  },
  {
    "frame": 7694,
    "type": "server_correction",
    "id": "-tX7WPBVhnCSBh9tAAAF",
    "delta": 0.05665445963540784,
    "meta": {
      "action": "ignore_micro",
      "serverPos": {
        "x": 110.36345578017605,
        "y": 1,
        "z": -122.23663911457926
      },
      "replayPos": {
        "x": 110.36345578017605,
        "y": 1,
        "z": -122.23663911457926
      },
      "renderPos": {
        "x": 110.3069659962006,
        "y": 1,
        "z": -122.23232262260233
      },
      "pendingInputs": 6,
      "firstPendingFrame": 4485,
      "lastProcessedFrame": 4484
    },
    "timestamp": 190706.09999999963
  },
  {
    "frame": 7697,
    "type": "server_correction",
    "id": "-tX7WPBVhnCSBh9tAAAF",
    "delta": 0.05665445963540784,
    "meta": {
      "action": "ignore_micro",
      "serverPos": {
        "x": 110.36345578017605,
        "y": 1,
        "z": -122.23663911457926
      },
      "replayPos": {
        "x": 110.36345578017605,
        "y": 1,
        "z": -122.23663911457926
      },
      "renderPos": {
        "x": 110.3069659962006,
        "y": 1,
        "z": -122.23232262260233
      },
      "pendingInputs": 6,
      "firstPendingFrame": 4487,
      "lastProcessedFrame": 4486
    },
    "timestamp": 190773
  },
  {
    "frame": 7700,
    "type": "server_correction",
    "id": "-tX7WPBVhnCSBh9tAAAF",
    "delta": 0.05665445963540784,
    "meta": {
      "action": "ignore_micro",
      "serverPos": {
        "x": 110.36345578017605,
        "y": 1,
        "z": -122.23663911457926
      },
      "replayPos": {
        "x": 110.36345578017605,
        "y": 1,
        "z": -122.23663911457926
      },
      "renderPos": {
        "x": 110.3069659962006,
        "y": 1,
        "z": -122.23232262260233
      },
      "pendingInputs": 6,
      "firstPendingFrame": 4489,
      "lastProcessedFrame": 4488
    },
    "timestamp": 190819.19999999925
  },
  {
    "frame": 7703,
    "type": "server_correction",
    "id": "-tX7WPBVhnCSBh9tAAAF",
    "delta": 0.05665445963540784,
    "meta": {
      "action": "ignore_micro",
      "serverPos": {
        "x": 110.36345578017605,
        "y": 1,
        "z": -122.23663911457926
      },
      "replayPos": {
        "x": 110.36345578017605,
        "y": 1,
        "z": -122.23663911457926
      },
      "renderPos": {
        "x": 110.3069659962006,
        "y": 1,
        "z": -122.23232262260233
      },
      "pendingInputs": 7,
      "firstPendingFrame": 4491,
      "lastProcessedFrame": 4490
    },
    "timestamp": 190909.8999999985
  },
  {
    "frame": 7706,
    "type": "server_correction",
    "id": "-tX7WPBVhnCSBh9tAAAF",
    "delta": 0.05665445963540784,
    "meta": {
      "action": "ignore_micro",
      "serverPos": {
        "x": 110.36345578017605,
        "y": 1,
        "z": -122.23663911457926
      },
      "replayPos": {
        "x": 110.36345578017605,
        "y": 1,
        "z": -122.23663911457926
      },
      "renderPos": {
        "x": 110.3069659962006,
        "y": 1,
        "z": -122.23232262260233
      },
      "pendingInputs": 4,
      "firstPendingFrame": 4494,
      "lastProcessedFrame": 4493
    },
    "timestamp": 190936.69999999925
  },
  {
    "frame": 7709,
    "type": "server_correction",
    "id": "-tX7WPBVhnCSBh9tAAAF",
    "delta": 0.05665445963540784,
    "meta": {
      "action": "ignore_micro",
      "serverPos": {
        "x": 110.36345578017605,
        "y": 1,
        "z": -122.23663911457926
      },
      "replayPos": {
        "x": 110.36345578017605,
        "y": 1,
        "z": -122.23663911457926
      },
      "renderPos": {
        "x": 110.3069659962006,
        "y": 1,
        "z": -122.23232262260233
      },
      "pendingInputs": 2,
      "firstPendingFrame": 4496,
      "lastProcessedFrame": 4495
    },
    "timestamp": 191005.29999999888
  },
  {
    "frame": 7712,
    "type": "server_correction",
    "id": "-tX7WPBVhnCSBh9tAAAF",
    "delta": 0.05665445963540784,
    "meta": {
      "action": "smooth_no_pending",
      "serverPos": {
        "x": 110.36345578017605,
        "y": 1,
        "z": -122.23663911457926
      },
      "renderPos": {
        "x": 110.32108844219447,
        "y": 1,
        "z": -122.23340174559655
      }
    },
    "timestamp": 191110.3999999985
  }
]