[
  {
    "frame": 186,
    "type": "server_correction",
    "id": "cZlXqWye06cOMXfwAAAD",
    "delta": 0.3535533905932738,
    "meta": {
      "action": "smooth",
      "serverPos": {
        "x": 6,
        "y": 1,
        "z": -245
      },
      "replayPos": {
        "x": 5.75,
        "y": 1,
        "z": -245
      },
      "oldRenderPos": {
        "x": 6,
        "y": 1,
        "z": -244.75
      },
      "newRenderPos": {
        "x": 5.875,
        "y": 1,
        "z": -244.875
      },
      "pendingInputs": 5,
      "firstPendingFrame": 2,
      "lastProcessedFrame": 1
    },
    "timestamp": 27509.599999999627
  },
  {
    "frame": 189,
    "type": "server_correction",
    "id": "cZlXqWye06cOMXfwAAAD",
    "delta": 0.5501787067914651,
    "meta": {
      "action": "smooth",
      "serverPos": {
        "x": 6,
        "y": 1,
        "z": -245
      },
      "replayPos": {
        "x": 5.25,
        "y": 1,
        "z": -245
      },
      "oldRenderPos": {
        "x": 5.521446609406726,
        "y": 1,
        "z": -244.52144660940672
      },
      "newRenderPos": {
        "x": 5.3857233047033635,
        "y": 1,
        "z": -244.76072330470336
      },
      "pendingInputs": 3,
      "firstPendingFrame": 5,
      "lastProcessedFrame": 4
    },
    "timestamp": 27535
  },
  {
    "frame": 191,
    "type": "server_correction",
    "id": "cZlXqWye06cOMXfwAAAD",
    "delta": 0.9479224310432176,
    "meta": {
      "action": "smooth",
      "serverPos": {
        "x": 6,
        "y": 1,
        "z": -245
      },
      "replayPos": {
        "x": 3.5,
        "y": 1,
        "z": -245
      },
      "oldRenderPos": {
        "x": 3.768934122808611,
        "y": 1,
        "z": -244.09102729806443
      },
      "newRenderPos": {
        "x": 3.6344670614043055,
        "y": 1,
        "z": -244.54551364903222
      },
      "pendingInputs": 4,
      "firstPendingFrame": 6,
      "lastProcessedFrame": 5
    },
    "timestamp": 27599.799999998882
  },
  {
    "frame": 193,
    "type": "server_correction",
    "id": "cZlXqWye06cOMXfwAAAD",
    "delta": 2.4206686940830533,
    "meta": {
      "action": "hard_snap",
      "serverPos": {
        "x": 5.979166666666666,
        "y": 1,
        "z": -245
      },
      "replayPos": {
        "x": 3.1458333333333326,
        "y": 1,
        "z": -245
      },
      "renderPos": {
        "x": 0.9373075402954214,
        "y": 1,
        "z": -244.00901526348787
      },
      "pendingInputs": 4,
      "firstPendingFrame": 8,
      "lastProcessedFrame": 7
    },
    "timestamp": 27654.199999999255
  },
  {
    "frame": 196,
    "type": "server_correction",
    "id": "cZlXqWye06cOMXfwAAAD",
    "delta": 0.8684799270327923,
    "meta": {
      "action": "smooth",
      "serverPos": {
        "x": 5.895833333333333,
        "y": 1,
        "z": -245
      },
      "replayPos": {
        "x": 1.1925814604309046,
        "y": 1,
        "z": -244.4999406974608
      },
      "oldRenderPos": {
        "x": 0.32515987132498236,
        "y": 1,
        "z": -244.45707847152886
      },
      "newRenderPos": {
        "x": 0.7588706658779435,
        "y": 1,
        "z": -244.47850958449482
      },
      "pendingInputs": 5,
      "firstPendingFrame": 9,
      "lastProcessedFrame": 8
    },
    "timestamp": 27732.699999999255
  },
  {
    "frame": 199,
    "type": "server_correction",
    "id": "cZlXqWye06cOMXfwAAAD",
    "delta": 3.0077927853784328,
    "meta": {
      "action": "hard_snap",
      "serverPos": {
        "x": 5.75,
        "y": 1,
        "z": -245
      },
      "replayPos": {
        "x": 1.5080691522074554,
        "y": 1,
        "z": -242.39615035174916
      },
      "renderPos": {
        "x": -1.4433626236048323,
        "y": 1,
        "z": -241.81660922939452
      },
      "pendingInputs": 5,
      "firstPendingFrame": 11,
      "lastProcessedFrame": 10
    },
    "timestamp": 27768.099999999627
  },
  {
    "frame": 202,
    "type": "server_correction",
    "id": "cZlXqWye06cOMXfwAAAD",
    "delta": 2.0379244923368893,
    "meta": {
      "action": "hard_snap",
      "serverPos": {
        "x": 5.541666666666666,
        "y": 1,
        "z": -245
      },
      "replayPos": {
        "x": 3.029282585704016,
        "y": 1,
        "z": -240.22381402385244
      },
      "renderPos": {
        "x": 1.522971195156109,
        "y": 1,
        "z": -238.85116613339684
      },
      "pendingInputs": 5,
      "firstPendingFrame": 13,
      "lastProcessedFrame": 12
    },
    "timestamp": 27829.699999999255
  },
  {
    "frame": 204,
    "type": "server_correction",
    "id": "cZlXqWye06cOMXfwAAAD",
    "delta": 3.2635457594856088,
    "meta": {
      "action": "hard_snap",
      "serverPos": {
        "x": 5.2710876710124595,
        "y": 1,
        "z": -244.99077231784796
      },
      "replayPos": {
        "x": 2.461206800144887,
        "y": 1,
        "z": -239.49581781841962
      },
      "renderPos": {
        "x": 4.47264780885349,
        "y": 1,
        "z": -236.92583027122376
      },
      "pendingInputs": 5,
      "firstPendingFrame": 15,
      "lastProcessedFrame": 14
    },
    "timestamp": 27929.799999998882
  },
  {
    "frame": 207,
    "type": "server_correction",
    "id": "cZlXqWye06cOMXfwAAAD",
    "delta": 3.5253532101734,
    "meta": {
      "action": "hard_snap",
      "serverPos": {
        "x": 4.941354947052605,
        "y": 1,
        "z": -244.9431437926562
      },
      "replayPos": {
        "x": 1.279833922786464,
        "y": 1,
        "z": -241.13140886363016
      },
      "renderPos": {
        "x": 2.168207989174584,
        "y": 1,
        "z": -237.71982466055837
      },
      "pendingInputs": 4,
      "firstPendingFrame": 17,
      "lastProcessedFrame": 16
    },
    "timestamp": 27948
  },
  {
    "frame": 210,
    "type": "server_correction",
    "id": "cZlXqWye06cOMXfwAAAD",
    "delta": 4.245049835179133,
    "meta": {
      "action": "hard_snap",
      "serverPos": {
        "x": 4.424782021821168,
        "y": 1,
        "z": -244.78286228063098
      },
      "replayPos": {
        "x": -1.0952304715861205,
        "y": 1,
        "z": -242.6299370444401
      },
      "renderPos": {
        "x": -1.0478412598653912,
        "y": 1,
        "z": -238.38515172999053
      },
      "pendingInputs": 4,
      "firstPendingFrame": 19,
      "lastProcessedFrame": 18
    },
    "timestamp": 28003.699999999255
  },
  {
    "frame": 213,
    "type": "server_correction",
    "id": "cZlXqWye06cOMXfwAAAD",
    "delta": 1.3615944404794131,
    "meta": {
      "action": "smooth",
      "serverPos": {
        "x": 3.9963007681684917,
        "y": 1,
        "z": -244.56873914724423
      },
      "replayPos": {
        "x": -3.183676980394919,
        "y": 1,
        "z": -240.81934992629982
      },
      "oldRenderPos": {
        "x": -4.449162113150043,
        "y": 1,
        "z": -241.32183057181783
      },
      "newRenderPos": {
        "x": -3.8164195467724813,
        "y": 1,
        "z": -241.07059024905882
      },
      "pendingInputs": 5,
      "firstPendingFrame": 20,
      "lastProcessedFrame": 19
    },
    "timestamp": 28062
  },
  {
    "frame": 216,
    "type": "server_correction",
    "id": "cZlXqWye06cOMXfwAAAD",
    "delta": 3.258585758022026,
    "meta": {
      "action": "hard_snap",
      "serverPos": {
        "x": 3.516158223254272,
        "y": 1,
        "z": -244.31800838658435
      },
      "replayPos": {
        "x": -2.334194016315915,
        "y": 1,
        "z": -241.26295050285185
      },
      "renderPos": {
        "x": -5.455127612569268,
        "y": 1,
        "z": -240.32585145250493
      },
      "pendingInputs": 4,
      "firstPendingFrame": 22,
      "lastProcessedFrame": 21
    },
    "timestamp": 28121.299999998882
  },
  {
    "frame": 219,
    "type": "server_correction",
    "id": "cZlXqWye06cOMXfwAAAD",
    "delta": 2.7458333333333376,
    "meta": {
      "action": "hard_snap",
      "serverPos": {
        "x": 2.980614615465335,
        "y": 1,
        "z": -244.03834715354066
      },
      "replayPos": {
        "x": -3.091341875603722,
        "y": 1,
        "z": -240.86756738027285
      },
      "renderPos": {
        "x": -5.525295237899653,
        "y": 1,
        "z": -239.59655529354322
      },
      "pendingInputs": 4,
      "firstPendingFrame": 24,
      "lastProcessedFrame": 23
    },
    "timestamp": 28174.5
  },
  {
    "frame": 222,
    "type": "server_correction",
    "id": "cZlXqWye06cOMXfwAAAD",
    "delta": 2.7583333333333275,
    "meta": {
      "action": "hard_snap",
      "serverPos": {
        "x": 2.3896699448016796,
        "y": 1,
        "z": -243.72975544811314
      },
      "replayPos": {
        "x": -2.2418589115247176,
        "y": 1,
        "z": -241.3111679568249
      },
      "renderPos": {
        "x": -4.686892486395591,
        "y": 1,
        "z": -240.03436977561853
      },
      "pendingInputs": 3,
      "firstPendingFrame": 26,
      "lastProcessedFrame": 25
    },
    "timestamp": 28230.199999999255
  },
  {
    "frame": 224,
    "type": "server_correction",
    "id": "cZlXqWye06cOMXfwAAAD",
    "delta": 1.2375000000000032,
    "meta": {
      "action": "smooth",
      "serverPos": {
        "x": 1.9649284627621775,
        "y": 1,
        "z": -243.5079551598371
      },
      "replayPos": {
        "x": -4.336019088189046,
        "y": 1,
        "z": -240.21759610071612
      },
      "oldRenderPos": {
        "x": -5.432960133108455,
        "y": 1,
        "z": -239.64477274751627
      },
      "newRenderPos": {
        "x": -4.8844896106487505,
        "y": 1,
        "z": -239.9311844241162
      },
      "pendingInputs": 4,
      "firstPendingFrame": 27,
      "lastProcessedFrame": 26
    },
    "timestamp": 28284.099999999627
  },
  {
    "frame": 227,
    "type": "server_correction",
    "id": "cZlXqWye06cOMXfwAAAD",
    "delta": 3.3562500000000073,
    "meta": {
      "action": "hard_snap",
      "serverPos": {
        "x": 1.2816486873073267,
        "y": 1,
        "z": -243.15114600043654
      },
      "replayPos": {
        "x": -5.100553755860149,
        "y": 1,
        "z": -239.81835558181928
      },
      "renderPos": {
        "x": -8.07559083223249,
        "y": 1,
        "z": -238.26478921480756
      },
      "pendingInputs": 4,
      "firstPendingFrame": 29,
      "lastProcessedFrame": 28
    },
    "timestamp": 28338.5
  },
  {
    "frame": 230,
    "type": "server_correction",
    "id": "cZlXqWye06cOMXfwAAAD",
    "delta": 0.9666666666666737,
    "meta": {
      "action": "smooth",
      "serverPos": {
        "x": 0.5429678489777581,
        "y": 1,
        "z": -242.76540636865215
      },
      "replayPos": {
        "x": -7.434785204981587,
        "y": 1,
        "z": -238.59941834538057
      },
      "oldRenderPos": {
        "x": -8.291654977443887,
        "y": 1,
        "z": -238.15196037251064
      },
      "newRenderPos": {
        "x": -7.863220091212737,
        "y": 1,
        "z": -238.3756893589456
      },
      "pendingInputs": 5,
      "firstPendingFrame": 30,
      "lastProcessedFrame": 29
    },
    "timestamp": 28406.799999998882
  },
  {
    "frame": 233,
    "type": "server_correction",
    "id": "cZlXqWye06cOMXfwAAAD",
    "delta": 3.1930555555555564,
    "meta": {
      "action": "hard_snap",
      "serverPos": {
        "x": -0.2461895133043313,
        "y": 1,
        "z": -242.35330786202914
      },
      "replayPos": {
        "x": -6.245956419611689,
        "y": 1,
        "z": -238.5239211477194
      },
      "renderPos": {
        "x": -9.076335165144489,
        "y": 1,
        "z": -237.0458954585988
      },
      "pendingInputs": 4,
      "firstPendingFrame": 32,
      "lastProcessedFrame": 31
    },
    "timestamp": 28466.099999999627
  },
  {
    "frame": 236,
    "type": "server_correction",
    "id": "cZlXqWye06cOMXfwAAAD",
    "delta": 2.700000000000005,
    "meta": {
      "action": "hard_snap",
      "serverPos": {
        "x": -1.0439648187002657,
        "y": 1,
        "z": -241.936709059702
      },
      "replayPos": {
        "x": -4.607379124212188,
        "y": 1,
        "z": -236.3099782893015
      },
      "renderPos": {
        "x": -7.000705040399992,
        "y": 1,
        "z": -235.06018188232002
      },
      "pendingInputs": 4,
      "firstPendingFrame": 34,
      "lastProcessedFrame": 33
    },
    "timestamp": 28524.299999998882
  },
  {
    "frame": 238,
    "type": "server_correction",
    "id": "cZlXqWye06cOMXfwAAAD",
    "delta": 1.2000000000000168,
    "meta": {
      "action": "smooth",
      "serverPos": {
        "x": -1.5758150222975553,
        "y": 1,
        "z": -241.65897652481723
      },
      "replayPos": {
        "x": -3.6148435526071463,
        "y": 1,
        "z": -235.06685069641077
      },
      "oldRenderPos": {
        "x": -4.6785439598017255,
        "y": 1,
        "z": -234.5113856266412
      },
      "newRenderPos": {
        "x": -4.146693756204436,
        "y": 1,
        "z": -234.78911816152598
      },
      "pendingInputs": 4,
      "firstPendingFrame": 35,
      "lastProcessedFrame": 34
    },
    "timestamp": 28595.5
  },
  {
    "frame": 241,
    "type": "server_correction",
    "id": "cZlXqWye06cOMXfwAAAD",
    "delta": 6.649375624174757,
    "meta": {
      "action": "hard_snap",
      "serverPos": {
        "x": -2.545440582580899,
        "y": 1,
        "z": -240.95633056985952
      },
      "replayPos": {
        "x": -6.624418870318217,
        "y": 1,
        "z": -237.4176957867592
      },
      "renderPos": {
        "x": -4.289023427383511,
        "y": 1,
        "z": -231.19193283620532
      },
      "pendingInputs": 3,
      "firstPendingFrame": 38,
      "lastProcessedFrame": 37
    },
    "timestamp": 28649.39999999851
  },
  {
    "frame": 247,
    "type": "server_correction",
    "id": "cZlXqWye06cOMXfwAAAD",
    "delta": 2.4542104254865857,
    "meta": {
      "action": "hard_snap",
      "serverPos": {
        "x": -3.718072497753224,
        "y": 1,
        "z": -239.59305908881544
      },
      "replayPos": {
        "x": -8.252169910876454,
        "y": 1,
        "z": -234.00003122831725
      },
      "renderPos": {
        "x": -10.703397158055537,
        "y": 1,
        "z": -233.87906100365888
      },
      "pendingInputs": 4,
      "firstPendingFrame": 40,
      "lastProcessedFrame": 39
    },
    "timestamp": 28774.199999999255
  },
  {
    "frame": 250,
    "type": "server_correction",
    "id": "cZlXqWye06cOMXfwAAAD",
    "delta": 2.6999999999999806,
    "meta": {
      "action": "hard_snap",
      "serverPos": {
        "x": -4.284834674393627,
        "y": 1,
        "z": -238.89393060625315
      },
      "replayPos": {
        "x": -8.818932087516858,
        "y": 1,
        "z": -233.30090274575497
      },
      "renderPos": {
        "x": -10.51921861743807,
        "y": 1,
        "z": -231.20351729806816
      },
      "pendingInputs": 4,
      "firstPendingFrame": 42,
      "lastProcessedFrame": 41
    },
    "timestamp": 28839.199999999255
  },
  {
    "frame": 253,
    "type": "server_correction",
    "id": "cZlXqWye06cOMXfwAAAD",
    "delta": 2.6999999999999793,
    "meta": {
      "action": "hard_snap",
      "serverPos": {
        "x": -4.85159685103403,
        "y": 1,
        "z": -238.19480212369086
      },
      "replayPos": {
        "x": -9.385694264157262,
        "y": 1,
        "z": -232.60177426319268
      },
      "renderPos": {
        "x": -11.085980794078473,
        "y": 1,
        "z": -230.50438881550588
      },
      "pendingInputs": 4,
      "firstPendingFrame": 44,
      "lastProcessedFrame": 43
    },
    "timestamp": 28900.89999999851
  },
  {
    "frame": 256,
    "type": "server_correction",
    "id": "cZlXqWye06cOMXfwAAAD",
    "delta": 0.8999999999999874,
    "meta": {
      "action": "smooth",
      "serverPos": {
        "x": -5.418359027674432,
        "y": 1,
        "z": -237.49567364112858
      },
      "replayPos": {
        "x": -11.085980794078473,
        "y": 1,
        "z": -230.50438881550585
      },
      "oldRenderPos": {
        "x": -11.65274297071888,
        "y": 1,
        "z": -229.8052603329436
      },
      "newRenderPos": {
        "x": -11.369361882398676,
        "y": 1,
        "z": -230.15482457422473
      },
      "pendingInputs": 5,
      "firstPendingFrame": 45,
      "lastProcessedFrame": 44
    },
    "timestamp": 28961.699999999255
  },
  {
    "frame": 259,
    "type": "server_correction",
    "id": "cZlXqWye06cOMXfwAAAD",
    "delta": 4.349999999999953,
    "meta": {
      "action": "hard_snap",
      "serverPos": {
        "x": -6.362962655408436,
        "y": 1,
        "z": -236.33045950352476
      },
      "replayPos": {
        "x": -9.76353571525086,
        "y": 1,
        "z": -232.13568860815113
      },
      "renderPos": {
        "x": -12.502886235679483,
        "y": 1,
        "z": -228.7565676091002
      },
      "pendingInputs": 3,
      "firstPendingFrame": 48,
      "lastProcessedFrame": 47
    },
    "timestamp": 29026.299999998882
  },
  {
    "frame": 262,
    "type": "server_correction",
    "id": "cZlXqWye06cOMXfwAAAD",
    "delta": 2.699999999999982,
    "meta": {
      "action": "hard_snap",
      "serverPos": {
        "x": -6.929724832048839,
        "y": 1,
        "z": -235.63133102096248
      },
      "replayPos": {
        "x": -11.463822245172071,
        "y": 1,
        "z": -230.0383031604643
      },
      "renderPos": {
        "x": -13.164108775093286,
        "y": 1,
        "z": -227.9409177127775
      },
      "pendingInputs": 4,
      "firstPendingFrame": 50,
      "lastProcessedFrame": 49
    },
    "timestamp": 29141.5
  },
  {
    "frame": 265,
    "type": "server_correction",
    "id": "cZlXqWye06cOMXfwAAAD",
    "delta": 0.8999999999999874,
    "meta": {
      "action": "smooth",
      "serverPos": {
        "x": -7.4964870086892414,
        "y": 1,
        "z": -234.9322025384002
      },
      "replayPos": {
        "x": -13.01297219465584,
        "y": 1,
        "z": -228.12735197479404
      },
      "oldRenderPos": {
        "x": -13.579734371296245,
        "y": 1,
        "z": -227.42822349223178
      },
      "newRenderPos": {
        "x": -13.296353282976042,
        "y": 1,
        "z": -227.77778773351292
      },
      "pendingInputs": 5,
      "firstPendingFrame": 51,
      "lastProcessedFrame": 50
    },
    "timestamp": 29168.699999999255
  },
  {
    "frame": 268,
    "type": "server_correction",
    "id": "cZlXqWye06cOMXfwAAAD",
    "delta": 4.9499999999999575,
    "meta": {
      "action": "hard_snap",
      "serverPos": {
        "x": -8.063249185329644,
        "y": 1,
        "z": -234.2330740558379
      },
      "replayPos": {
        "x": -12.093557996994738,
        "y": 1,
        "z": -229.26149373539505
      },
      "renderPos": {
        "x": -15.210749968516962,
        "y": 1,
        "z": -225.41628708130258
      },
      "pendingInputs": 4,
      "firstPendingFrame": 54,
      "lastProcessedFrame": 53
    },
    "timestamp": 29213.39999999851
  },
  {
    "frame": 271,
    "type": "server_correction",
    "id": "cZlXqWye06cOMXfwAAAD",
    "delta": 0.42222222222220857,
    "meta": {
      "action": "smooth",
      "serverPos": {
        "x": -8.628611949188219,
        "y": 1,
        "z": -233.53567181644243
      },
      "replayPos": {
        "x": -14.321423145665163,
        "y": 1,
        "z": -226.5133146138169
      },
      "oldRenderPos": {
        "x": -14.587311574212514,
        "y": 1,
        "z": -226.18532841212104
      },
      "newRenderPos": {
        "x": -14.45436735993884,
        "y": 1,
        "z": -226.34932151296897
      },
      "pendingInputs": 6,
      "firstPendingFrame": 55,
      "lastProcessedFrame": 54
    },
    "timestamp": 29278.099999999627
  },
  {
    "frame": 274,
    "type": "server_correction",
    "id": "cZlXqWye06cOMXfwAAAD",
    "delta": 1.944444444444439,
    "meta": {
      "action": "smooth",
      "serverPos": {
        "x": -9.18277941079217,
        "y": 1,
        "z": -232.85207952238156
      },
      "replayPos": {
        "x": -14.724454026831674,
        "y": 1,
        "z": -226.01615658177263
      },
      "oldRenderPos": {
        "x": -15.94894021093131,
        "y": 1,
        "z": -224.50569381080476
      },
      "newRenderPos": {
        "x": -15.336697118881492,
        "y": 1,
        "z": -225.2609251962887
      },
      "pendingInputs": 6,
      "firstPendingFrame": 57,
      "lastProcessedFrame": 56
    },
    "timestamp": 29333
  },
  {
    "frame": 277,
    "type": "server_correction",
    "id": "cZlXqWye06cOMXfwAAAD",
    "delta": 3.6566666666666525,
    "meta": {
      "action": "hard_snap",
      "serverPos": {
        "x": -9.902077580651843,
        "y": 1,
        "z": -231.96479053463585
      },
      "replayPos": {
        "x": -14.47815737722992,
        "y": 1,
        "z": -226.319975379133
      },
      "renderPos": {
        "x": -16.78089110972815,
        "y": 1,
        "z": -223.47944224813
      },
      "pendingInputs": 5,
      "firstPendingFrame": 60,
      "lastProcessedFrame": 59
    },
    "timestamp": 29400.699999999255
  },
  {
    "frame": 279,
    "type": "server_correction",
    "id": "cZlXqWye06cOMXfwAAAD",
    "delta": 2.0555555555555585,
    "meta": {
      "action": "hard_snap",
      "serverPos": {
        "x": -10.253330188890711,
        "y": 1,
        "z": -231.53150349976391
      },
      "replayPos": {
        "x": -13.947779932917047,
        "y": 1,
        "z": -226.97422153935796
      },
      "renderPos": {
        "x": -15.242236756108094,
        "y": 1,
        "z": -225.37744661004905
      },
      "pendingInputs": 4,
      "firstPendingFrame": 62,
      "lastProcessedFrame": 61
    },
    "timestamp": 29449.099999999627
  },
  {
    "frame": 282,
    "type": "server_correction",
    "id": "cZlXqWye06cOMXfwAAAD",
    "delta": 1.7933333333333188,
    "meta": {
      "action": "smooth",
      "serverPos": {
        "x": -10.769713505385301,
        "y": 1,
        "z": -230.89451977120717
      },
      "replayPos": {
        "x": -14.363405529120012,
        "y": 1,
        "z": -226.46152731881227
      },
      "oldRenderPos": {
        "x": -15.492731644055334,
        "y": 1,
        "z": -225.0684490831882
      },
      "newRenderPos": {
        "x": -14.928068586587674,
        "y": 1,
        "z": -225.76498820100022
      },
      "pendingInputs": 4,
      "firstPendingFrame": 64,
      "lastProcessedFrame": 63
    },
    "timestamp": 29503
  },
  {
    "frame": 285,
    "type": "server_correction",
    "id": "cZlXqWye06cOMXfwAAAD",
    "delta": 1.4433333333333458,
    "meta": {
      "action": "smooth",
      "serverPos": {
        "x": -11.273502106843438,
        "y": 1,
        "z": -230.27307223115182
      },
      "replayPos": {
        "x": -15.513722835782758,
        "y": 1,
        "z": -225.0425554356859
      },
      "oldRenderPos": {
        "x": -16.422641437580147,
        "y": 1,
        "z": -223.921360498836
      },
      "newRenderPos": {
        "x": -15.968182136681452,
        "y": 1,
        "z": -224.48195796726094
      },
      "pendingInputs": 5,
      "firstPendingFrame": 65,
      "lastProcessedFrame": 64
    },
    "timestamp": 29568.39999999851
  },
  {
    "frame": 287,
    "type": "server_correction",
    "id": "cZlXqWye06cOMXfwAAAD",
    "delta": 2.4661111111111533,
    "meta": {
      "action": "hard_snap",
      "serverPos": {
        "x": -11.602364110573054,
        "y": 1,
        "z": -229.86740508694902
      },
      "replayPos": {
        "x": -15.758620072602683,
        "y": 1,
        "z": -224.74046288149233
      },
      "renderPos": {
        "x": -17.311618407236484,
        "y": 1,
        "z": -222.8247645271133
      },
      "pendingInputs": 5,
      "firstPendingFrame": 67,
      "lastProcessedFrame": 66
    },
    "timestamp": 29628.199999999255
  },
  {
    "frame": 290,
    "type": "server_correction",
    "id": "cZlXqWye06cOMXfwAAAD",
    "delta": 2.4333333333333056,
    "meta": {
      "action": "hard_snap",
      "serverPos": {
        "x": -12.08516152030377,
        "y": 1,
        "z": -229.27185119439596
      },
      "replayPos": {
        "x": -16.115470331968865,
        "y": 1,
        "z": -224.30027087395308
      },
      "renderPos": {
        "x": -17.647827328070697,
        "y": 1,
        "z": -222.41003460628474
      },
      "pendingInputs": 5,
      "firstPendingFrame": 70,
      "lastProcessedFrame": 69
    },
    "timestamp": 29698.5
  },
  {
    "frame": 293,
    "type": "server_correction",
    "id": "cZlXqWye06cOMXfwAAAD",
    "delta": 1.4533333333333345,
    "meta": {
      "action": "smooth",
      "serverPos": {
        "x": -12.555364214998031,
        "y": 1,
        "z": -228.6918334903443
      },
      "replayPos": {
        "x": -16.459725876298595,
        "y": 1,
        "z": -223.87561505491527
      },
      "oldRenderPos": {
        "x": -17.37494183561421,
        "y": 1,
        "z": -222.7466520238147
      },
      "newRenderPos": {
        "x": -16.9173338559564,
        "y": 1,
        "z": -223.311133539365
      },
      "pendingInputs": 5,
      "firstPendingFrame": 72,
      "lastProcessedFrame": 71
    },
    "timestamp": 29753.89999999851
  },
  {
    "frame": 296,
    "type": "server_correction",
    "id": "cZlXqWye06cOMXfwAAAD",
    "delta": 2.0000000000000093,
    "meta": {
      "action": "hard_snap",
      "serverPos": {
        "x": -13.01297219465584,
        "y": 1,
        "z": -228.127351974794
      },
      "replayPos": {
        "x": -17.395933027341634,
        "y": 1,
        "z": -222.7207583763124
      },
      "renderPos": {
        "x": -18.655404530986974,
        "y": 1,
        "z": -221.167139526174
      },
      "pendingInputs": 6,
      "firstPendingFrame": 74,
      "lastProcessedFrame": 73
    },
    "timestamp": 29825.199999999255
  },
  {
    "frame": 299,
    "type": "server_correction",
    "id": "cZlXqWye06cOMXfwAAAD",
    "delta": 1.9688888888888991,
    "meta": {
      "action": "smooth",
      "serverPos": {
        "x": -13.603524388587322,
        "y": 1,
        "z": -227.3988773583958
      },
      "replayPos": {
        "x": -17.214009365703973,
        "y": 1,
        "z": -222.94516998799907
      },
      "oldRenderPos": {
        "x": -18.45388909040372,
        "y": 1,
        "z": -221.41571854219615
      },
      "newRenderPos": {
        "x": -17.833949228053847,
        "y": 1,
        "z": -222.1804442650976
      },
      "pendingInputs": 5,
      "firstPendingFrame": 77,
      "lastProcessedFrame": 76
    },
    "timestamp": 29879.5
  },
  {
    "frame": 302,
    "type": "server_correction",
    "id": "cZlXqWye06cOMXfwAAAD",
    "delta": 2.237777777777769,
    "meta": {
      "action": "hard_snap",
      "serverPos": {
        "x": -14.031744699826739,
        "y": 1,
        "z": -226.87064694934872
      },
      "replayPos": {
        "x": -17.516282526578856,
        "y": 1,
        "z": -222.57230146396583
      },
      "renderPos": {
        "x": -18.92549119787981,
        "y": 1,
        "z": -220.83397459497766
      },
      "pendingInputs": 5,
      "firstPendingFrame": 79,
      "lastProcessedFrame": 78
    },
    "timestamp": 29950.199999999255
  },
  {
    "frame": 305,
    "type": "server_correction",
    "id": "cZlXqWye06cOMXfwAAAD",
    "delta": 2.1000000000000187,
    "meta": {
      "action": "hard_snap",
      "serverPos": {
        "x": -14.447370296029701,
        "y": 1,
        "z": -226.35795272880307
      },
      "replayPos": {
        "x": -17.235000557431395,
        "y": 1,
        "z": -222.91927634049676
      },
      "renderPos": {
        "x": -18.557445636259004,
        "y": 1,
        "z": -221.28797654785143
      },
      "pendingInputs": 4,
      "firstPendingFrame": 82,
      "lastProcessedFrame": 81
    },
    "timestamp": 30011.39999999851
  },
  {
    "frame": 308,
    "type": "server_correction",
    "id": "cZlXqWye06cOMXfwAAAD",
    "delta": 1.2533333333333196,
    "meta": {
      "action": "smooth",
      "serverPos": {
        "x": -14.850401177196211,
        "y": 1,
        "z": -225.86079469675877
      },
      "replayPos": {
        "x": -17.537273718306277,
        "y": 1,
        "z": -222.54640781646353
      },
      "oldRenderPos": {
        "x": -18.32654252725736,
        "y": 1,
        "z": -221.57280667037682
      },
      "newRenderPos": {
        "x": -17.93190812278182,
        "y": 1,
        "z": -222.05960724342017
      },
      "pendingInputs": 4,
      "firstPendingFrame": 84,
      "lastProcessedFrame": 83
    },
    "timestamp": 30082.599999999627
  },
  {
    "frame": 311,
    "type": "server_correction",
    "id": "cZlXqWye06cOMXfwAAAD",
    "delta": 0.9933333333333224,
    "meta": {
      "action": "smooth",
      "serverPos": {
        "x": -15.240837343326268,
        "y": 1,
        "z": -225.37917285321586
      },
      "replayPos": {
        "x": -18.34753371898478,
        "y": 1,
        "z": -221.5469130228745
      },
      "oldRenderPos": {
        "x": -18.973071232461972,
        "y": 1,
        "z": -220.77528232730577
      },
      "newRenderPos": {
        "x": -18.660302475723377,
        "y": 1,
        "z": -221.16109767509013
      },
      "pendingInputs": 5,
      "firstPendingFrame": 85,
      "lastProcessedFrame": 84
    },
    "timestamp": 30137.099999999627
  },
  {
    "frame": 313,
    "type": "server_correction",
    "id": "cZlXqWye06cOMXfwAAAD",
    "delta": 1.7744444444444585,
    "meta": {
      "action": "smooth",
      "serverPos": {
        "x": -15.494131056837166,
        "y": 1,
        "z": -225.06672284002138
      },
      "replayPos": {
        "x": -18.013074064127856,
        "y": 1,
        "z": -221.9594851397446
      },
      "oldRenderPos": {
        "x": -19.13050517041764,
        "y": 1,
        "z": -220.58107997103846
      },
      "newRenderPos": {
        "x": -18.57178961727275,
        "y": 1,
        "z": -221.27028255539153
      },
      "pendingInputs": 4,
      "firstPendingFrame": 87,
      "lastProcessedFrame": 86
    },
    "timestamp": 30199.199999999255
  },
  {
    "frame": 316,
    "type": "server_correction",
    "id": "cZlXqWye06cOMXfwAAAD",
    "delta": 1.9805555555555359,
    "meta": {
      "action": "smooth",
      "serverPos": {
        "x": -15.8635760312398,
        "y": 1,
        "z": -224.61099464398077
      },
      "replayPos": {
        "x": -18.281761318238864,
        "y": 1,
        "z": -221.62804645171505
      },
      "oldRenderPos": {
        "x": -19.52898796004321,
        "y": 1,
        "z": -220.08953222928636
      },
      "newRenderPos": {
        "x": -18.905374639141037,
        "y": 1,
        "z": -220.85878934050072
      },
      "pendingInputs": 4,
      "firstPendingFrame": 89,
      "lastProcessedFrame": 88
    },
    "timestamp": 30265.5
  },
  {
    "frame": 319,
    "type": "server_correction",
    "id": "cZlXqWye06cOMXfwAAAD",
    "delta": 2.0236111111111263,
    "meta": {
      "action": "hard_snap",
      "serverPos": {
        "x": -16.22042629060598,
        "y": 1,
        "z": -224.17080263644158
      },
      "replayPos": {
        "x": -18.537853857313415,
        "y": 1,
        "z": -221.31214395218694
      },
      "renderPos": {
        "x": -19.812194121765685,
        "y": 1,
        "z": -219.74018376840107
      },
      "pendingInputs": 4,
      "firstPendingFrame": 91,
      "lastProcessedFrame": 90
    },
    "timestamp": 30328.39999999851
  },
  {
    "frame": 322,
    "type": "server_correction",
    "id": "cZlXqWye06cOMXfwAAAD",
    "delta": 0.9733333333333187,
    "meta": {
      "action": "smooth",
      "serverPos": {
        "x": -16.56468183493571,
        "y": 1,
        "z": -223.74614681740374
      },
      "replayPos": {
        "x": -18.781351681351516,
        "y": 1,
        "z": -221.01177764116017
      },
      "oldRenderPos": {
        "x": -19.39429447979225,
        "y": 1,
        "z": -220.25568313409283
      },
      "newRenderPos": {
        "x": -19.087823080571884,
        "y": 1,
        "z": -220.63373038762649
      },
      "pendingInputs": 4,
      "firstPendingFrame": 93,
      "lastProcessedFrame": 92
    },
    "timestamp": 30400.699999999255
  },
  {
    "frame": 325,
    "type": "server_correction",
    "id": "cZlXqWye06cOMXfwAAAD",
    "delta": 1.400000000000031,
    "meta": {
      "action": "smooth",
      "serverPos": {
        "x": -16.896342664228982,
        "y": 1,
        "z": -223.3370271868673
      },
      "replayPos": {
        "x": -19.01225479035316,
        "y": 1,
        "z": -220.7269475186348
      },
      "oldRenderPos": {
        "x": -19.893884842904907,
        "y": 1,
        "z": -219.6394143235379
      },
      "newRenderPos": {
        "x": -19.453069816629032,
        "y": 1,
        "z": -220.18318092108635
      },
      "pendingInputs": 4,
      "firstPendingFrame": 95,
      "lastProcessedFrame": 94
    },
    "timestamp": 30456.299999998882
  },
  {
    "frame": 328,
    "type": "server_correction",
    "id": "cZlXqWye06cOMXfwAAAD",
    "delta": 1.5533333333333463,
    "meta": {
      "action": "smooth",
      "serverPos": {
        "x": -17.215408778485802,
        "y": 1,
        "z": -222.94344374483225
      },
      "replayPos": {
        "x": -19.230563184318356,
        "y": 1,
        "z": -220.4576535846108
      },
      "oldRenderPos": {
        "x": -20.208752718816243,
        "y": 1,
        "z": -219.2510096110033
      },
      "newRenderPos": {
        "x": -19.7196579515673,
        "y": 1,
        "z": -219.85433159780706
      },
      "pendingInputs": 4,
      "firstPendingFrame": 97,
      "lastProcessedFrame": 96
    },
    "timestamp": 30533.099999999627
  },
  {
    "frame": 331,
    "type": "server_correction",
    "id": "cZlXqWye06cOMXfwAAAD",
    "delta": 1.4500000000000004,
    "meta": {
      "action": "smooth",
      "serverPos": {
        "x": -17.52188017770617,
        "y": 1,
        "z": -222.56539649129857
      },
      "replayPos": {
        "x": -19.788928884267794,
        "y": 1,
        "z": -219.76888256104945
      },
      "oldRenderPos": {
        "x": -20.70204572441067,
        "y": 1,
        "z": -218.64250889469912
      },
      "newRenderPos": {
        "x": -20.245487304339232,
        "y": 1,
        "z": -219.20569572787429
      },
      "pendingInputs": 5,
      "firstPendingFrame": 99,
      "lastProcessedFrame": 98
    },
    "timestamp": 30611.39999999851
  },
  {
    "frame": 334,
    "type": "server_correction",
    "id": "cZlXqWye06cOMXfwAAAD",
    "delta": 1.858333333333333,
    "meta": {
      "action": "smooth",
      "serverPos": {
        "x": -17.815756861890083,
        "y": 1,
        "z": -222.20288542626628
      },
      "replayPos": {
        "x": -19.629395827139383,
        "y": 1,
        "z": -219.96567428206697
      },
      "oldRenderPos": {
        "x": -20.799654765943185,
        "y": 1,
        "z": -218.52210343381338
      },
      "newRenderPos": {
        "x": -20.214525296541282,
        "y": 1,
        "z": -219.2438888579402
      },
      "pendingInputs": 4,
      "firstPendingFrame": 102,
      "lastProcessedFrame": 101
    },
    "timestamp": 30686.099999999627
  },
  {
    "frame": 336,
    "type": "server_correction",
    "id": "cZlXqWye06cOMXfwAAAD",
    "delta": 1.255833333333333,
    "meta": {
      "action": "smooth",
      "serverPos": {
        "x": -18.004677587436884,
        "y": 1,
        "z": -221.96984259874552
      },
      "replayPos": {
        "x": -19.751144739158434,
        "y": 1,
        "z": -219.8154911265536
      },
      "oldRenderPos": {
        "x": -20.54198788748907,
        "y": 1,
        "z": -218.8399479569042
      },
      "newRenderPos": {
        "x": -20.146566313323753,
        "y": 1,
        "z": -219.32771954172892
      },
      "pendingInputs": 4,
      "firstPendingFrame": 103,
      "lastProcessedFrame": 102
    },
    "timestamp": 30737.599999999627
  },
  {
    "frame": 339,
    "type": "server_correction",
    "id": "cZlXqWye06cOMXfwAAAD",
    "delta": 1.2612499999999884,
    "meta": {
      "action": "smooth",
      "serverPos": {
        "x": -18.277563079893376,
        "y": 1,
        "z": -221.63322518121552
      },
      "replayPos": {
        "x": -19.9232725113233,
        "y": 1,
        "z": -219.60316321703468
      },
      "oldRenderPos": {
        "x": -20.717526728309643,
        "y": 1,
        "z": -218.62341232966617
      },
      "newRenderPos": {
        "x": -20.32039961981647,
        "y": 1,
        "z": -219.1132877733504
      },
      "pendingInputs": 4,
      "firstPendingFrame": 105,
      "lastProcessedFrame": 104
    },
    "timestamp": 30795.299999998882
  },
  {
    "frame": 341,
    "type": "server_correction",
    "id": "cZlXqWye06cOMXfwAAAD",
    "delta": 1.3239583333333684,
    "meta": {
      "action": "smooth",
      "serverPos": {
        "x": -18.537853857313415,
        "y": 1,
        "z": -221.31214395218694
      },
      "replayPos": {
        "x": -19.772135930885856,
        "y": 1,
        "z": -219.7895974790513
      },
      "oldRenderPos": {
        "x": -20.605879827309415,
        "y": 1,
        "z": -218.76113416731903
      },
      "newRenderPos": {
        "x": -20.189007879097637,
        "y": 1,
        "z": -219.27536582318515
      },
      "pendingInputs": 3,
      "firstPendingFrame": 107,
      "lastProcessedFrame": 106
    },
    "timestamp": 30844.099999999627
  },
  {
    "frame": 344,
    "type": "server_correction",
    "id": "cZlXqWye06cOMXfwAAAD",
    "delta": 0.8019791666667067,
    "meta": {
      "action": "smooth",
      "serverPos": {
        "x": -18.785549919697,
        "y": 1,
        "z": -221.00659891165972
      },
      "replayPos": {
        "x": -20.4648452578908,
        "y": 1,
        "z": -218.9351071114752
      },
      "oldRenderPos": {
        "x": -20.969880211357754,
        "y": 1,
        "z": -218.31212213609933
      },
      "newRenderPos": {
        "x": -20.717362734624277,
        "y": 1,
        "z": -218.62361462378726
      },
      "pendingInputs": 5,
      "firstPendingFrame": 108,
      "lastProcessedFrame": 107
    },
    "timestamp": 30910.299999998882
  },
  {
    "frame": 347,
    "type": "server_correction",
    "id": "cZlXqWye06cOMXfwAAAD",
    "delta": 0.6143229166666974,
    "meta": {
      "action": "smooth",
      "serverPos": {
        "x": -19.020651267044133,
        "y": 1,
        "z": -220.7165900596339
      },
      "replayPos": {
        "x": -20.733532512001812,
        "y": 1,
        "z": -218.60366842344567
      },
      "oldRenderPos": {
        "x": -21.120393615790793,
        "y": 1,
        "z": -218.12645659174296
      },
      "newRenderPos": {
        "x": -20.926963063896302,
        "y": 1,
        "z": -218.3650625075943
      },
      "pendingInputs": 6,
      "firstPendingFrame": 110,
      "lastProcessedFrame": 109
    },
    "timestamp": 30987.299999998882
  },
  {
    "frame": 350,
    "type": "server_correction",
    "id": "cZlXqWye06cOMXfwAAAD",
    "delta": 0.6738281250000433,
    "meta": {
      "action": "smooth",
      "serverPos": {
        "x": -19.243157899354813,
        "y": 1,
        "z": -220.44211739610944
      },
      "replayPos": {
        "x": -20.670558936819546,
        "y": 1,
        "z": -218.6813493659526
      },
      "oldRenderPos": {
        "x": -21.094892597715685,
        "y": 1,
        "z": -218.15791332757584
      },
      "newRenderPos": {
        "x": -20.882725767267615,
        "y": 1,
        "z": -218.41963134676422
      },
      "pendingInputs": 5,
      "firstPendingFrame": 113,
      "lastProcessedFrame": 112
    },
    "timestamp": 31065.699999999255
  },
  {
    "frame": 353,
    "type": "server_correction",
    "id": "cZlXqWye06cOMXfwAAAD",
    "delta": 0.8035807291666929,
    "meta": {
      "action": "smooth",
      "serverPos": {
        "x": -19.45306981662904,
        "y": 1,
        "z": -220.18318092108638
      },
      "replayPos": {
        "x": -20.594990646600824,
        "y": 1,
        "z": -218.7745664969609
      },
      "oldRenderPos": {
        "x": -21.10103416123281,
        "y": 1,
        "z": -218.1503374127402
      },
      "newRenderPos": {
        "x": -20.84801240391682,
        "y": 1,
        "z": -218.46245195485056
      },
      "pendingInputs": 4,
      "firstPendingFrame": 116,
      "lastProcessedFrame": 115
    },
    "timestamp": 31121.5
  },
  {
    "frame": 356,
    "type": "server_correction",
    "id": "cZlXqWye06cOMXfwAAAD",
    "delta": 0.46179036458334316,
    "meta": {
      "action": "smooth",
      "serverPos": {
        "x": -19.65038701886681,
        "y": 1,
        "z": -219.9397806345647
      },
      "replayPos": {
        "x": -20.825893755602472,
        "y": 1,
        "z": -218.48973637443552
      },
      "oldRenderPos": {
        "x": -21.11669965802783,
        "y": 1,
        "z": -218.13101326682104
      },
      "newRenderPos": {
        "x": -20.971296706815153,
        "y": 1,
        "z": -218.31037482062828
      },
      "pendingInputs": 5,
      "firstPendingFrame": 117,
      "lastProcessedFrame": 116
    },
    "timestamp": 31173.099999999627
  },
  {
    "frame": 359,
    "type": "server_correction",
    "id": "cZlXqWye06cOMXfwAAAD",
    "delta": 0.3242285156250123,
    "meta": {
      "action": "smooth",
      "serverPos": {
        "x": -19.835109506068125,
        "y": 1,
        "z": -219.7119165365444
      },
      "replayPos": {
        "x": -20.88466909243925,
        "y": 1,
        "z": -218.41723416142906
      },
      "oldRenderPos": {
        "x": -21.088847380488723,
        "y": 1,
        "z": -218.16537039461537
      },
      "newRenderPos": {
        "x": -20.986758236463984,
        "y": 1,
        "z": -218.29130227802221
      },
      "pendingInputs": 5,
      "firstPendingFrame": 119,
      "lastProcessedFrame": 118
    },
    "timestamp": 31232.39999999851
  },
  {
    "frame": 362,
    "type": "server_correction",
    "id": "cZlXqWye06cOMXfwAAAD",
    "delta": 0.19544759114581362,
    "meta": {
      "action": "smooth",
      "serverPos": {
        "x": -20.00723727823299,
        "y": 1,
        "z": -219.49958862702547
      },
      "replayPos": {
        "x": -20.93084971423958,
        "y": 1,
        "z": -218.36026813692396
      },
      "oldRenderPos": {
        "x": -21.05393004999174,
        "y": 1,
        "z": -218.20844260601484
      },
      "newRenderPos": {
        "x": -20.99238988211566,
        "y": 1,
        "z": -218.28435537146942
      },
      "pendingInputs": 5,
      "firstPendingFrame": 121,
      "lastProcessedFrame": 120
    },
    "timestamp": 31291.099999999627
  },
  {
    "frame": 365,
    "type": "server_correction",
    "id": "cZlXqWye06cOMXfwAAAD",
    "delta": 0.1643904622395781,
    "meta": {
      "action": "smooth",
      "serverPos": {
        "x": -20.21714919550721,
        "y": 1,
        "z": -219.2406521520024
      },
      "replayPos": {
        "x": -20.92245323754861,
        "y": 1,
        "z": -218.3706255959249
      },
      "oldRenderPos": {
        "x": -21.02597578887954,
        "y": 1,
        "z": -218.24292553546573
      },
      "newRenderPos": {
        "x": -20.974214513214072,
        "y": 1,
        "z": -218.30677556569532
      },
      "pendingInputs": 4,
      "firstPendingFrame": 124,
      "lastProcessedFrame": 123
    },
    "timestamp": 31357.199999999255
  },
  {
    "frame": 368,
    "type": "server_correction",
    "id": "cZlXqWye06cOMXfwAAAD",
    "delta": 0.0955285644531392,
    "meta": {
      "action": "ignore_micro",
      "serverPos": {
        "x": -20.359889299253684,
        "y": 1,
        "z": -219.06457534898675
      },
      "replayPos": {
        "x": -20.964435621003453,
        "y": 1,
        "z": -218.3188383009203
      },
      "renderPos": {
        "x": -21.024593373359888,
        "y": 1,
        "z": -218.24463081168977
      },
      "pendingInputs": 4,
      "firstPendingFrame": 126,
      "lastProcessedFrame": 125
    },
    "timestamp": 31419.89999999851
  },
  {
    "frame": 371,
    "type": "server_correction",
    "id": "cZlXqWye06cOMXfwAAAD",
    "delta": 0.04886189778648156,
    "meta": {
      "action": "ignore_micro",
      "serverPos": {
        "x": -20.490034687963703,
        "y": 1,
        "z": -218.90403473447245
      },
      "replayPos": {
        "x": -20.993823289421847,
        "y": 1,
        "z": -218.2825871944171
      },
      "renderPos": {
        "x": -21.024593373359888,
        "y": 1,
        "z": -218.24463081168977
      },
      "pendingInputs": 5,
      "firstPendingFrame": 127,
      "lastProcessedFrame": 126
    },
    "timestamp": 31480.299999998882
  },
  {
    "frame": 373,
    "type": "server_correction",
    "id": "cZlXqWye06cOMXfwAAAD",
    "delta": 0.028861897786477846,
    "meta": {
      "action": "ignore_micro",
      "serverPos": {
        "x": -20.56980121652791,
        "y": 1,
        "z": -218.8056388739637
      },
      "replayPos": {
        "x": -21.006418004458304,
        "y": 1,
        "z": -218.2670510059157
      },
      "renderPos": {
        "x": -21.024593373359888,
        "y": 1,
        "z": -218.24463081168977
      },
      "pendingInputs": 5,
      "firstPendingFrame": 129,
      "lastProcessedFrame": 128
    },
    "timestamp": 31531.099999999627
  },
  {
    "frame": 376,
    "type": "server_correction",
    "id": "cZlXqWye06cOMXfwAAAD",
    "delta": 0.015528564453153123,
    "meta": {
      "action": "ignore_micro",
      "serverPos": {
        "x": -20.678955413510508,
        "y": 1,
        "z": -218.67099190695168
      },
      "replayPos": {
        "x": -21.01481448114927,
        "y": 1,
        "z": -218.2566935469148
      },
      "renderPos": {
        "x": -21.024593373359888,
        "y": 1,
        "z": -218.24463081168977
      },
      "pendingInputs": 5,
      "firstPendingFrame": 131,
      "lastProcessedFrame": 130
    },
    "timestamp": 31593.89999999851
  },
  {
    "frame": 379,
    "type": "server_correction",
    "id": "cZlXqWye06cOMXfwAAAD",
    "delta": 0.004471435546872674,
    "meta": {
      "action": "ignore_micro",
      "serverPos": {
        "x": -20.775514895456652,
        "y": 1,
        "z": -218.55188112844107
      },
      "replayPos": {
        "x": -21.027409196185726,
        "y": 1,
        "z": -218.24115735841337
      },
      "renderPos": {
        "x": -21.024593373359888,
        "y": 1,
        "z": -218.24463081168977
      },
      "pendingInputs": 5,
      "firstPendingFrame": 134,
      "lastProcessedFrame": 133
    },
    "timestamp": 31665.699999999255
  },
  {
    "frame": 382,
    "type": "server_correction",
    "id": "cZlXqWye06cOMXfwAAAD",
    "delta": 0.017804768880199637,
    "meta": {
      "action": "ignore_micro",
      "serverPos": {
        "x": -20.859479662366343,
        "y": 1,
        "z": -218.44830653843184
      },
      "replayPos": {
        "x": -21.035805672876695,
        "y": 1,
        "z": -218.23079989941246
      },
      "renderPos": {
        "x": -21.024593373359888,
        "y": 1,
        "z": -218.24463081168977
      },
      "pendingInputs": 5,
      "firstPendingFrame": 136,
      "lastProcessedFrame": 135
    },
    "timestamp": 31725.299999998882
  },
  {
    "frame": 385,
    "type": "server_correction",
    "id": "cZlXqWye06cOMXfwAAAD",
    "delta": 0.03780476888020335,
    "meta": {
      "action": "ignore_micro",
      "serverPos": {
        "x": -20.93084971423958,
        "y": 1,
        "z": -218.360268136924
      },
      "replayPos": {
        "x": -21.04840038791315,
        "y": 1,
        "z": -218.21526371091107
      },
      "renderPos": {
        "x": -21.024593373359888,
        "y": 1,
        "z": -218.24463081168977
      },
      "pendingInputs": 5,
      "firstPendingFrame": 138,
      "lastProcessedFrame": 137
    },
    "timestamp": 31780.699999999255
  },
  {
    "frame": 388,
    "type": "server_correction",
    "id": "cZlXqWye06cOMXfwAAAD",
    "delta": 0.051138102213530316,
    "meta": {
      "action": "ignore_micro",
      "serverPos": {
        "x": -20.989625051076366,
        "y": 1,
        "z": -218.28776592391753
      },
      "replayPos": {
        "x": -21.05679686460412,
        "y": 1,
        "z": -218.20490625191016
      },
      "renderPos": {
        "x": -21.024593373359888,
        "y": 1,
        "z": -218.24463081168977
      },
      "pendingInputs": 6,
      "firstPendingFrame": 140,
      "lastProcessedFrame": 139
    },
    "timestamp": 31850.199999999255
  },
  {
    "frame": 391,
    "type": "server_correction",
    "id": "cZlXqWye06cOMXfwAAAD",
    "delta": 0.0711381022135318,
    "meta": {
      "action": "ignore_micro",
      "serverPos": {
        "x": -21.035805672876695,
        "y": 1,
        "z": -218.23079989941246
      },
      "replayPos": {
        "x": -21.069391579640573,
        "y": 1,
        "z": -218.18937006340877
      },
      "renderPos": {
        "x": -21.024593373359888,
        "y": 1,
        "z": -218.24463081168977
      },
      "pendingInputs": 5,
      "firstPendingFrame": 143,
      "lastProcessedFrame": 142
    },
    "timestamp": 31915.199999999255
  }
]