[
  {
    "frame": 23604,
    "type": "server_correction",
    "id": "uZ6ut5Zch6ROY6O5AAAX",
    "delta": 0.05884464616374988,
    "meta": {
      "action": "ignore_micro",
      "serverPos": {
        "x": 34.98932260550336,
        "y": 1,
        "z": -186.7297790571668
      },
      "replayPos": {
        "x": 34.98932260550336,
        "y": 1,
        "z": -186.7297790571668
      },
      "renderPos": {
        "x": 35.04645254719451,
        "y": 1,
        "z": -186.7438809061414
      },
      "pendingInputs": 2000,
      "firstPendingFrame": 12623,
      "lastProcessedFrame": 14617
    },
    "timestamp": 516680.5
  },
  {
    "frame": 23607,
    "type": "server_correction",
    "id": "uZ6ut5Zch6ROY6O5AAAX",
    "delta": 0.05884464616374988,
    "meta": {
      "action": "ignore_micro",
      "serverPos": {
        "x": 34.98932260550336,
        "y": 1,
        "z": -186.7297790571668
      },
      "replayPos": {
        "x": 34.98932260550336,
        "y": 1,
        "z": -186.7297790571668
      },
      "renderPos": {
        "x": 35.04645254719451,
        "y": 1,
        "z": -186.7438809061414
      },
      "pendingInputs": 2000,
      "firstPendingFrame": 12626,
      "lastProcessedFrame": 14618
    },
    "timestamp": 516748.799999997
  },
  {
    "frame": 23610,
    "type": "server_correction",
    "id": "uZ6ut5Zch6ROY6O5AAAX",
    "delta": 0.05884464616374988,
    "meta": {
      "action": "ignore_micro",
      "serverPos": {
        "x": 34.98932260550336,
        "y": 1,
        "z": -186.7297790571668
      },
      "replayPos": {
        "x": 34.98932260550336,
        "y": 1,
        "z": -186.7297790571668
      },
      "renderPos": {
        "x": 35.04645254719451,
        "y": 1,
        "z": -186.7438809061414
      },
      "pendingInputs": 2000,
      "firstPendingFrame": 12629,
      "lastProcessedFrame": 14621
    },
    "timestamp": 516843.19999999925
  },
  {
    "frame": 23613,
    "type": "server_correction",
    "id": "uZ6ut5Zch6ROY6O5AAAX",
    "delta": 0.05884464616374988,
    "meta": {
      "action": "ignore_micro",
      "serverPos": {
        "x": 34.98932260550336,
        "y": 1,
        "z": -186.7297790571668
      },
      "replayPos": {
        "x": 34.98932260550336,
        "y": 1,
        "z": -186.7297790571668
      },
      "renderPos": {
        "x": 35.04645254719451,
        "y": 1,
        "z": -186.7438809061414
      },
      "pendingInputs": 2000,
      "firstPendingFrame": 12630,
      "lastProcessedFrame": 14624
    },
    "timestamp": 516876.299999997
  },
  {
    "frame": 23617,
    "type": "server_correction",
    "id": "uZ6ut5Zch6ROY6O5AAAX",
    "delta": 0.05884464616374988,
    "meta": {
      "action": "ignore_micro",
      "serverPos": {
        "x": 34.98932260550336,
        "y": 1,
        "z": -186.7297790571668
      },
      "replayPos": {
        "x": 34.98932260550336,
        "y": 1,
        "z": -186.7297790571668
      },
      "renderPos": {
        "x": 35.04645254719451,
        "y": 1,
        "z": -186.7438809061414
      },
      "pendingInputs": 2000,
      "firstPendingFrame": 12632,
      "lastProcessedFrame": 14627
    },
    "timestamp": 516977.5
  },
  {
    "frame": 23620,
    "type": "server_correction",
    "id": "uZ6ut5Zch6ROY6O5AAAX",
    "delta": 0.05884464616374988,
    "meta": {
      "action": "ignore_micro",
      "serverPos": {
        "x": 34.98932260550336,
        "y": 1,
        "z": -186.7297790571668
      },
      "replayPos": {
        "x": 34.98932260550336,
        "y": 1,
        "z": -186.7297790571668
      },
      "renderPos": {
        "x": 35.04645254719451,
        "y": 1,
        "z": -186.7438809061414
      },
      "pendingInputs": 2000,
      "firstPendingFrame": 12633,
      "lastProcessedFrame": 14628
    },
    "timestamp": 517040.59999999776
  },
  {
    "frame": 23623,
    "type": "server_correction",
    "id": "uZ6ut5Zch6ROY6O5AAAX",
    "delta": 0.05884464616374988,
    "meta": {
      "action": "ignore_micro",
      "serverPos": {
        "x": 34.98932260550336,
        "y": 1,
        "z": -186.7297790571668
      },
      "replayPos": {
        "x": 34.98932260550336,
        "y": 1,
        "z": -186.7297790571668
      },
      "renderPos": {
        "x": 35.04645254719451,
        "y": 1,
        "z": -186.7438809061414
      },
      "pendingInputs": 2000,
      "firstPendingFrame": 12634,
      "lastProcessedFrame": 14630
    },
    "timestamp": 517086.09999999776
  },
  {
    "frame": 23626,
    "type": "server_correction",
    "id": "uZ6ut5Zch6ROY6O5AAAX",
    "delta": 0.05884464616374988,
    "meta": {
      "action": "ignore_micro",
      "serverPos": {
        "x": 34.98932260550336,
        "y": 1,
        "z": -186.7297790571668
      },
      "replayPos": {
        "x": 34.98932260550336,
        "y": 1,
        "z": -186.7297790571668
      },
      "renderPos": {
        "x": 35.04645254719451,
        "y": 1,
        "z": -186.7438809061414
      },
      "pendingInputs": 2000,
      "firstPendingFrame": 12635,
      "lastProcessedFrame": 14631
    },
    "timestamp": 517164.799999997
  },
  {
    "frame": 23629,
    "type": "server_correction",
    "id": "uZ6ut5Zch6ROY6O5AAAX",
    "delta": 0.05884464616374988,
    "meta": {
      "action": "ignore_micro",
      "serverPos": {
        "x": 34.98932260550336,
        "y": 1,
        "z": -186.7297790571668
      },
      "replayPos": {
        "x": 34.98932260550336,
        "y": 1,
        "z": -186.7297790571668
      },
      "renderPos": {
        "x": 35.04645254719451,
        "y": 1,
        "z": -186.7438809061414
      },
      "pendingInputs": 2000,
      "firstPendingFrame": 12636,
      "lastProcessedFrame": 14632
    },
    "timestamp": 517208.5
  },
  {
    "frame": 23632,
    "type": "server_correction",
    "id": "uZ6ut5Zch6ROY6O5AAAX",
    "delta": 0.05884464616374988,
    "meta": {
      "action": "ignore_micro",
      "serverPos": {
        "x": 34.98932260550336,
        "y": 1,
        "z": -186.7297790571668
      },
      "replayPos": {
        "x": 34.98932260550336,
        "y": 1,
        "z": -186.7297790571668
      },
      "renderPos": {
        "x": 35.04645254719451,
        "y": 1,
        "z": -186.7438809061414
      },
      "pendingInputs": 2000,
      "firstPendingFrame": 12638,
      "lastProcessedFrame": 14633
    },
    "timestamp": 517284.8999999985
  },
  {
    "frame": 23635,
    "type": "server_correction",
    "id": "uZ6ut5Zch6ROY6O5AAAX",
    "delta": 0.05884464616374988,
    "meta": {
      "action": "ignore_micro",
      "serverPos": {
        "x": 34.98932260550336,
        "y": 1,
        "z": -186.7297790571668
      },
      "replayPos": {
        "x": 34.98932260550336,
        "y": 1,
        "z": -186.7297790571668
      },
      "renderPos": {
        "x": 35.04645254719451,
        "y": 1,
        "z": -186.7438809061414
      },
      "pendingInputs": 2000,
      "firstPendingFrame": 12639,
      "lastProcessedFrame": 14634
    },
    "timestamp": 517317.3999999985
  },
  {
    "frame": 23638,
    "type": "server_correction",
    "id": "uZ6ut5Zch6ROY6O5AAAX",
    "delta": 0.05884464616374988,
    "meta": {
      "action": "ignore_micro",
      "serverPos": {
        "x": 34.98932260550336,
        "y": 1,
        "z": -186.7297790571668
      },
      "replayPos": {
        "x": 34.98932260550336,
        "y": 1,
        "z": -186.7297790571668
      },
      "renderPos": {
        "x": 35.04645254719451,
        "y": 1,
        "z": -186.7438809061414
      },
      "pendingInputs": 2000,
      "firstPendingFrame": 12641,
      "lastProcessedFrame": 14636
    },
    "timestamp": 517506.59999999776
  },
  {
    "frame": 23640,
    "type": "server_correction",
    "id": "uZ6ut5Zch6ROY6O5AAAX",
    "delta": 0.05884464616374988,
    "meta": {
      "action": "ignore_micro",
      "serverPos": {
        "x": 34.98932260550336,
        "y": 1,
        "z": -186.7297790571668
      },
      "replayPos": {
        "x": 34.98932260550336,
        "y": 1,
        "z": -186.7297790571668
      },
      "renderPos": {
        "x": 35.04645254719451,
        "y": 1,
        "z": -186.7438809061414
      },
      "pendingInputs": 2000,
      "firstPendingFrame": 12642,
      "lastProcessedFrame": 14637
    },
    "timestamp": 517698.5
  },
  {
    "frame": 23643,
    "type": "server_correction",
    "id": "uZ6ut5Zch6ROY6O5AAAX",
    "delta": 0.05884464616374988,
    "meta": {
      "action": "ignore_micro",
      "serverPos": {
        "x": 34.98932260550336,
        "y": 1,
        "z": -186.7297790571668
      },
      "replayPos": {
        "x": 34.98932260550336,
        "y": 1,
        "z": -186.7297790571668
      },
      "renderPos": {
        "x": 35.04645254719451,
        "y": 1,
        "z": -186.7438809061414
      },
      "pendingInputs": 2000,
      "firstPendingFrame": 12643,
      "lastProcessedFrame": 14638
    },
    "timestamp": 517765.19999999925
  },
  {
    "frame": 23646,
    "type": "server_correction",
    "id": "uZ6ut5Zch6ROY6O5AAAX",
    "delta": 0.05884464616374988,
    "meta": {
      "action": "ignore_micro",
      "serverPos": {
        "x": 34.98932260550336,
        "y": 1,
        "z": -186.7297790571668
      },
      "replayPos": {
        "x": 34.98932260550336,
        "y": 1,
        "z": -186.7297790571668
      },
      "renderPos": {
        "x": 35.04645254719451,
        "y": 1,
        "z": -186.7438809061414
      },
      "pendingInputs": 2000,
      "firstPendingFrame": 12643,
      "lastProcessedFrame": 14639
    },
    "timestamp": 517802.09999999776
  },
  {
    "frame": 23649,
    "type": "server_correction",
    "id": "uZ6ut5Zch6ROY6O5AAAX",
    "delta": 0.05884464616374988,
    "meta": {
      "action": "ignore_micro",
      "serverPos": {
        "x": 34.98932260550336,
        "y": 1,
        "z": -186.7297790571668
      },
      "replayPos": {
        "x": 34.98932260550336,
        "y": 1,
        "z": -186.7297790571668
      },
      "renderPos": {
        "x": 35.04645254719451,
        "y": 1,
        "z": -186.7438809061414
      },
      "pendingInputs": 2000,
      "firstPendingFrame": 12643,
      "lastProcessedFrame": 14640
    },
    "timestamp": 517809.799999997
  },
  {
    "frame": 23655,
    "type": "server_correction",
    "id": "uZ6ut5Zch6ROY6O5AAAX",
    "delta": 0.05884464616374988,
    "meta": {
      "action": "ignore_micro",
      "serverPos": {
        "x": 34.98932260550336,
        "y": 1,
        "z": -186.7297790571668
      },
      "replayPos": {
        "x": 34.98932260550336,
        "y": 1,
        "z": -186.7297790571668
      },
      "renderPos": {
        "x": 35.04645254719451,
        "y": 1,
        "z": -186.7438809061414
      },
      "pendingInputs": 2000,
      "firstPendingFrame": 12644,
      "lastProcessedFrame": 14641
    },
    "timestamp": 517838.09999999776
  },
  {
    "frame": 23663,
    "type": "server_correction",
    "id": "uZ6ut5Zch6ROY6O5AAAX",
    "delta": 0.05884464616374988,
    "meta": {
      "action": "ignore_micro",
      "serverPos": {
        "x": 34.98932260550336,
        "y": 1,
        "z": -186.7297790571668
      },
      "replayPos": {
        "x": 34.98932260550336,
        "y": 1,
        "z": -186.7297790571668
      },
      "renderPos": {
        "x": 35.04645254719451,
        "y": 1,
        "z": -186.7438809061414
      },
      "pendingInputs": 2000,
      "firstPendingFrame": 12646,
      "lastProcessedFrame": 14642
    },
    "timestamp": 517950.299999997
  },
  {
    "frame": 23669,
    "type": "server_correction",
    "id": "uZ6ut5Zch6ROY6O5AAAX",
    "delta": 0.05884464616374988,
    "meta": {
      "action": "ignore_micro",
      "serverPos": {
        "x": 34.98932260550336,
        "y": 1,
        "z": -186.7297790571668
      },
      "replayPos": {
        "x": 34.98932260550336,
        "y": 1,
        "z": -186.7297790571668
      },
      "renderPos": {
        "x": 35.04645254719451,
        "y": 1,
        "z": -186.7438809061414
      },
      "pendingInputs": 2000,
      "firstPendingFrame": 12650,
      "lastProcessedFrame": 14644
    },
    "timestamp": 518039.799999997
  },
  {
    "frame": 23672,
    "type": "server_correction",
    "id": "uZ6ut5Zch6ROY6O5AAAX",
    "delta": 0.05884464616374988,
    "meta": {
      "action": "ignore_micro",
      "serverPos": {
        "x": 34.98932260550336,
        "y": 1,
        "z": -186.7297790571668
      },
      "replayPos": {
        "x": 34.98932260550336,
        "y": 1,
        "z": -186.7297790571668
      },
      "renderPos": {
        "x": 35.04645254719451,
        "y": 1,
        "z": -186.7438809061414
      },
      "pendingInputs": 2000,
      "firstPendingFrame": 12653,
      "lastProcessedFrame": 14645
    },
    "timestamp": 518100.799999997
  },
  {
    "frame": 23675,
    "type": "server_correction",
    "id": "uZ6ut5Zch6ROY6O5AAAX",
    "delta": 0.05884464616374988,
    "meta": {
      "action": "ignore_micro",
      "serverPos": {
        "x": 34.98932260550336,
        "y": 1,
        "z": -186.7297790571668
      },
      "replayPos": {
        "x": 34.98932260550336,
        "y": 1,
        "z": -186.7297790571668
      },
      "renderPos": {
        "x": 35.04645254719451,
        "y": 1,
        "z": -186.7438809061414
      },
      "pendingInputs": 2000,
      "firstPendingFrame": 12655,
      "lastProcessedFrame": 14648
    },
    "timestamp": 518204.299999997
  },
  {
    "frame": 23678,
    "type": "server_correction",
    "id": "uZ6ut5Zch6ROY6O5AAAX",
    "delta": 0.05884464616374988,
    "meta": {
      "action": "ignore_micro",
      "serverPos": {
        "x": 34.98932260550336,
        "y": 1,
        "z": -186.7297790571668
      },
      "replayPos": {
        "x": 34.98932260550336,
        "y": 1,
        "z": -186.7297790571668
      },
      "renderPos": {
        "x": 35.04645254719451,
        "y": 1,
        "z": -186.7438809061414
      },
      "pendingInputs": 2000,
      "firstPendingFrame": 12657,
      "lastProcessedFrame": 14651
    },
    "timestamp": 518230
  },
  {
    "frame": 23681,
    "type": "server_correction",
    "id": "uZ6ut5Zch6ROY6O5AAAX",
    "delta": 0.05884464616374988,
    "meta": {
      "action": "ignore_micro",
      "serverPos": {
        "x": 34.98932260550336,
        "y": 1,
        "z": -186.7297790571668
      },
      "replayPos": {
        "x": 34.98932260550336,
        "y": 1,
        "z": -186.7297790571668
      },
      "renderPos": {
        "x": 35.04645254719451,
        "y": 1,
        "z": -186.7438809061414
      },
      "pendingInputs": 2000,
      "firstPendingFrame": 12658,
      "lastProcessedFrame": 14652
    },
    "timestamp": 518311.8999999985
  },
  {
    "frame": 23684,
    "type": "server_correction",
    "id": "uZ6ut5Zch6ROY6O5AAAX",
    "delta": 0.05884464616374988,
    "meta": {
      "action": "ignore_micro",
      "serverPos": {
        "x": 34.98932260550336,
        "y": 1,
        "z": -186.7297790571668
      },
      "replayPos": {
        "x": 34.98932260550336,
        "y": 1,
        "z": -186.7297790571668
      },
      "renderPos": {
        "x": 35.04645254719451,
        "y": 1,
        "z": -186.7438809061414
      },
      "pendingInputs": 2000,
      "firstPendingFrame": 12660,
      "lastProcessedFrame": 14654
    },
    "timestamp": 518419.799999997
  },
  {
    "frame": 23687,
    "type": "server_correction",
    "id": "uZ6ut5Zch6ROY6O5AAAX",
    "delta": 0.05884464616374988,
    "meta": {
      "action": "ignore_micro",
      "serverPos": {
        "x": 34.98932260550336,
        "y": 1,
        "z": -186.7297790571668
      },
      "replayPos": {
        "x": 34.98932260550336,
        "y": 1,
        "z": -186.7297790571668
      },
      "renderPos": {
        "x": 35.04645254719451,
        "y": 1,
        "z": -186.7438809061414
      },
      "pendingInputs": 2000,
      "firstPendingFrame": 12661,
      "lastProcessedFrame": 14656
    },
    "timestamp": 518443.299999997
  },
  {
    "frame": 23690,
    "type": "server_correction",
    "id": "uZ6ut5Zch6ROY6O5AAAX",
    "delta": 0.05884464616374988,
    "meta": {
      "action": "ignore_micro",
      "serverPos": {
        "x": 34.98932260550336,
        "y": 1,
        "z": -186.7297790571668
      },
      "replayPos": {
        "x": 34.98932260550336,
        "y": 1,
        "z": -186.7297790571668
      },
      "renderPos": {
        "x": 35.04645254719451,
        "y": 1,
        "z": -186.7438809061414
      },
      "pendingInputs": 2000,
      "firstPendingFrame": 12662,
      "lastProcessedFrame": 14657
    },
    "timestamp": 518528.69999999925
  },
  {
    "frame": 23693,
    "type": "server_correction",
    "id": "uZ6ut5Zch6ROY6O5AAAX",
    "delta": 0.05884464616374988,
    "meta": {
      "action": "ignore_micro",
      "serverPos": {
        "x": 34.98932260550336,
        "y": 1,
        "z": -186.7297790571668
      },
      "replayPos": {
        "x": 34.98932260550336,
        "y": 1,
        "z": -186.7297790571668
      },
      "renderPos": {
        "x": 35.04645254719451,
        "y": 1,
        "z": -186.7438809061414
      },
      "pendingInputs": 2000,
      "firstPendingFrame": 12663,
      "lastProcessedFrame": 14658
    },
    "timestamp": 518537
  },
  {
    "frame": 23696,
    "type": "server_correction",
    "id": "uZ6ut5Zch6ROY6O5AAAX",
    "delta": 0.05884464616374988,
    "meta": {
      "action": "ignore_micro",
      "serverPos": {
        "x": 34.98932260550336,
        "y": 1,
        "z": -186.7297790571668
      },
      "replayPos": {
        "x": 34.98932260550336,
        "y": 1,
        "z": -186.7297790571668
      },
      "renderPos": {
        "x": 35.04645254719451,
        "y": 1,
        "z": -186.7438809061414
      },
      "pendingInputs": 2000,
      "firstPendingFrame": 12666,
      "lastProcessedFrame": 14660
    },
    "timestamp": 518646.19999999925
  },
  {
    "frame": 23702,
    "type": "server_correction",
    "id": "uZ6ut5Zch6ROY6O5AAAX",
    "delta": 0.05884464616374988,
    "meta": {
      "action": "ignore_micro",
      "serverPos": {
        "x": 34.98932260550336,
        "y": 1,
        "z": -186.7297790571668
      },
      "replayPos": {
        "x": 34.98932260550336,
        "y": 1,
        "z": -186.7297790571668
      },
      "renderPos": {
        "x": 35.04645254719451,
        "y": 1,
        "z": -186.7438809061414
      },
      "pendingInputs": 2000,
      "firstPendingFrame": 12668,
      "lastProcessedFrame": 14663
    },
    "timestamp": 518723.09999999776
  },
  {
    "frame": 23705,
    "type": "server_correction",
    "id": "uZ6ut5Zch6ROY6O5AAAX",
    "delta": 0.05884464616374988,
    "meta": {
      "action": "ignore_micro",
      "serverPos": {
        "x": 34.98932260550336,
        "y": 1,
        "z": -186.7297790571668
      },
      "replayPos": {
        "x": 34.98932260550336,
        "y": 1,
        "z": -186.7297790571668
      },
      "renderPos": {
        "x": 35.04645254719451,
        "y": 1,
        "z": -186.7438809061414
      },
      "pendingInputs": 2000,
      "firstPendingFrame": 12671,
      "lastProcessedFrame": 14665
    },
    "timestamp": 518790.799999997
  },
  {
    "frame": 23708,
    "type": "server_correction",
    "id": "uZ6ut5Zch6ROY6O5AAAX",
    "delta": 0.05884464616374988,
    "meta": {
      "action": "ignore_micro",
      "serverPos": {
        "x": 34.98932260550336,
        "y": 1,
        "z": -186.7297790571668
      },
      "replayPos": {
        "x": 34.98932260550336,
        "y": 1,
        "z": -186.7297790571668
      },
      "renderPos": {
        "x": 35.04645254719451,
        "y": 1,
        "z": -186.7438809061414
      },
      "pendingInputs": 2000,
      "firstPendingFrame": 12673,
      "lastProcessedFrame": 14667
    },
    "timestamp": 518855.799999997
  },
  {
    "frame": 23711,
    "type": "server_correction",
    "id": "uZ6ut5Zch6ROY6O5AAAX",
    "delta": 0.05884464616374988,
    "meta": {
      "action": "ignore_micro",
      "serverPos": {
        "x": 34.98932260550336,
        "y": 1,
        "z": -186.7297790571668
      },
      "replayPos": {
        "x": 34.98932260550336,
        "y": 1,
        "z": -186.7297790571668
      },
      "renderPos": {
        "x": 35.04645254719451,
        "y": 1,
        "z": -186.7438809061414
      },
      "pendingInputs": 2000,
      "firstPendingFrame": 12675,
      "lastProcessedFrame": 14669
    },
    "timestamp": 518951.299999997
  },
  {
    "frame": 23714,
    "type": "server_correction",
    "id": "uZ6ut5Zch6ROY6O5AAAX",
    "delta": 0.05884464616374988,
    "meta": {
      "action": "ignore_micro",
      "serverPos": {
        "x": 34.98932260550336,
        "y": 1,
        "z": -186.7297790571668
      },
      "replayPos": {
        "x": 34.98932260550336,
        "y": 1,
        "z": -186.7297790571668
      },
      "renderPos": {
        "x": 35.04645254719451,
        "y": 1,
        "z": -186.7438809061414
      },
      "pendingInputs": 2000,
      "firstPendingFrame": 12676,
      "lastProcessedFrame": 14671
    },
    "timestamp": 518983.799999997
  },
  {
    "frame": 23717,
    "type": "server_correction",
    "id": "uZ6ut5Zch6ROY6O5AAAX",
    "delta": 0.05884464616374988,
    "meta": {
      "action": "ignore_micro",
      "serverPos": {
        "x": 34.98932260550336,
        "y": 1,
        "z": -186.7297790571668
      },
      "replayPos": {
        "x": 34.98932260550336,
        "y": 1,
        "z": -186.7297790571668
      },
      "renderPos": {
        "x": 35.04645254719451,
        "y": 1,
        "z": -186.7438809061414
      },
      "pendingInputs": 2000,
      "firstPendingFrame": 12678,
      "lastProcessedFrame": 14673
    },
    "timestamp": 519086.59999999776
  },
  {
    "frame": 23720,
    "type": "server_correction",
    "id": "uZ6ut5Zch6ROY6O5AAAX",
    "delta": 0.05884464616374988,
    "meta": {
      "action": "ignore_micro",
      "serverPos": {
        "x": 34.98932260550336,
        "y": 1,
        "z": -186.7297790571668
      },
      "replayPos": {
        "x": 34.98932260550336,
        "y": 1,
        "z": -186.7297790571668
      },
      "renderPos": {
        "x": 35.04645254719451,
        "y": 1,
        "z": -186.7438809061414
      },
      "pendingInputs": 2000,
      "firstPendingFrame": 12679,
      "lastProcessedFrame": 14674
    },
    "timestamp": 519157.5
  },
  {
    "frame": 23723,
    "type": "server_correction",
    "id": "uZ6ut5Zch6ROY6O5AAAX",
    "delta": 0.05884464616374988,
    "meta": {
      "action": "ignore_micro",
      "serverPos": {
        "x": 34.98932260550336,
        "y": 1,
        "z": -186.7297790571668
      },
      "replayPos": {
        "x": 34.98932260550336,
        "y": 1,
        "z": -186.7297790571668
      },
      "renderPos": {
        "x": 35.04645254719451,
        "y": 1,
        "z": -186.7438809061414
      },
      "pendingInputs": 2000,
      "firstPendingFrame": 12680,
      "lastProcessedFrame": 14676
    },
    "timestamp": 519253.19999999925
  },
  {
    "frame": 23726,
    "type": "server_correction",
    "id": "uZ6ut5Zch6ROY6O5AAAX",
    "delta": 0.05884464616374988,
    "meta": {
      "action": "ignore_micro",
      "serverPos": {
        "x": 34.98932260550336,
        "y": 1,
        "z": -186.7297790571668
      },
      "replayPos": {
        "x": 34.98932260550336,
        "y": 1,
        "z": -186.7297790571668
      },
      "renderPos": {
        "x": 35.04645254719451,
        "y": 1,
        "z": -186.7438809061414
      },
      "pendingInputs": 2000,
      "firstPendingFrame": 12681,
      "lastProcessedFrame": 14677
    },
    "timestamp": 519277
  },
  {
    "frame": 23729,
    "type": "server_correction",
    "id": "uZ6ut5Zch6ROY6O5AAAX",
    "delta": 0.05884464616374988,
    "meta": {
      "action": "ignore_micro",
      "serverPos": {
        "x": 34.98932260550336,
        "y": 1,
        "z": -186.7297790571668
      },
      "replayPos": {
        "x": 34.98932260550336,
        "y": 1,
        "z": -186.7297790571668
      },
      "renderPos": {
        "x": 35.04645254719451,
        "y": 1,
        "z": -186.7438809061414
      },
      "pendingInputs": 2000,
      "firstPendingFrame": 12682,
      "lastProcessedFrame": 14678
    },
    "timestamp": 519348.69999999925
  },
  {
    "frame": 23735,
    "type": "server_correction",
    "id": "uZ6ut5Zch6ROY6O5AAAX",
    "delta": 0.05884464616374988,
    "meta": {
      "action": "ignore_micro",
      "serverPos": {
        "x": 34.98932260550336,
        "y": 1,
        "z": -186.7297790571668
      },
      "replayPos": {
        "x": 34.98932260550336,
        "y": 1,
        "z": -186.7297790571668
      },
      "renderPos": {
        "x": 35.04645254719451,
        "y": 1,
        "z": -186.7438809061414
      },
      "pendingInputs": 2000,
      "firstPendingFrame": 12685,
      "lastProcessedFrame": 14680
    },
    "timestamp": 519451.8999999985
  },
  {
    "frame": 23738,
    "type": "server_correction",
    "id": "uZ6ut5Zch6ROY6O5AAAX",
    "delta": 0.05884464616374988,
    "meta": {
      "action": "ignore_micro",
      "serverPos": {
        "x": 34.98932260550336,
        "y": 1,
        "z": -186.7297790571668
      },
      "replayPos": {
        "x": 34.98932260550336,
        "y": 1,
        "z": -186.7297790571668
      },
      "renderPos": {
        "x": 35.04645254719451,
        "y": 1,
        "z": -186.7438809061414
      },
      "pendingInputs": 2000,
      "firstPendingFrame": 12687,
      "lastProcessedFrame": 14681
    },
    "timestamp": 519500.19999999925
  },
  {
    "frame": 23741,
    "type": "server_correction",
    "id": "uZ6ut5Zch6ROY6O5AAAX",
    "delta": 0.05884464616374988,
    "meta": {
      "action": "ignore_micro",
      "serverPos": {
        "x": 34.98932260550336,
        "y": 1,
        "z": -186.7297790571668
      },
      "replayPos": {
        "x": 34.98932260550336,
        "y": 1,
        "z": -186.7297790571668
      },
      "renderPos": {
        "x": 35.04645254719451,
        "y": 1,
        "z": -186.7438809061414
      },
      "pendingInputs": 2000,
      "firstPendingFrame": 12689,
      "lastProcessedFrame": 14683
    },
    "timestamp": 519590.799999997
  },
  {
    "frame": 23744,
    "type": "server_correction",
    "id": "uZ6ut5Zch6ROY6O5AAAX",
    "delta": 0.05884464616374988,
    "meta": {
      "action": "ignore_micro",
      "serverPos": {
        "x": 34.98932260550336,
        "y": 1,
        "z": -186.7297790571668
      },
      "replayPos": {
        "x": 34.98932260550336,
        "y": 1,
        "z": -186.7297790571668
      },
      "renderPos": {
        "x": 35.04645254719451,
        "y": 1,
        "z": -186.7438809061414
      },
      "pendingInputs": 2000,
      "firstPendingFrame": 12689,
      "lastProcessedFrame": 14685
    },
    "timestamp": 519655.299999997
  },
  {
    "frame": 23747,
    "type": "server_correction",
    "id": "uZ6ut5Zch6ROY6O5AAAX",
    "delta": 0.05884464616374988,
    "meta": {
      "action": "ignore_micro",
      "serverPos": {
        "x": 34.98932260550336,
        "y": 1,
        "z": -186.7297790571668
      },
      "replayPos": {
        "x": 34.98932260550336,
        "y": 1,
        "z": -186.7297790571668
      },
      "renderPos": {
        "x": 35.04645254719451,
        "y": 1,
        "z": -186.7438809061414
      },
      "pendingInputs": 2000,
      "firstPendingFrame": 12690,
      "lastProcessedFrame": 14686
    },
    "timestamp": 519702.59999999776
  },
  {
    "frame": 23750,
    "type": "server_correction",
    "id": "uZ6ut5Zch6ROY6O5AAAX",
    "delta": 0.05884464616374988,
    "meta": {
      "action": "ignore_micro",
      "serverPos": {
        "x": 34.98932260550336,
        "y": 1,
        "z": -186.7297790571668
      },
      "replayPos": {
        "x": 34.98932260550336,
        "y": 1,
        "z": -186.7297790571668
      },
      "renderPos": {
        "x": 35.04645254719451,
        "y": 1,
        "z": -186.7438809061414
      },
      "pendingInputs": 2000,
      "firstPendingFrame": 12692,
      "lastProcessedFrame": 14687
    },
    "timestamp": 519764.5
  },
  {
    "frame": 23752,
    "type": "server_correction",
    "id": "uZ6ut5Zch6ROY6O5AAAX",
    "delta": 0.05884464616374988,
    "meta": {
      "action": "ignore_micro",
      "serverPos": {
        "x": 34.98932260550336,
        "y": 1,
        "z": -186.7297790571668
      },
      "replayPos": {
        "x": 34.98932260550336,
        "y": 1,
        "z": -186.7297790571668
      },
      "renderPos": {
        "x": 35.04645254719451,
        "y": 1,
        "z": -186.7438809061414
      },
      "pendingInputs": 2000,
      "firstPendingFrame": 12693,
      "lastProcessedFrame": 14688
    },
    "timestamp": 519796.799999997
  },
  {
    "frame": 23755,
    "type": "server_correction",
    "id": "uZ6ut5Zch6ROY6O5AAAX",
    "delta": 0.05884464616374988,
    "meta": {
      "action": "ignore_micro",
      "serverPos": {
        "x": 34.98932260550336,
        "y": 1,
        "z": -186.7297790571668
      },
      "replayPos": {
        "x": 34.98932260550336,
        "y": 1,
        "z": -186.7297790571668
      },
      "renderPos": {
        "x": 35.04645254719451,
        "y": 1,
        "z": -186.7438809061414
      },
      "pendingInputs": 2000,
      "firstPendingFrame": 12695,
      "lastProcessedFrame": 14689
    },
    "timestamp": 519844.799999997
  },
  {
    "frame": 23758,
    "type": "server_correction",
    "id": "uZ6ut5Zch6ROY6O5AAAX",
    "delta": 0.05884464616374988,
    "meta": {
      "action": "ignore_micro",
      "serverPos": {
        "x": 34.98932260550336,
        "y": 1,
        "z": -186.7297790571668
      },
      "replayPos": {
        "x": 34.98932260550336,
        "y": 1,
        "z": -186.7297790571668
      },
      "renderPos": {
        "x": 35.04645254719451,
        "y": 1,
        "z": -186.7438809061414
      },
      "pendingInputs": 2000,
      "firstPendingFrame": 12697,
      "lastProcessedFrame": 14691
    },
    "timestamp": 519953.19999999925
  },
  {
    "frame": 23762,
    "type": "server_correction",
    "id": "uZ6ut5Zch6ROY6O5AAAX",
    "delta": 0.05884464616374988,
    "meta": {
      "action": "ignore_micro",
      "serverPos": {
        "x": 34.98932260550336,
        "y": 1,
        "z": -186.7297790571668
      },
      "replayPos": {
        "x": 34.98932260550336,
        "y": 1,
        "z": -186.7297790571668
      },
      "renderPos": {
        "x": 35.04645254719451,
        "y": 1,
        "z": -186.7438809061414
      },
      "pendingInputs": 2000,
      "firstPendingFrame": 12699,
      "lastProcessedFrame": 14693
    },
    "timestamp": 519990.69999999925
  },
  {
    "frame": 23765,
    "type": "server_correction",
    "id": "uZ6ut5Zch6ROY6O5AAAX",
    "delta": 0.05884464616374988,
    "meta": {
      "action": "ignore_micro",
      "serverPos": {
        "x": 34.98932260550336,
        "y": 1,
        "z": -186.7297790571668
      },
      "replayPos": {
        "x": 34.98932260550336,
        "y": 1,
        "z": -186.7297790571668
      },
      "renderPos": {
        "x": 35.04645254719451,
        "y": 1,
        "z": -186.7438809061414
      },
      "pendingInputs": 2000,
      "firstPendingFrame": 12701,
      "lastProcessedFrame": 14695
    },
    "timestamp": 520092.3999999985
  },
  {
    "frame": 23768,
    "type": "server_correction",
    "id": "uZ6ut5Zch6ROY6O5AAAX",
    "delta": 0.05884464616374988,
    "meta": {
      "action": "ignore_micro",
      "serverPos": {
        "x": 34.98932260550336,
        "y": 1,
        "z": -186.7297790571668
      },
      "replayPos": {
        "x": 34.98932260550336,
        "y": 1,
        "z": -186.7297790571668
      },
      "renderPos": {
        "x": 35.04645254719451,
        "y": 1,
        "z": -186.7438809061414
      },
      "pendingInputs": 2000,
      "firstPendingFrame": 12703,
      "lastProcessedFrame": 14697
    },
    "timestamp": 520157.69999999925
  },
  {
    "frame": 23771,
    "type": "server_correction",
    "id": "uZ6ut5Zch6ROY6O5AAAX",
    "delta": 0.05884464616374988,
    "meta": {
      "action": "ignore_micro",
      "serverPos": {
        "x": 34.98932260550336,
        "y": 1,
        "z": -186.7297790571668
      },
      "replayPos": {
        "x": 34.98932260550336,
        "y": 1,
        "z": -186.7297790571668
      },
      "renderPos": {
        "x": 35.04645254719451,
        "y": 1,
        "z": -186.7438809061414
      },
      "pendingInputs": 2000,
      "firstPendingFrame": 12704,
      "lastProcessedFrame": 14699
    },
    "timestamp": 520211.799999997
  },
  {
    "frame": 23774,
    "type": "server_correction",
    "id": "uZ6ut5Zch6ROY6O5AAAX",
    "delta": 0.05884464616374988,
    "meta": {
      "action": "ignore_micro",
      "serverPos": {
        "x": 34.98932260550336,
        "y": 1,
        "z": -186.7297790571668
      },
      "replayPos": {
        "x": 34.98932260550336,
        "y": 1,
        "z": -186.7297790571668
      },
      "renderPos": {
        "x": 35.04645254719451,
        "y": 1,
        "z": -186.7438809061414
      },
      "pendingInputs": 2000,
      "firstPendingFrame": 12705,
      "lastProcessedFrame": 14701
    },
    "timestamp": 520253.09999999776
  },
  {
    "frame": 23777,
    "type": "server_correction",
    "id": "uZ6ut5Zch6ROY6O5AAAX",
    "delta": 0.05884464616374988,
    "meta": {
      "action": "ignore_micro",
      "serverPos": {
        "x": 34.98932260550336,
        "y": 1,
        "z": -186.7297790571668
      },
      "replayPos": {
        "x": 34.98932260550336,
        "y": 1,
        "z": -186.7297790571668
      },
      "renderPos": {
        "x": 35.04645254719451,
        "y": 1,
        "z": -186.7438809061414
      },
      "pendingInputs": 2000,
      "firstPendingFrame": 12708,
      "lastProcessedFrame": 14702
    },
    "timestamp": 520341.59999999776
  },
  {
    "frame": 23780,
    "type": "server_correction",
    "id": "uZ6ut5Zch6ROY6O5AAAX",
    "delta": 0.05884464616374988,
    "meta": {
      "action": "ignore_micro",
      "serverPos": {
        "x": 34.98932260550336,
        "y": 1,
        "z": -186.7297790571668
      },
      "replayPos": {
        "x": 34.98932260550336,
        "y": 1,
        "z": -186.7297790571668
      },
      "renderPos": {
        "x": 35.04645254719451,
        "y": 1,
        "z": -186.7438809061414
      },
      "pendingInputs": 2000,
      "firstPendingFrame": 12709,
      "lastProcessedFrame": 14704
    },
    "timestamp": 520363.59999999776
  },
  {
    "frame": 23783,
    "type": "server_correction",
    "id": "uZ6ut5Zch6ROY6O5AAAX",
    "delta": 0.05884464616374988,
    "meta": {
      "action": "ignore_micro",
      "serverPos": {
        "x": 34.98932260550336,
        "y": 1,
        "z": -186.7297790571668
      },
      "replayPos": {
        "x": 34.98932260550336,
        "y": 1,
        "z": -186.7297790571668
      },
      "renderPos": {
        "x": 35.04645254719451,
        "y": 1,
        "z": -186.7438809061414
      },
      "pendingInputs": 2000,
      "firstPendingFrame": 12712,
      "lastProcessedFrame": 14705
    },
    "timestamp": 520475.5
  },
  {
    "frame": 23786,
    "type": "server_correction",
    "id": "uZ6ut5Zch6ROY6O5AAAX",
    "delta": 0.05884464616374988,
    "meta": {
      "action": "ignore_micro",
      "serverPos": {
        "x": 34.98932260550336,
        "y": 1,
        "z": -186.7297790571668
      },
      "replayPos": {
        "x": 34.98932260550336,
        "y": 1,
        "z": -186.7297790571668
      },
      "renderPos": {
        "x": 35.04645254719451,
        "y": 1,
        "z": -186.7438809061414
      },
      "pendingInputs": 2000,
      "firstPendingFrame": 12714,
      "lastProcessedFrame": 14708
    },
    "timestamp": 520566.69999999925
  },
  {
    "frame": 23789,
    "type": "server_correction",
    "id": "uZ6ut5Zch6ROY6O5AAAX",
    "delta": 0.05884464616374988,
    "meta": {
      "action": "ignore_micro",
      "serverPos": {
        "x": 34.98932260550336,
        "y": 1,
        "z": -186.7297790571668
      },
      "replayPos": {
        "x": 34.98932260550336,
        "y": 1,
        "z": -186.7297790571668
      },
      "renderPos": {
        "x": 35.04645254719451,
        "y": 1,
        "z": -186.7438809061414
      },
      "pendingInputs": 2000,
      "firstPendingFrame": 12715,
      "lastProcessedFrame": 14710
    },
    "timestamp": 520586.299999997
  },
  {
    "frame": 23792,
    "type": "server_correction",
    "id": "uZ6ut5Zch6ROY6O5AAAX",
    "delta": 0.05884464616374988,
    "meta": {
      "action": "ignore_micro",
      "serverPos": {
        "x": 34.98932260550336,
        "y": 1,
        "z": -186.7297790571668
      },
      "replayPos": {
        "x": 34.98932260550336,
        "y": 1,
        "z": -186.7297790571668
      },
      "renderPos": {
        "x": 35.04645254719451,
        "y": 1,
        "z": -186.7438809061414
      },
      "pendingInputs": 2000,
      "firstPendingFrame": 12717,
      "lastProcessedFrame": 14712
    },
    "timestamp": 520642.299999997
  },
  {
    "frame": 23795,
    "type": "server_correction",
    "id": "uZ6ut5Zch6ROY6O5AAAX",
    "delta": 0.05884464616374988,
    "meta": {
      "action": "ignore_micro",
      "serverPos": {
        "x": 34.98932260550336,
        "y": 1,
        "z": -186.7297790571668
      },
      "replayPos": {
        "x": 34.98932260550336,
        "y": 1,
        "z": -186.7297790571668
      },
      "renderPos": {
        "x": 35.04645254719451,
        "y": 1,
        "z": -186.7438809061414
      },
      "pendingInputs": 2000,
      "firstPendingFrame": 12719,
      "lastProcessedFrame": 14713
    },
    "timestamp": 520715.299999997
  },
  {
    "frame": 23798,
    "type": "server_correction",
    "id": "uZ6ut5Zch6ROY6O5AAAX",
    "delta": 0.05884464616374988,
    "meta": {
      "action": "ignore_micro",
      "serverPos": {
        "x": 34.98932260550336,
        "y": 1,
        "z": -186.7297790571668
      },
      "replayPos": {
        "x": 34.98932260550336,
        "y": 1,
        "z": -186.7297790571668
      },
      "renderPos": {
        "x": 35.04645254719451,
        "y": 1,
        "z": -186.7438809061414
      },
      "pendingInputs": 2000,
      "firstPendingFrame": 12721,
      "lastProcessedFrame": 14715
    },
    "timestamp": 520752.8999999985
  },
  {
    "frame": 23801,
    "type": "server_correction",
    "id": "uZ6ut5Zch6ROY6O5AAAX",
    "delta": 0.05884464616374988,
    "meta": {
      "action": "ignore_micro",
      "serverPos": {
        "x": 34.98932260550336,
        "y": 1,
        "z": -186.7297790571668
      },
      "replayPos": {
        "x": 34.98932260550336,
        "y": 1,
        "z": -186.7297790571668
      },
      "renderPos": {
        "x": 35.04645254719451,
        "y": 1,
        "z": -186.7438809061414
      },
      "pendingInputs": 2000,
      "firstPendingFrame": 12724,
      "lastProcessedFrame": 14717
    },
    "timestamp": 520823.299999997
  },
  {
    "frame": 23804,
    "type": "server_correction",
    "id": "uZ6ut5Zch6ROY6O5AAAX",
    "delta": 0.05884464616374988,
    "meta": {
      "action": "ignore_micro",
      "serverPos": {
        "x": 34.98932260550336,
        "y": 1,
        "z": -186.7297790571668
      },
      "replayPos": {
        "x": 34.98932260550336,
        "y": 1,
        "z": -186.7297790571668
      },
      "renderPos": {
        "x": 35.04645254719451,
        "y": 1,
        "z": -186.7438809061414
      },
      "pendingInputs": 2000,
      "firstPendingFrame": 12727,
      "lastProcessedFrame": 14718
    },
    "timestamp": 520931.8999999985
  },
  {
    "frame": 23807,
    "type": "server_correction",
    "id": "uZ6ut5Zch6ROY6O5AAAX",
    "delta": 0.05884464616374988,
    "meta": {
      "action": "ignore_micro",
      "serverPos": {
        "x": 34.98932260550336,
        "y": 1,
        "z": -186.7297790571668
      },
      "replayPos": {
        "x": 34.98932260550336,
        "y": 1,
        "z": -186.7297790571668
      },
      "renderPos": {
        "x": 35.04645254719451,
        "y": 1,
        "z": -186.7438809061414
      },
      "pendingInputs": 2000,
      "firstPendingFrame": 12728,
      "lastProcessedFrame": 14719
    },
    "timestamp": 520951.8999999985
  },
  {
    "frame": 23810,
    "type": "server_correction",
    "id": "uZ6ut5Zch6ROY6O5AAAX",
    "delta": 0.05884464616374988,
    "meta": {
      "action": "ignore_micro",
      "serverPos": {
        "x": 34.98932260550336,
        "y": 1,
        "z": -186.7297790571668
      },
      "replayPos": {
        "x": 34.98932260550336,
        "y": 1,
        "z": -186.7297790571668
      },
      "renderPos": {
        "x": 35.04645254719451,
        "y": 1,
        "z": -186.7438809061414
      },
      "pendingInputs": 2000,
      "firstPendingFrame": 12729,
      "lastProcessedFrame": 14724
    },
    "timestamp": 521043.09999999776
  },
  {
    "frame": 23813,
    "type": "server_correction",
    "id": "uZ6ut5Zch6ROY6O5AAAX",
    "delta": 0.05884464616374988,
    "meta": {
      "action": "ignore_micro",
      "serverPos": {
        "x": 34.98932260550336,
        "y": 1,
        "z": -186.7297790571668
      },
      "replayPos": {
        "x": 34.98932260550336,
        "y": 1,
        "z": -186.7297790571668
      },
      "renderPos": {
        "x": 35.04645254719451,
        "y": 1,
        "z": -186.7438809061414
      },
      "pendingInputs": 2000,
      "firstPendingFrame": 12731,
      "lastProcessedFrame": 14726
    },
    "timestamp": 521085.69999999925
  },
  {
    "frame": 23816,
    "type": "server_correction",
    "id": "uZ6ut5Zch6ROY6O5AAAX",
    "delta": 0.05884464616374988,
    "meta": {
      "action": "ignore_micro",
      "serverPos": {
        "x": 34.98932260550336,
        "y": 1,
        "z": -186.7297790571668
      },
      "replayPos": {
        "x": 34.98932260550336,
        "y": 1,
        "z": -186.7297790571668
      },
      "renderPos": {
        "x": 35.04645254719451,
        "y": 1,
        "z": -186.7438809061414
      },
      "pendingInputs": 2000,
      "firstPendingFrame": 12733,
      "lastProcessedFrame": 14727
    },
    "timestamp": 521169
  },
  {
    "frame": 23819,
    "type": "server_correction",
    "id": "uZ6ut5Zch6ROY6O5AAAX",
    "delta": 0.05884464616374988,
    "meta": {
      "action": "ignore_micro",
      "serverPos": {
        "x": 34.98932260550336,
        "y": 1,
        "z": -186.7297790571668
      },
      "replayPos": {
        "x": 34.98932260550336,
        "y": 1,
        "z": -186.7297790571668
      },
      "renderPos": {
        "x": 35.04645254719451,
        "y": 1,
        "z": -186.7438809061414
      },
      "pendingInputs": 2000,
      "firstPendingFrame": 12735,
      "lastProcessedFrame": 14728
    },
    "timestamp": 521220.299999997
  },
  {
    "frame": 23822,
    "type": "server_correction",
    "id": "uZ6ut5Zch6ROY6O5AAAX",
    "delta": 0.05884464616374988,
    "meta": {
      "action": "ignore_micro",
      "serverPos": {
        "x": 34.98932260550336,
        "y": 1,
        "z": -186.7297790571668
      },
      "replayPos": {
        "x": 34.98932260550336,
        "y": 1,
        "z": -186.7297790571668
      },
      "renderPos": {
        "x": 35.04645254719451,
        "y": 1,
        "z": -186.7438809061414
      },
      "pendingInputs": 2000,
      "firstPendingFrame": 12736,
      "lastProcessedFrame": 14730
    },
    "timestamp": 521304.3999999985
  },
  {
    "frame": 23825,
    "type": "server_correction",
    "id": "uZ6ut5Zch6ROY6O5AAAX",
    "delta": 0.05884464616374988,
    "meta": {
      "action": "ignore_micro",
      "serverPos": {
        "x": 34.98932260550336,
        "y": 1,
        "z": -186.7297790571668
      },
      "replayPos": {
        "x": 34.98932260550336,
        "y": 1,
        "z": -186.7297790571668
      },
      "renderPos": {
        "x": 35.04645254719451,
        "y": 1,
        "z": -186.7438809061414
      },
      "pendingInputs": 2000,
      "firstPendingFrame": 12738,
      "lastProcessedFrame": 14733
    },
    "timestamp": 521354.19999999925
  },
  {
    "frame": 23827,
    "type": "server_correction",
    "id": "uZ6ut5Zch6ROY6O5AAAX",
    "delta": 0.05884464616374988,
    "meta": {
      "action": "ignore_micro",
      "serverPos": {
        "x": 34.98932260550336,
        "y": 1,
        "z": -186.7297790571668
      },
      "replayPos": {
        "x": 34.98932260550336,
        "y": 1,
        "z": -186.7297790571668
      },
      "renderPos": {
        "x": 35.04645254719451,
        "y": 1,
        "z": -186.7438809061414
      },
      "pendingInputs": 2000,
      "firstPendingFrame": 12740,
      "lastProcessedFrame": 14734
    },
    "timestamp": 521441.59999999776
  },
  {
    "frame": 23830,
    "type": "server_correction",
    "id": "uZ6ut5Zch6ROY6O5AAAX",
    "delta": 0.05884464616374988,
    "meta": {
      "action": "ignore_micro",
      "serverPos": {
        "x": 34.98932260550336,
        "y": 1,
        "z": -186.7297790571668
      },
      "replayPos": {
        "x": 34.98932260550336,
        "y": 1,
        "z": -186.7297790571668
      },
      "renderPos": {
        "x": 35.04645254719451,
        "y": 1,
        "z": -186.7438809061414
      },
      "pendingInputs": 2000,
      "firstPendingFrame": 12742,
      "lastProcessedFrame": 14736
    },
    "timestamp": 521551.8999999985
  },
  {
    "frame": 23833,
    "type": "server_correction",
    "id": "uZ6ut5Zch6ROY6O5AAAX",
    "delta": 0.05884464616374988,
    "meta": {
      "action": "ignore_micro",
      "serverPos": {
        "x": 34.98932260550336,
        "y": 1,
        "z": -186.7297790571668
      },
      "replayPos": {
        "x": 34.98932260550336,
        "y": 1,
        "z": -186.7297790571668
      },
      "renderPos": {
        "x": 35.04645254719451,
        "y": 1,
        "z": -186.7438809061414
      },
      "pendingInputs": 2000,
      "firstPendingFrame": 12743,
      "lastProcessedFrame": 14737
    },
    "timestamp": 521578.5
  },
  {
    "frame": 23836,
    "type": "server_correction",
    "id": "uZ6ut5Zch6ROY6O5AAAX",
    "delta": 0.05884464616374988,
    "meta": {
      "action": "ignore_micro",
      "serverPos": {
        "x": 34.98932260550336,
        "y": 1,
        "z": -186.7297790571668
      },
      "replayPos": {
        "x": 34.98932260550336,
        "y": 1,
        "z": -186.7297790571668
      },
      "renderPos": {
        "x": 35.04645254719451,
        "y": 1,
        "z": -186.7438809061414
      },
      "pendingInputs": 2000,
      "firstPendingFrame": 12744,
      "lastProcessedFrame": 14738
    },
    "timestamp": 521659.299999997
  },
  {
    "frame": 23839,
    "type": "server_correction",
    "id": "uZ6ut5Zch6ROY6O5AAAX",
    "delta": 0.05884464616374988,
    "meta": {
      "action": "ignore_micro",
      "serverPos": {
        "x": 34.98932260550336,
        "y": 1,
        "z": -186.7297790571668
      },
      "replayPos": {
        "x": 34.98932260550336,
        "y": 1,
        "z": -186.7297790571668
      },
      "renderPos": {
        "x": 35.04645254719451,
        "y": 1,
        "z": -186.7438809061414
      },
      "pendingInputs": 2000,
      "firstPendingFrame": 12745,
      "lastProcessedFrame": 14740
    },
    "timestamp": 521679.59999999776
  },
  {
    "frame": 23842,
    "type": "server_correction",
    "id": "uZ6ut5Zch6ROY6O5AAAX",
    "delta": 0.05884464616374988,
    "meta": {
      "action": "ignore_micro",
      "serverPos": {
        "x": 34.98932260550336,
        "y": 1,
        "z": -186.7297790571668
      },
      "replayPos": {
        "x": 34.98932260550336,
        "y": 1,
        "z": -186.7297790571668
      },
      "renderPos": {
        "x": 35.04645254719451,
        "y": 1,
        "z": -186.7438809061414
      },
      "pendingInputs": 2000,
      "firstPendingFrame": 12746,
      "lastProcessedFrame": 14741
    },
    "timestamp": 521709.59999999776
  },
  {
    "frame": 23845,
    "type": "server_correction",
    "id": "uZ6ut5Zch6ROY6O5AAAX",
    "delta": 0.05884464616374988,
    "meta": {
      "action": "ignore_micro",
      "serverPos": {
        "x": 34.98932260550336,
        "y": 1,
        "z": -186.7297790571668
      },
      "replayPos": {
        "x": 34.98932260550336,
        "y": 1,
        "z": -186.7297790571668
      },
      "renderPos": {
        "x": 35.04645254719451,
        "y": 1,
        "z": -186.7438809061414
      },
      "pendingInputs": 2000,
      "firstPendingFrame": 12749,
      "lastProcessedFrame": 14742
    },
    "timestamp": 521848.09999999776
  },
  {
    "frame": 23848,
    "type": "server_correction",
    "id": "uZ6ut5Zch6ROY6O5AAAX",
    "delta": 0.05884464616374988,
    "meta": {
      "action": "ignore_micro",
      "serverPos": {
        "x": 34.98932260550336,
        "y": 1,
        "z": -186.7297790571668
      },
      "replayPos": {
        "x": 34.98932260550336,
        "y": 1,
        "z": -186.7297790571668
      },
      "renderPos": {
        "x": 35.04645254719451,
        "y": 1,
        "z": -186.7438809061414
      },
      "pendingInputs": 2000,
      "firstPendingFrame": 12749,
      "lastProcessedFrame": 14743
    },
    "timestamp": 521854.5
  },
  {
    "frame": 23851,
    "type": "server_correction",
    "id": "uZ6ut5Zch6ROY6O5AAAX",
    "delta": 0.05884464616374988,
    "meta": {
      "action": "ignore_micro",
      "serverPos": {
        "x": 34.98932260550336,
        "y": 1,
        "z": -186.7297790571668
      },
      "replayPos": {
        "x": 34.98932260550336,
        "y": 1,
        "z": -186.7297790571668
      },
      "renderPos": {
        "x": 35.04645254719451,
        "y": 1,
        "z": -186.7438809061414
      },
      "pendingInputs": 2000,
      "firstPendingFrame": 12750,
      "lastProcessedFrame": 14745
    },
    "timestamp": 521923.69999999925
  },
  {
    "frame": 23854,
    "type": "server_correction",
    "id": "uZ6ut5Zch6ROY6O5AAAX",
    "delta": 0.05884464616374988,
    "meta": {
      "action": "ignore_micro",
      "serverPos": {
        "x": 34.98932260550336,
        "y": 1,
        "z": -186.7297790571668
      },
      "replayPos": {
        "x": 34.98932260550336,
        "y": 1,
        "z": -186.7297790571668
      },
      "renderPos": {
        "x": 35.04645254719451,
        "y": 1,
        "z": -186.7438809061414
      },
      "pendingInputs": 2000,
      "firstPendingFrame": 12751,
      "lastProcessedFrame": 14746
    },
    "timestamp": 521937.69999999925
  },
  {
    "frame": 23857,
    "type": "server_correction",
    "id": "uZ6ut5Zch6ROY6O5AAAX",
    "delta": 0.05884464616374988,
    "meta": {
      "action": "ignore_micro",
      "serverPos": {
        "x": 34.98932260550336,
        "y": 1,
        "z": -186.7297790571668
      },
      "replayPos": {
        "x": 34.98932260550336,
        "y": 1,
        "z": -186.7297790571668
      },
      "renderPos": {
        "x": 35.04645254719451,
        "y": 1,
        "z": -186.7438809061414
      },
      "pendingInputs": 2000,
      "firstPendingFrame": 12752,
      "lastProcessedFrame": 14748
    },
    "timestamp": 521988.799999997
  },
  {
    "frame": 23859,
    "type": "server_correction",
    "id": "uZ6ut5Zch6ROY6O5AAAX",
    "delta": 0.05884464616374988,
    "meta": {
      "action": "ignore_micro",
      "serverPos": {
        "x": 34.98932260550336,
        "y": 1,
        "z": -186.7297790571668
      },
      "replayPos": {
        "x": 34.98932260550336,
        "y": 1,
        "z": -186.7297790571668
      },
      "renderPos": {
        "x": 35.04645254719451,
        "y": 1,
        "z": -186.7438809061414
      },
      "pendingInputs": 2000,
      "firstPendingFrame": 12754,
      "lastProcessedFrame": 14749
    },
    "timestamp": 522083.799999997
  },
  {
    "frame": 23862,
    "type": "server_correction",
    "id": "uZ6ut5Zch6ROY6O5AAAX",
    "delta": 0.05884464616374988,
    "meta": {
      "action": "ignore_micro",
      "serverPos": {
        "x": 34.98932260550336,
        "y": 1,
        "z": -186.7297790571668
      },
      "replayPos": {
        "x": 34.98932260550336,
        "y": 1,
        "z": -186.7297790571668
      },
      "renderPos": {
        "x": 35.04645254719451,
        "y": 1,
        "z": -186.7438809061414
      },
      "pendingInputs": 2000,
      "firstPendingFrame": 12755,
      "lastProcessedFrame": 14750
    },
    "timestamp": 522104.69999999925
  },
  {
    "frame": 23865,
    "type": "server_correction",
    "id": "uZ6ut5Zch6ROY6O5AAAX",
    "delta": 0.05884464616374988,
    "meta": {
      "action": "ignore_micro",
      "serverPos": {
        "x": 34.98932260550336,
        "y": 1,
        "z": -186.7297790571668
      },
      "replayPos": {
        "x": 34.98932260550336,
        "y": 1,
        "z": -186.7297790571668
      },
      "renderPos": {
        "x": 35.04645254719451,
        "y": 1,
        "z": -186.7438809061414
      },
      "pendingInputs": 2000,
      "firstPendingFrame": 12757,
      "lastProcessedFrame": 14751
    },
    "timestamp": 522198.299999997
  },
  {
    "frame": 23867,
    "type": "server_correction",
    "id": "uZ6ut5Zch6ROY6O5AAAX",
    "delta": 0.05884464616374988,
    "meta": {
      "action": "ignore_micro",
      "serverPos": {
        "x": 34.98932260550336,
        "y": 1,
        "z": -186.7297790571668
      },
      "replayPos": {
        "x": 34.98932260550336,
        "y": 1,
        "z": -186.7297790571668
      },
      "renderPos": {
        "x": 35.04645254719451,
        "y": 1,
        "z": -186.7438809061414
      },
      "pendingInputs": 2000,
      "firstPendingFrame": 12758,
      "lastProcessedFrame": 14752
    },
    "timestamp": 522243
  },
  {
    "frame": 23870,
    "type": "server_correction",
    "id": "uZ6ut5Zch6ROY6O5AAAX",
    "delta": 0.05884464616374988,
    "meta": {
      "action": "ignore_micro",
      "serverPos": {
        "x": 34.98932260550336,
        "y": 1,
        "z": -186.7297790571668
      },
      "replayPos": {
        "x": 34.98932260550336,
        "y": 1,
        "z": -186.7297790571668
      },
      "renderPos": {
        "x": 35.04645254719451,
        "y": 1,
        "z": -186.7438809061414
      },
      "pendingInputs": 2000,
      "firstPendingFrame": 12759,
      "lastProcessedFrame": 14754
    },
    "timestamp": 522267.3999999985
  },
  {
    "frame": 23873,
    "type": "server_correction",
    "id": "uZ6ut5Zch6ROY6O5AAAX",
    "delta": 0.05884464616374988,
    "meta": {
      "action": "ignore_micro",
      "serverPos": {
        "x": 34.98932260550336,
        "y": 1,
        "z": -186.7297790571668
      },
      "replayPos": {
        "x": 34.98932260550336,
        "y": 1,
        "z": -186.7297790571668
      },
      "renderPos": {
        "x": 35.04645254719451,
        "y": 1,
        "z": -186.7438809061414
      },
      "pendingInputs": 2000,
      "firstPendingFrame": 12761,
      "lastProcessedFrame": 14756
    },
    "timestamp": 522380.69999999925
  },
  {
    "frame": 23879,
    "type": "server_correction",
    "id": "uZ6ut5Zch6ROY6O5AAAX",
    "delta": 0.05884464616374988,
    "meta": {
      "action": "ignore_micro",
      "serverPos": {
        "x": 34.98932260550336,
        "y": 1,
        "z": -186.7297790571668
      },
      "replayPos": {
        "x": 34.98932260550336,
        "y": 1,
        "z": -186.7297790571668
      },
      "renderPos": {
        "x": 35.04645254719451,
        "y": 1,
        "z": -186.7438809061414
      },
      "pendingInputs": 2000,
      "firstPendingFrame": 12763,
      "lastProcessedFrame": 14758
    },
    "timestamp": 522481.799999997
  },
  {
    "frame": 23882,
    "type": "server_correction",
    "id": "uZ6ut5Zch6ROY6O5AAAX",
    "delta": 0.05884464616374988,
    "meta": {
      "action": "ignore_micro",
      "serverPos": {
        "x": 34.98932260550336,
        "y": 1,
        "z": -186.7297790571668
      },
      "replayPos": {
        "x": 34.98932260550336,
        "y": 1,
        "z": -186.7297790571668
      },
      "renderPos": {
        "x": 35.04645254719451,
        "y": 1,
        "z": -186.7438809061414
      },
      "pendingInputs": 2000,
      "firstPendingFrame": 12765,
      "lastProcessedFrame": 14759
    },
    "timestamp": 522567.69999999925
  },
  {
    "frame": 23885,
    "type": "server_correction",
    "id": "uZ6ut5Zch6ROY6O5AAAX",
    "delta": 0.05884464616374988,
    "meta": {
      "action": "ignore_micro",
      "serverPos": {
        "x": 34.98932260550336,
        "y": 1,
        "z": -186.7297790571668
      },
      "replayPos": {
        "x": 34.98932260550336,
        "y": 1,
        "z": -186.7297790571668
      },
      "renderPos": {
        "x": 35.04645254719451,
        "y": 1,
        "z": -186.7438809061414
      },
      "pendingInputs": 2000,
      "firstPendingFrame": 12766,
      "lastProcessedFrame": 14760
    },
    "timestamp": 522588.799999997
  },
  {
    "frame": 23889,
    "type": "server_correction",
    "id": "uZ6ut5Zch6ROY6O5AAAX",
    "delta": 0.05884464616374988,
    "meta": {
      "action": "ignore_micro",
      "serverPos": {
        "x": 34.98932260550336,
        "y": 1,
        "z": -186.7297790571668
      },
      "replayPos": {
        "x": 34.98932260550336,
        "y": 1,
        "z": -186.7297790571668
      },
      "renderPos": {
        "x": 35.04645254719451,
        "y": 1,
        "z": -186.7438809061414
      },
      "pendingInputs": 2000,
      "firstPendingFrame": 12768,
      "lastProcessedFrame": 14762
    },
    "timestamp": 522708.3999999985
  },
  {
    "frame": 23892,
    "type": "server_correction",
    "id": "uZ6ut5Zch6ROY6O5AAAX",
    "delta": 0.05884464616374988,
    "meta": {
      "action": "ignore_micro",
      "serverPos": {
        "x": 34.98932260550336,
        "y": 1,
        "z": -186.7297790571668
      },
      "replayPos": {
        "x": 34.98932260550336,
        "y": 1,
        "z": -186.7297790571668
      },
      "renderPos": {
        "x": 35.04645254719451,
        "y": 1,
        "z": -186.7438809061414
      },
      "pendingInputs": 2000,
      "firstPendingFrame": 12769,
      "lastProcessedFrame": 14763
    },
    "timestamp": 522717.19999999925
  },
  {
    "frame": 23895,
    "type": "server_correction",
    "id": "uZ6ut5Zch6ROY6O5AAAX",
    "delta": 0.05884464616374988,
    "meta": {
      "action": "ignore_micro",
      "serverPos": {
        "x": 34.98932260550336,
        "y": 1,
        "z": -186.7297790571668
      },
      "replayPos": {
        "x": 34.98932260550336,
        "y": 1,
        "z": -186.7297790571668
      },
      "renderPos": {
        "x": 35.04645254719451,
        "y": 1,
        "z": -186.7438809061414
      },
      "pendingInputs": 2000,
      "firstPendingFrame": 12770,
      "lastProcessedFrame": 14766
    },
    "timestamp": 522793.19999999925
  },
  {
    "frame": 23901,
    "type": "server_correction",
    "id": "uZ6ut5Zch6ROY6O5AAAX",
    "delta": 0.05884464616374988,
    "meta": {
      "action": "ignore_micro",
      "serverPos": {
        "x": 34.98932260550336,
        "y": 1,
        "z": -186.7297790571668
      },
      "replayPos": {
        "x": 34.98932260550336,
        "y": 1,
        "z": -186.7297790571668
      },
      "renderPos": {
        "x": 35.04645254719451,
        "y": 1,
        "z": -186.7438809061414
      },
      "pendingInputs": 2000,
      "firstPendingFrame": 12772,
      "lastProcessedFrame": 14767
    },
    "timestamp": 522934.09999999776
  },
  {
    "frame": 23904,
    "type": "server_correction",
    "id": "uZ6ut5Zch6ROY6O5AAAX",
    "delta": 0.05884464616374988,
    "meta": {
      "action": "ignore_micro",
      "serverPos": {
        "x": 34.98932260550336,
        "y": 1,
        "z": -186.7297790571668
      },
      "replayPos": {
        "x": 34.98932260550336,
        "y": 1,
        "z": -186.7297790571668
      },
      "renderPos": {
        "x": 35.04645254719451,
        "y": 1,
        "z": -186.7438809061414
      },
      "pendingInputs": 2000,
      "firstPendingFrame": 12773,
      "lastProcessedFrame": 14769
    },
    "timestamp": 522956.5
  },
  {
    "frame": 23909,
    "type": "server_correction",
    "id": "uZ6ut5Zch6ROY6O5AAAX",
    "delta": 0.05884464616374988,
    "meta": {
      "action": "ignore_micro",
      "serverPos": {
        "x": 34.98932260550336,
        "y": 1,
        "z": -186.7297790571668
      },
      "replayPos": {
        "x": 34.98932260550336,
        "y": 1,
        "z": -186.7297790571668
      },
      "renderPos": {
        "x": 35.04645254719451,
        "y": 1,
        "z": -186.7438809061414
      },
      "pendingInputs": 2000,
      "firstPendingFrame": 12777,
      "lastProcessedFrame": 14770
    },
    "timestamp": 523106.19999999925
  },
  {
    "frame": 23911,
    "type": "server_correction",
    "id": "uZ6ut5Zch6ROY6O5AAAX",
    "delta": 0.05884464616374988,
    "meta": {
      "action": "ignore_micro",
      "serverPos": {
        "x": 34.98932260550336,
        "y": 1,
        "z": -186.7297790571668
      },
      "replayPos": {
        "x": 34.98932260550336,
        "y": 1,
        "z": -186.7297790571668
      },
      "renderPos": {
        "x": 35.04645254719451,
        "y": 1,
        "z": -186.7438809061414
      },
      "pendingInputs": 2000,
      "firstPendingFrame": 12777,
      "lastProcessedFrame": 14772
    },
    "timestamp": 523113.299999997
  },
  {
    "frame": 23914,
    "type": "server_correction",
    "id": "uZ6ut5Zch6ROY6O5AAAX",
    "delta": 0.05884464616374988,
    "meta": {
      "action": "ignore_micro",
      "serverPos": {
        "x": 34.98932260550336,
        "y": 1,
        "z": -186.7297790571668
      },
      "replayPos": {
        "x": 34.98932260550336,
        "y": 1,
        "z": -186.7297790571668
      },
      "renderPos": {
        "x": 35.04645254719451,
        "y": 1,
        "z": -186.7438809061414
      },
      "pendingInputs": 2000,
      "firstPendingFrame": 12780,
      "lastProcessedFrame": 14773
    },
    "timestamp": 523217.8999999985
  },
  {
    "frame": 23917,
    "type": "server_correction",
    "id": "uZ6ut5Zch6ROY6O5AAAX",
    "delta": 0.05884464616374988,
    "meta": {
      "action": "ignore_micro",
      "serverPos": {
        "x": 34.98932260550336,
        "y": 1,
        "z": -186.7297790571668
      },
      "replayPos": {
        "x": 34.98932260550336,
        "y": 1,
        "z": -186.7297790571668
      },
      "renderPos": {
        "x": 35.04645254719451,
        "y": 1,
        "z": -186.7438809061414
      },
      "pendingInputs": 2000,
      "firstPendingFrame": 12780,
      "lastProcessedFrame": 14775
    },
    "timestamp": 523226
  },
  {
    "frame": 23920,
    "type": "server_correction",
    "id": "uZ6ut5Zch6ROY6O5AAAX",
    "delta": 0.05884464616374988,
    "meta": {
      "action": "ignore_micro",
      "serverPos": {
        "x": 34.98932260550336,
        "y": 1,
        "z": -186.7297790571668
      },
      "replayPos": {
        "x": 34.98932260550336,
        "y": 1,
        "z": -186.7297790571668
      },
      "renderPos": {
        "x": 35.04645254719451,
        "y": 1,
        "z": -186.7438809061414
      },
      "pendingInputs": 2000,
      "firstPendingFrame": 12781,
      "lastProcessedFrame": 14776
    },
    "timestamp": 523324.69999999925
  },
  {
    "frame": 23923,
    "type": "server_correction",
    "id": "uZ6ut5Zch6ROY6O5AAAX",
    "delta": 0.05884464616374988,
    "meta": {
      "action": "ignore_micro",
      "serverPos": {
        "x": 34.98932260550336,
        "y": 1,
        "z": -186.7297790571668
      },
      "replayPos": {
        "x": 34.98932260550336,
        "y": 1,
        "z": -186.7297790571668
      },
      "renderPos": {
        "x": 35.04645254719451,
        "y": 1,
        "z": -186.7438809061414
      },
      "pendingInputs": 2000,
      "firstPendingFrame": 12782,
      "lastProcessedFrame": 14778
    },
    "timestamp": 523345.19999999925
  },
  {
    "frame": 23926,
    "type": "server_correction",
    "id": "uZ6ut5Zch6ROY6O5AAAX",
    "delta": 0.05884464616374988,
    "meta": {
      "action": "ignore_micro",
      "serverPos": {
        "x": 34.98932260550336,
        "y": 1,
        "z": -186.7297790571668
      },
      "replayPos": {
        "x": 34.98932260550336,
        "y": 1,
        "z": -186.7297790571668
      },
      "renderPos": {
        "x": 35.04645254719451,
        "y": 1,
        "z": -186.7438809061414
      },
      "pendingInputs": 2000,
      "firstPendingFrame": 12784,
      "lastProcessedFrame": 14779
    },
    "timestamp": 523450.5
  },
  {
    "frame": 23929,
    "type": "server_correction",
    "id": "uZ6ut5Zch6ROY6O5AAAX",
    "delta": 0.05884464616374988,
    "meta": {
      "action": "ignore_micro",
      "serverPos": {
        "x": 34.98932260550336,
        "y": 1,
        "z": -186.7297790571668
      },
      "replayPos": {
        "x": 34.98932260550336,
        "y": 1,
        "z": -186.7297790571668
      },
      "renderPos": {
        "x": 35.04645254719451,
        "y": 1,
        "z": -186.7438809061414
      },
      "pendingInputs": 2000,
      "firstPendingFrame": 12785,
      "lastProcessedFrame": 14780
    },
    "timestamp": 523470.09999999776
  },
  {
    "frame": 23932,
    "type": "server_correction",
    "id": "uZ6ut5Zch6ROY6O5AAAX",
    "delta": 0.05884464616374988,
    "meta": {
      "action": "ignore_micro",
      "serverPos": {
        "x": 34.98932260550336,
        "y": 1,
        "z": -186.7297790571668
      },
      "replayPos": {
        "x": 34.98932260550336,
        "y": 1,
        "z": -186.7297790571668
      },
      "renderPos": {
        "x": 35.04645254719451,
        "y": 1,
        "z": -186.7438809061414
      },
      "pendingInputs": 2000,
      "firstPendingFrame": 12787,
      "lastProcessedFrame": 14781
    },
    "timestamp": 523507.09999999776
  },
  {
    "frame": 23935,
    "type": "server_correction",
    "id": "uZ6ut5Zch6ROY6O5AAAX",
    "delta": 0.05884464616374988,
    "meta": {
      "action": "ignore_micro",
      "serverPos": {
        "x": 34.98932260550336,
        "y": 1,
        "z": -186.7297790571668
      },
      "replayPos": {
        "x": 34.98932260550336,
        "y": 1,
        "z": -186.7297790571668
      },
      "renderPos": {
        "x": 35.04645254719451,
        "y": 1,
        "z": -186.7438809061414
      },
      "pendingInputs": 2000,
      "firstPendingFrame": 12791,
      "lastProcessedFrame": 14782
    },
    "timestamp": 523621.59999999776
  },
  {
    "frame": 23938,
    "type": "server_correction",
    "id": "uZ6ut5Zch6ROY6O5AAAX",
    "delta": 0.05884464616374988,
    "meta": {
      "action": "ignore_micro",
      "serverPos": {
        "x": 34.98932260550336,
        "y": 1,
        "z": -186.7297790571668
      },
      "replayPos": {
        "x": 34.98932260550336,
        "y": 1,
        "z": -186.7297790571668
      },
      "renderPos": {
        "x": 35.04645254719451,
        "y": 1,
        "z": -186.7438809061414
      },
      "pendingInputs": 2000,
      "firstPendingFrame": 12791,
      "lastProcessedFrame": 14784
    },
    "timestamp": 523628.5
  },
  {
    "frame": 23941,
    "type": "server_correction",
    "id": "uZ6ut5Zch6ROY6O5AAAX",
    "delta": 0.05884464616374988,
    "meta": {
      "action": "ignore_micro",
      "serverPos": {
        "x": 34.98932260550336,
        "y": 1,
        "z": -186.7297790571668
      },
      "replayPos": {
        "x": 34.98932260550336,
        "y": 1,
        "z": -186.7297790571668
      },
      "renderPos": {
        "x": 35.04645254719451,
        "y": 1,
        "z": -186.7438809061414
      },
      "pendingInputs": 2000,
      "firstPendingFrame": 12792,
      "lastProcessedFrame": 14786
    },
    "timestamp": 523718.69999999925
  },
  {
    "frame": 23944,
    "type": "server_correction",
    "id": "uZ6ut5Zch6ROY6O5AAAX",
    "delta": 0.05884464616374988,
    "meta": {
      "action": "ignore_micro",
      "serverPos": {
        "x": 34.98932260550336,
        "y": 1,
        "z": -186.7297790571668
      },
      "replayPos": {
        "x": 34.98932260550336,
        "y": 1,
        "z": -186.7297790571668
      },
      "renderPos": {
        "x": 35.04645254719451,
        "y": 1,
        "z": -186.7438809061414
      },
      "pendingInputs": 2000,
      "firstPendingFrame": 12793,
      "lastProcessedFrame": 14788
    },
    "timestamp": 523751
  },
  {
    "frame": 23947,
    "type": "server_correction",
    "id": "uZ6ut5Zch6ROY6O5AAAX",
    "delta": 0.05884464616374988,
    "meta": {
      "action": "ignore_micro",
      "serverPos": {
        "x": 34.98932260550336,
        "y": 1,
        "z": -186.7297790571668
      },
      "replayPos": {
        "x": 34.98932260550336,
        "y": 1,
        "z": -186.7297790571668
      },
      "renderPos": {
        "x": 35.04645254719451,
        "y": 1,
        "z": -186.7438809061414
      },
      "pendingInputs": 2000,
      "firstPendingFrame": 12796,
      "lastProcessedFrame": 14791
    },
    "timestamp": 523878.8999999985
  },
  {
    "frame": 23953,
    "type": "server_correction",
    "id": "uZ6ut5Zch6ROY6O5AAAX",
    "delta": 0.05884464616374988,
    "meta": {
      "action": "ignore_micro",
      "serverPos": {
        "x": 34.98932260550336,
        "y": 1,
        "z": -186.7297790571668
      },
      "replayPos": {
        "x": 34.98932260550336,
        "y": 1,
        "z": -186.7297790571668
      },
      "renderPos": {
        "x": 35.04645254719451,
        "y": 1,
        "z": -186.7438809061414
      },
      "pendingInputs": 2000,
      "firstPendingFrame": 12798,
      "lastProcessedFrame": 14793
    },
    "timestamp": 523921.8999999985
  },
  {
    "frame": 23956,
    "type": "server_correction",
    "id": "uZ6ut5Zch6ROY6O5AAAX",
    "delta": 0.05884464616374988,
    "meta": {
      "action": "ignore_micro",
      "serverPos": {
        "x": 34.98932260550336,
        "y": 1,
        "z": -186.7297790571668
      },
      "replayPos": {
        "x": 34.98932260550336,
        "y": 1,
        "z": -186.7297790571668
      },
      "renderPos": {
        "x": 35.04645254719451,
        "y": 1,
        "z": -186.7438809061414
      },
      "pendingInputs": 2000,
      "firstPendingFrame": 12800,
      "lastProcessedFrame": 14794
    },
    "timestamp": 523996.5
  },
  {
    "frame": 23959,
    "type": "server_correction",
    "id": "uZ6ut5Zch6ROY6O5AAAX",
    "delta": 0.05884464616374988,
    "meta": {
      "action": "ignore_micro",
      "serverPos": {
        "x": 34.98932260550336,
        "y": 1,
        "z": -186.7297790571668
      },
      "replayPos": {
        "x": 34.98932260550336,
        "y": 1,
        "z": -186.7297790571668
      },
      "renderPos": {
        "x": 35.04645254719451,
        "y": 1,
        "z": -186.7438809061414
      },
      "pendingInputs": 2000,
      "firstPendingFrame": 12802,
      "lastProcessedFrame": 14796
    },
    "timestamp": 524055.799999997
  },
  {
    "frame": 23962,
    "type": "server_correction",
    "id": "uZ6ut5Zch6ROY6O5AAAX",
    "delta": 0.05884464616374988,
    "meta": {
      "action": "ignore_micro",
      "serverPos": {
        "x": 34.98932260550336,
        "y": 1,
        "z": -186.7297790571668
      },
      "replayPos": {
        "x": 34.98932260550336,
        "y": 1,
        "z": -186.7297790571668
      },
      "renderPos": {
        "x": 35.04645254719451,
        "y": 1,
        "z": -186.7438809061414
      },
      "pendingInputs": 2000,
      "firstPendingFrame": 12804,
      "lastProcessedFrame": 14798
    },
    "timestamp": 524103.3999999985
  },
  {
    "frame": 23965,
    "type": "server_correction",
    "id": "uZ6ut5Zch6ROY6O5AAAX",
    "delta": 0.05884464616374988,
    "meta": {
      "action": "ignore_micro",
      "serverPos": {
        "x": 34.98932260550336,
        "y": 1,
        "z": -186.7297790571668
      },
      "replayPos": {
        "x": 34.98932260550336,
        "y": 1,
        "z": -186.7297790571668
      },
      "renderPos": {
        "x": 35.04645254719451,
        "y": 1,
        "z": -186.7438809061414
      },
      "pendingInputs": 2000,
      "firstPendingFrame": 12806,
      "lastProcessedFrame": 14800
    },
    "timestamp": 524185
  },
  {
    "frame": 23968,
    "type": "server_correction",
    "id": "uZ6ut5Zch6ROY6O5AAAX",
    "delta": 0.05884464616374988,
    "meta": {
      "action": "ignore_micro",
      "serverPos": {
        "x": 34.98932260550336,
        "y": 1,
        "z": -186.7297790571668
      },
      "replayPos": {
        "x": 34.98932260550336,
        "y": 1,
        "z": -186.7297790571668
      },
      "renderPos": {
        "x": 35.04645254719451,
        "y": 1,
        "z": -186.7438809061414
      },
      "pendingInputs": 2000,
      "firstPendingFrame": 12808,
      "lastProcessedFrame": 14802
    },
    "timestamp": 524266
  },
  {
    "frame": 23971,
    "type": "server_correction",
    "id": "uZ6ut5Zch6ROY6O5AAAX",
    "delta": 0.05884464616374988,
    "meta": {
      "action": "ignore_micro",
      "serverPos": {
        "x": 34.98932260550336,
        "y": 1,
        "z": -186.7297790571668
      },
      "replayPos": {
        "x": 34.98932260550336,
        "y": 1,
        "z": -186.7297790571668
      },
      "renderPos": {
        "x": 35.04645254719451,
        "y": 1,
        "z": -186.7438809061414
      },
      "pendingInputs": 2000,
      "firstPendingFrame": 12809,
      "lastProcessedFrame": 14804
    },
    "timestamp": 524279.69999999925
  },
  {
    "frame": 23974,
    "type": "server_correction",
    "id": "uZ6ut5Zch6ROY6O5AAAX",
    "delta": 0.05884464616374988,
    "meta": {
      "action": "ignore_micro",
      "serverPos": {
        "x": 34.98932260550336,
        "y": 1,
        "z": -186.7297790571668
      },
      "replayPos": {
        "x": 34.98932260550336,
        "y": 1,
        "z": -186.7297790571668
      },
      "renderPos": {
        "x": 35.04645254719451,
        "y": 1,
        "z": -186.7438809061414
      },
      "pendingInputs": 2000,
      "firstPendingFrame": 12811,
      "lastProcessedFrame": 14805
    },
    "timestamp": 524377.799999997
  },
  {
    "frame": 23977,
    "type": "server_correction",
    "id": "uZ6ut5Zch6ROY6O5AAAX",
    "delta": 0.05884464616374988,
    "meta": {
      "action": "ignore_micro",
      "serverPos": {
        "x": 34.98932260550336,
        "y": 1,
        "z": -186.7297790571668
      },
      "replayPos": {
        "x": 34.98932260550336,
        "y": 1,
        "z": -186.7297790571668
      },
      "renderPos": {
        "x": 35.04645254719451,
        "y": 1,
        "z": -186.7438809061414
      },
      "pendingInputs": 2000,
      "firstPendingFrame": 12812,
      "lastProcessedFrame": 14807
    },
    "timestamp": 524477.1999999993
  },
  {
    "frame": 23980,
    "type": "server_correction",
    "id": "uZ6ut5Zch6ROY6O5AAAX",
    "delta": 0.05884464616374988,
    "meta": {
      "action": "ignore_micro",
      "serverPos": {
        "x": 34.98932260550336,
        "y": 1,
        "z": -186.7297790571668
      },
      "replayPos": {
        "x": 34.98932260550336,
        "y": 1,
        "z": -186.7297790571668
      },
      "renderPos": {
        "x": 35.04645254719451,
        "y": 1,
        "z": -186.7438809061414
      },
      "pendingInputs": 2000,
      "firstPendingFrame": 12813,
      "lastProcessedFrame": 14808
    },
    "timestamp": 524486.299999997
  },
  {
    "frame": 23983,
    "type": "server_correction",
    "id": "uZ6ut5Zch6ROY6O5AAAX",
    "delta": 0.05884464616374988,
    "meta": {
      "action": "ignore_micro",
      "serverPos": {
        "x": 34.98932260550336,
        "y": 1,
        "z": -186.7297790571668
      },
      "replayPos": {
        "x": 34.98932260550336,
        "y": 1,
        "z": -186.7297790571668
      },
      "renderPos": {
        "x": 35.04645254719451,
        "y": 1,
        "z": -186.7438809061414
      },
      "pendingInputs": 2000,
      "firstPendingFrame": 12814,
      "lastProcessedFrame": 14809
    },
    "timestamp": 524519.0999999978
  },
  {
    "frame": 23986,
    "type": "server_correction",
    "id": "uZ6ut5Zch6ROY6O5AAAX",
    "delta": 0.05884464616374988,
    "meta": {
      "action": "ignore_micro",
      "serverPos": {
        "x": 34.98932260550336,
        "y": 1,
        "z": -186.7297790571668
      },
      "replayPos": {
        "x": 34.98932260550336,
        "y": 1,
        "z": -186.7297790571668
      },
      "renderPos": {
        "x": 35.04645254719451,
        "y": 1,
        "z": -186.7438809061414
      },
      "pendingInputs": 2000,
      "firstPendingFrame": 12816,
      "lastProcessedFrame": 14810
    },
    "timestamp": 524608.5
  },
  {
    "frame": 23989,
    "type": "server_correction",
    "id": "uZ6ut5Zch6ROY6O5AAAX",
    "delta": 0.05884464616374988,
    "meta": {
      "action": "ignore_micro",
      "serverPos": {
        "x": 34.98932260550336,
        "y": 1,
        "z": -186.7297790571668
      },
      "replayPos": {
        "x": 34.98932260550336,
        "y": 1,
        "z": -186.7297790571668
      },
      "renderPos": {
        "x": 35.04645254719451,
        "y": 1,
        "z": -186.7438809061414
      },
      "pendingInputs": 2000,
      "firstPendingFrame": 12818,
      "lastProcessedFrame": 14812
    },
    "timestamp": 524660
  },
  {
    "frame": 23992,
    "type": "server_correction",
    "id": "uZ6ut5Zch6ROY6O5AAAX",
    "delta": 0.05884464616374988,
    "meta": {
      "action": "ignore_micro",
      "serverPos": {
        "x": 34.98932260550336,
        "y": 1,
        "z": -186.7297790571668
      },
      "replayPos": {
        "x": 34.98932260550336,
        "y": 1,
        "z": -186.7297790571668
      },
      "renderPos": {
        "x": 35.04645254719451,
        "y": 1,
        "z": -186.7438809061414
      },
      "pendingInputs": 2000,
      "firstPendingFrame": 12820,
      "lastProcessedFrame": 14814
    },
    "timestamp": 524735.6999999993
  },
  {
    "frame": 23994,
    "type": "server_correction",
    "id": "uZ6ut5Zch6ROY6O5AAAX",
    "delta": 0.05884464616374988,
    "meta": {
      "action": "ignore_micro",
      "serverPos": {
        "x": 34.98932260550336,
        "y": 1,
        "z": -186.7297790571668
      },
      "replayPos": {
        "x": 34.98932260550336,
        "y": 1,
        "z": -186.7297790571668
      },
      "renderPos": {
        "x": 35.04645254719451,
        "y": 1,
        "z": -186.7438809061414
      },
      "pendingInputs": 2000,
      "firstPendingFrame": 12821,
      "lastProcessedFrame": 14815
    },
    "timestamp": 524781
  },
  {
    "frame": 23997,
    "type": "server_correction",
    "id": "uZ6ut5Zch6ROY6O5AAAX",
    "delta": 0.05884464616374988,
    "meta": {
      "action": "ignore_micro",
      "serverPos": {
        "x": 34.98932260550336,
        "y": 1,
        "z": -186.7297790571668
      },
      "replayPos": {
        "x": 34.98932260550336,
        "y": 1,
        "z": -186.7297790571668
      },
      "renderPos": {
        "x": 35.04645254719451,
        "y": 1,
        "z": -186.7438809061414
      },
      "pendingInputs": 2000,
      "firstPendingFrame": 12822,
      "lastProcessedFrame": 14817
    },
    "timestamp": 524845.8999999985
  },
  {
    "frame": 24000,
    "type": "server_correction",
    "id": "uZ6ut5Zch6ROY6O5AAAX",
    "delta": 0.05884464616374988,
    "meta": {
      "action": "ignore_micro",
      "serverPos": {
        "x": 34.98932260550336,
        "y": 1,
        "z": -186.7297790571668
      },
      "replayPos": {
        "x": 34.98932260550336,
        "y": 1,
        "z": -186.7297790571668
      },
      "renderPos": {
        "x": 35.04645254719451,
        "y": 1,
        "z": -186.7438809061414
      },
      "pendingInputs": 2000,
      "firstPendingFrame": 12824,
      "lastProcessedFrame": 14819
    },
    "timestamp": 524899.6999999993
  },
  {
    "frame": 24003,
    "type": "server_correction",
    "id": "uZ6ut5Zch6ROY6O5AAAX",
    "delta": 0.05884464616374988,
    "meta": {
      "action": "ignore_micro",
      "serverPos": {
        "x": 34.98932260550336,
        "y": 1,
        "z": -186.7297790571668
      },
      "replayPos": {
        "x": 34.98932260550336,
        "y": 1,
        "z": -186.7297790571668
      },
      "renderPos": {
        "x": 35.04645254719451,
        "y": 1,
        "z": -186.7438809061414
      },
      "pendingInputs": 2000,
      "firstPendingFrame": 12825,
      "lastProcessedFrame": 14820
    },
    "timestamp": 525037.5999999978
  },
  {
    "frame": 24006,
    "type": "server_correction",
    "id": "uZ6ut5Zch6ROY6O5AAAX",
    "delta": 0.05884464616374988,
    "meta": {
      "action": "ignore_micro",
      "serverPos": {
        "x": 34.98932260550336,
        "y": 1,
        "z": -186.7297790571668
      },
      "replayPos": {
        "x": 34.98932260550336,
        "y": 1,
        "z": -186.7297790571668
      },
      "renderPos": {
        "x": 35.04645254719451,
        "y": 1,
        "z": -186.7438809061414
      },
      "pendingInputs": 2000,
      "firstPendingFrame": 12827,
      "lastProcessedFrame": 14821
    },
    "timestamp": 525232.799999997
  },
  {
    "frame": 24009,
    "type": "server_correction",
    "id": "uZ6ut5Zch6ROY6O5AAAX",
    "delta": 0.05884464616374988,
    "meta": {
      "action": "ignore_micro",
      "serverPos": {
        "x": 34.98932260550336,
        "y": 1,
        "z": -186.7297790571668
      },
      "replayPos": {
        "x": 34.98932260550336,
        "y": 1,
        "z": -186.7297790571668
      },
      "renderPos": {
        "x": 35.04645254719451,
        "y": 1,
        "z": -186.7438809061414
      },
      "pendingInputs": 2000,
      "firstPendingFrame": 12828,
      "lastProcessedFrame": 14823
    },
    "timestamp": 525246.299999997
  },
  {
    "frame": 24012,
    "type": "server_correction",
    "id": "uZ6ut5Zch6ROY6O5AAAX",
    "delta": 0.05884464616374988,
    "meta": {
      "action": "ignore_micro",
      "serverPos": {
        "x": 34.98932260550336,
        "y": 1,
        "z": -186.7297790571668
      },
      "replayPos": {
        "x": 34.98932260550336,
        "y": 1,
        "z": -186.7297790571668
      },
      "renderPos": {
        "x": 35.04645254719451,
        "y": 1,
        "z": -186.7438809061414
      },
      "pendingInputs": 2000,
      "firstPendingFrame": 12828,
      "lastProcessedFrame": 14824
    },
    "timestamp": 525253.8999999985
  },
  {
    "frame": 24018,
    "type": "server_correction",
    "id": "uZ6ut5Zch6ROY6O5AAAX",
    "delta": 0.05884464616374988,
    "meta": {
      "action": "ignore_micro",
      "serverPos": {
        "x": 34.98932260550336,
        "y": 1,
        "z": -186.7297790571668
      },
      "replayPos": {
        "x": 34.98932260550336,
        "y": 1,
        "z": -186.7297790571668
      },
      "renderPos": {
        "x": 35.04645254719451,
        "y": 1,
        "z": -186.7438809061414
      },
      "pendingInputs": 2000,
      "firstPendingFrame": 12830,
      "lastProcessedFrame": 14825
    },
    "timestamp": 525404.1999999993
  },
  {
    "frame": 24023,
    "type": "server_correction",
    "id": "uZ6ut5Zch6ROY6O5AAAX",
    "delta": 0.05884464616374988,
    "meta": {
      "action": "ignore_micro",
      "serverPos": {
        "x": 34.98932260550336,
        "y": 1,
        "z": -186.7297790571668
      },
      "replayPos": {
        "x": 34.98932260550336,
        "y": 1,
        "z": -186.7297790571668
      },
      "renderPos": {
        "x": 35.04645254719451,
        "y": 1,
        "z": -186.7438809061414
      },
      "pendingInputs": 2000,
      "firstPendingFrame": 12830,
      "lastProcessedFrame": 14826
    },
    "timestamp": 525417.6999999993
  },
  {
    "frame": 24026,
    "type": "server_correction",
    "id": "uZ6ut5Zch6ROY6O5AAAX",
    "delta": 0.05884464616374988,
    "meta": {
      "action": "ignore_micro",
      "serverPos": {
        "x": 34.98932260550336,
        "y": 1,
        "z": -186.7297790571668
      },
      "replayPos": {
        "x": 34.98932260550336,
        "y": 1,
        "z": -186.7297790571668
      },
      "renderPos": {
        "x": 35.04645254719451,
        "y": 1,
        "z": -186.7438809061414
      },
      "pendingInputs": 2000,
      "firstPendingFrame": 12831,
      "lastProcessedFrame": 14827
    },
    "timestamp": 525473
  },
  {
    "frame": 24031,
    "type": "server_correction",
    "id": "uZ6ut5Zch6ROY6O5AAAX",
    "delta": 0.05884464616374988,
    "meta": {
      "action": "ignore_micro",
      "serverPos": {
        "x": 34.98932260550336,
        "y": 1,
        "z": -186.7297790571668
      },
      "replayPos": {
        "x": 34.98932260550336,
        "y": 1,
        "z": -186.7297790571668
      },
      "renderPos": {
        "x": 35.04645254719451,
        "y": 1,
        "z": -186.7438809061414
      },
      "pendingInputs": 2000,
      "firstPendingFrame": 12831,
      "lastProcessedFrame": 14829
    },
    "timestamp": 525554.5999999978
  },
  {
    "frame": 24034,
    "type": "server_correction",
    "id": "uZ6ut5Zch6ROY6O5AAAX",
    "delta": 0.05884464616374988,
    "meta": {
      "action": "ignore_micro",
      "serverPos": {
        "x": 34.98932260550336,
        "y": 1,
        "z": -186.7297790571668
      },
      "replayPos": {
        "x": 34.98932260550336,
        "y": 1,
        "z": -186.7297790571668
      },
      "renderPos": {
        "x": 35.04645254719451,
        "y": 1,
        "z": -186.7438809061414
      },
      "pendingInputs": 2000,
      "firstPendingFrame": 12831,
      "lastProcessedFrame": 14830
    },
    "timestamp": 525673.5999999978
  }
]